,0,1,2,3,4,5,6,7,8,9,10,11,12,13,14,15,16,17,18,19,20,21,22,23,24,25,26,27,28,29,30,31,32,33,34,35,36,37,38,39,40,41,42,43,44,45,46,47,48,49,50,51,52,53,54
Aruba,7780,19199,0,0,0.0+/-0,0.0+/-0,0.0+/-0,0.0+/-0,0.0+/-0,0.0+/-0,0.0+/-0,0.0+/-0,0.0+/-0,0.0+/-0,0.0+/-0,0.0+/-0,0.0+/-0,0.0+/-0,0.0+/-0,0.0+/-0,0.0+/-0,0.0+/-0,0.0+/-0,0.0+/-0,0.0+/-0,0.0+/-0,0.0+/-0,0.0+/-0,0.0+/-0,0.0+/-0,0.0+/-0,0.0+/-0,0.0+/-0,0.0+/-0,0.0+/-0,0.0+/-0,0.0+/-0,0.0+/-0,0.0+/-0,0.0+/-0,0.0+/-0,0.0+/-0,0.0+/-0,0.0+/-0,0.0+/-0,0.0+/-0,0.0+/-0,0.0+/-0,0.0+/-0,0.0+/-0,0.0+/-0,0.0+/-0,0.0+/-0,0.0+/-0,0.0+/-0
Afghanistan,1131504,2811747,0,0,(2.0+/-1.1)e+05,(2.0+/-1.1)e+05,(2.0+/-1.1)e+05,(2.0+/-1.1)e+05,(2.0+/-1.1)e+05,(2.0+/-1.1)e+05,(2.0+/-1.1)e+05,(2.0+/-1.1)e+05,(2.0+/-1.1)e+05,(2.0+/-1.1)e+05,(2.0+/-1.1)e+05,(2.0+/-1.1)e+05,(2.0+/-1.1)e+05,(2.0+/-1.1)e+05,(2.0+/-1.1)e+05,(2.0+/-1.1)e+05,(2.0+/-1.1)e+05,(2.0+/-1.1)e+05,(2.0+/-1.1)e+05,(2.0+/-1.1)e+05,(2.0+/-1.1)e+05,(2.0+/-1.1)e+05,(2.0+/-1.1)e+05,(2.0+/-1.1)e+05,(2.0+/-1.1)e+05,(2.0+/-1.1)e+05,(2.0+/-1.1)e+05,(2.0+/-1.1)e+05,(2.0+/-1.1)e+05,(2.0+/-1.1)e+05,(2.0+/-1.1)e+05,(2.0+/-1.1)e+05,(2.0+/-1.1)e+05,(2.0+/-1.1)e+05,(2.0+/-1.1)e+05,(2.0+/-1.1)e+05,(2.0+/-1.1)e+05,(2.0+/-1.1)e+05,(2.0+/-1.1)e+05,(2.0+/-1.1)e+05,(2.0+/-1.1)e+05,(2.0+/-1.1)e+05,(2.0+/-1.1)e+05,(2.0+/-1.1)e+05,(2.0+/-1.1)e+05,(2.0+/-1.1)e+05,(2.0+/-1.1)e+05,(2.0+/-1.1)e+05,(2.0+/-1.1)e+05,(2.0+/-1.1)e+05,(2.0+/-1.1)e+05
Angola,1197635,4410067,0,0,0.0+/-0,0.0+/-0,0.0+/-0,0.0+/-0,0.0+/-0,0.0+/-0,0.0+/-0,0.0+/-0,0.0+/-0,0.0+/-0,0.0+/-0,0.0+/-0,0.0+/-0,0.0+/-0,0.0+/-0,0.0+/-0,0.0+/-0,0.0+/-0,0.0+/-0,0.0+/-0,0.0+/-0,0.0+/-0,0.0+/-0,0.0+/-0,0.0+/-0,0.0+/-0,0.0+/-0,0.0+/-0,0.0+/-0,0.0+/-0,0.0+/-0,0.0+/-0,0.0+/-0,0.0+/-0,0.0+/-0,0.0+/-0,0.0+/-0,0.0+/-0,0.0+/-0,0.0+/-0,0.0+/-0,0.0+/-0,0.0+/-0,0.0+/-0,0.0+/-0,0.0+/-0,0.0+/-0,0.0+/-0,0.0+/-0,0.0+/-0,0.0+/-0
Albania,206910,463254,0,0,(2.7+/-1.5)e+05,(2.7+/-1.5)e+05,(2.7+/-1.5)e+05,(2.7+/-1.5)e+05,(2.7+/-1.5)e+05,(2.7+/-1.5)e+05,(2.7+/-1.5)e+05,(2.7+/-1.5)e+05,(2.7+/-1.5)e+05,(2.7+/-1.5)e+05,(2.7+/-1.5)e+05,(2.7+/-1.5)e+05,(2.7+/-1.5)e+05,(2.7+/-1.5)e+05,(2.7+/-1.5)e+05,(2.7+/-1.5)e+05,(2.7+/-1.5)e+05,(2.7+/-1.5)e+05,(2.7+/-1.5)e+05,(2.7+/-1.5)e+05,(2.7+/-1.5)e+05,(2.7+/-1.5)e+05,(2.7+/-1.5)e+05,(2.7+/-1.5)e+05,(2.7+/-1.5)e+05,(2.7+/-1.5)e+05,(2.7+/-1.5)e+05,(2.7+/-1.5)e+05,(2.7+/-1.5)e+05,(2.7+/-1.5)e+05,(2.7+/-1.5)e+05,(2.7+/-1.5)e+05,(2.7+/-1.5)e+05,(2.7+/-1.5)e+05,(2.7+/-1.5)e+05,(2.7+/-1.5)e+05,(2.7+/-1.5)e+05,(2.7+/-1.5)e+05,(2.7+/-1.5)e+05,(2.7+/-1.5)e+05,(2.7+/-1.5)e+05,(2.7+/-1.5)e+05,(2.7+/-1.5)e+05,(2.7+/-1.5)e+05,(2.7+/-1.5)e+05,(2.7+/-1.5)e+05,(2.7+/-1.5)e+05,(2.7+/-1.5)e+05,(2.7+/-1.5)e+05,(2.7+/-1.5)e+05,(2.7+/-1.5)e+05
Andorra,5739,15955,0,0,(1.9+/-1.1)e+04,(1.9+/-1.1)e+04,(1.9+/-1.1)e+04,(1.9+/-1.1)e+04,(1.9+/-1.1)e+04,(1.9+/-1.1)e+04,(1.9+/-1.1)e+04,(1.9+/-1.1)e+04,(1.9+/-1.1)e+04,(1.9+/-1.1)e+04,(1.9+/-1.1)e+04,(1.9+/-1.1)e+04,(1.9+/-1.1)e+04,(1.9+/-1.1)e+04,(1.9+/-1.1)e+04,(1.9+/-1.1)e+04,(1.9+/-1.1)e+04,(1.9+/-1.1)e+04,(1.9+/-1.1)e+04,(1.9+/-1.1)e+04,(1.9+/-1.1)e+04,(1.9+/-1.1)e+04,(1.9+/-1.1)e+04,(1.9+/-1.1)e+04,(1.9+/-1.1)e+04,(1.9+/-1.1)e+04,(1.9+/-1.1)e+04,(1.9+/-1.1)e+04,(1.9+/-1.1)e+04,(1.9+/-1.1)e+04,(1.9+/-1.1)e+04,(1.9+/-1.1)e+04,(1.9+/-1.1)e+04,(1.9+/-1.1)e+04,(1.9+/-1.1)e+04,(1.9+/-1.1)e+04,(1.9+/-1.1)e+04,(1.9+/-1.1)e+04,(1.9+/-1.1)e+04,(1.9+/-1.1)e+04,(1.9+/-1.1)e+04,(1.9+/-1.1)e+04,(1.9+/-1.1)e+04,(1.9+/-1.1)e+04,(1.9+/-1.1)e+04,(1.9+/-1.1)e+04,(1.9+/-1.1)e+04,(1.9+/-1.1)e+04,(1.9+/-1.1)e+04,(1.9+/-1.1)e+04,(1.9+/-1.1)e+04
United Arab Emirates,846149,2156843,0,0,(8+/-5)e+06,(8+/-5)e+06,(8+/-5)e+06,(8+/-5)e+06,(8+/-5)e+06,(8+/-5)e+06,(8+/-5)e+06,(8+/-5)e+06,(8+/-5)e+06,(8+/-5)e+06,(8+/-5)e+06,(8+/-5)e+06,(8+/-5)e+06,(8+/-5)e+06,(8+/-5)e+06,(8+/-5)e+06,(8+/-5)e+06,(8+/-5)e+06,(8+/-5)e+06,(8+/-5)e+06,(8+/-5)e+06,(8+/-5)e+06,(8+/-5)e+06,(8+/-5)e+06,(8+/-5)e+06,(8+/-5)e+06,(8+/-5)e+06,(8+/-5)e+06,(8+/-5)e+06,(8+/-5)e+06,(8+/-5)e+06,(8+/-5)e+06,(8+/-5)e+06,(8+/-5)e+06,(8+/-5)e+06,(8+/-5)e+06,(8+/-5)e+06,(8+/-5)e+06,(8+/-5)e+06,(8+/-5)e+06,(8+/-5)e+06,(8+/-5)e+06,(8+/-5)e+06,(8+/-5)e+06,(8+/-5)e+06,(8+/-5)e+06,(8+/-5)e+06,(8+/-5)e+06,(8+/-5)e+06,(8+/-5)e+06,(8+/-5)e+06
Argentina,2516635,8179552,0,0,(1.7+/-1.0)e+07,(1.7+/-1.0)e+07,(1.7+/-1.0)e+07,(1.7+/-1.0)e+07,(1.7+/-1.0)e+07,(1.7+/-1.0)e+07,(1.7+/-1.0)e+07,(1.7+/-1.0)e+07,(1.7+/-1.0)e+07,(1.7+/-1.0)e+07,(1.7+/-1.0)e+07,(1.7+/-1.0)e+07,(1.7+/-1.0)e+07,(1.7+/-1.0)e+07,(1.7+/-1.0)e+07,(1.7+/-1.0)e+07,(1.7+/-1.0)e+07,(1.7+/-1.0)e+07,(1.7+/-1.0)e+07,(1.7+/-1.0)e+07,(1.7+/-1.0)e+07,(1.7+/-1.0)e+07,(1.7+/-1.0)e+07,(1.7+/-1.0)e+07,(1.7+/-1.0)e+07,(1.7+/-1.0)e+07,(1.7+/-1.0)e+07,(1.7+/-1.0)e+07,(1.7+/-1.0)e+07,(1.7+/-1.0)e+07,(1.7+/-1.0)e+07,(1.7+/-1.0)e+07,(1.7+/-1.0)e+07,(1.7+/-1.0)e+07,(1.7+/-1.0)e+07,(1.7+/-1.0)e+07,(1.7+/-1.0)e+07,(1.7+/-1.0)e+07,(1.7+/-1.0)e+07,(1.7+/-1.0)e+07,(1.7+/-1.0)e+07,(1.7+/-1.0)e+07,(1.7+/-1.0)e+07,(1.7+/-1.0)e+07,(1.7+/-1.0)e+07,(1.7+/-1.0)e+07,(1.7+/-1.0)e+07,(1.7+/-1.0)e+07,(1.7+/-1.0)e+07,(1.7+/-1.0)e+07,(1.7+/-1.0)e+07
Armenia,208858,448854,0,0,(3.8+/-2.1)e+05,(3.8+/-2.1)e+05,(3.8+/-2.1)e+05,(3.8+/-2.1)e+05,(3.8+/-2.1)e+05,(3.8+/-2.1)e+05,(3.8+/-2.1)e+05,(3.8+/-2.1)e+05,(3.8+/-2.1)e+05,(3.8+/-2.1)e+05,(3.8+/-2.1)e+05,(3.8+/-2.1)e+05,(3.8+/-2.1)e+05,(3.8+/-2.1)e+05,(3.8+/-2.1)e+05,(3.8+/-2.1)e+05,(3.8+/-2.1)e+05,(3.8+/-2.1)e+05,(3.8+/-2.1)e+05,(3.8+/-2.1)e+05,(3.8+/-2.1)e+05,(3.8+/-2.1)e+05,(3.8+/-2.1)e+05,(3.8+/-2.1)e+05,(3.8+/-2.1)e+05,(3.8+/-2.1)e+05,(3.8+/-2.1)e+05,(3.8+/-2.1)e+05,(3.8+/-2.1)e+05,(3.8+/-2.1)e+05,(3.8+/-2.1)e+05,(3.8+/-2.1)e+05,(3.8+/-2.1)e+05,(3.8+/-2.1)e+05,(3.8+/-2.1)e+05,(3.8+/-2.1)e+05,(3.8+/-2.1)e+05,(3.8+/-2.1)e+05,(3.8+/-2.1)e+05,(3.8+/-2.1)e+05,(3.8+/-2.1)e+05,(3.8+/-2.1)e+05,(3.8+/-2.1)e+05,(3.8+/-2.1)e+05,(3.8+/-2.1)e+05,(3.8+/-2.1)e+05,(3.8+/-2.1)e+05,(3.8+/-2.1)e+05,(3.8+/-2.1)e+05,(3.8+/-2.1)e+05,(3.8+/-2.1)e+05
American Samoa,6748,16251,0,0,0.0+/-0,0.0+/-0,0.0+/-0,0.0+/-0,0.0+/-0,0.0+/-0,0.0+/-0,0.0+/-0,0.0+/-0,0.0+/-0,0.0+/-0,0.0+/-0,0.0+/-0,0.0+/-0,0.0+/-0,0.0+/-0,0.0+/-0,0.0+/-0,0.0+/-0,0.0+/-0,0.0+/-0,0.0+/-0,0.0+/-0,0.0+/-0,0.0+/-0,0.0+/-0,0.0+/-0,0.0+/-0,0.0+/-0,0.0+/-0,0.0+/-0,0.0+/-0,0.0+/-0,0.0+/-0,0.0+/-0,0.0+/-0,0.0+/-0,0.0+/-0,0.0+/-0,0.0+/-0,0.0+/-0,0.0+/-0,0.0+/-0,0.0+/-0,0.0+/-0,0.0+/-0,0.0+/-0,0.0+/-0,0.0+/-0,0.0+/-0,0.0+/-0
Antigua and Barbuda,7072,11531,0,0,(7+/-4)e+03,(7+/-4)e+03,(7+/-4)e+03,(7+/-4)e+03,(7+/-4)e+03,(7+/-4)e+03,(7+/-4)e+03,(7+/-4)e+03,(7+/-4)e+03,(7+/-4)e+03,(7+/-4)e+03,(7+/-4)e+03,(7+/-4)e+03,(7+/-4)e+03,(7+/-4)e+03,(7+/-4)e+03,(7+/-4)e+03,(7+/-4)e+03,(7+/-4)e+03,(7+/-4)e+03,(7+/-4)e+03,(7+/-4)e+03,(7+/-4)e+03,(7+/-4)e+03,(7+/-4)e+03,(7+/-4)e+03,(7+/-4)e+03,(7+/-4)e+03,(7+/-4)e+03,(7+/-4)e+03,(7+/-4)e+03,(7+/-4)e+03,(7+/-4)e+03,(7+/-4)e+03,(7+/-4)e+03,(7+/-4)e+03,(7+/-4)e+03,(7+/-4)e+03,(7+/-4)e+03,(7+/-4)e+03,(7+/-4)e+03,(7+/-4)e+03,(7+/-4)e+03,(7+/-4)e+03,(7+/-4)e+03,(7+/-4)e+03,(7+/-4)e+03,(7+/-4)e+03,(7+/-4)e+03,(7+/-4)e+03,(7+/-4)e+03
Australia,1956618,4359765,0,0,(1.4+/-0.8)e+07,(1.4+/-0.8)e+07,(1.4+/-0.8)e+07,(1.4+/-0.8)e+07,(1.4+/-0.8)e+07,(1.4+/-0.8)e+07,(1.4+/-0.8)e+07,(1.4+/-0.8)e+07,(1.4+/-0.8)e+07,(1.4+/-0.8)e+07,(1.4+/-0.8)e+07,(1.4+/-0.8)e+07,(1.4+/-0.8)e+07,(1.4+/-0.8)e+07,(1.4+/-0.8)e+07,(1.4+/-0.8)e+07,(1.4+/-0.8)e+07,(1.4+/-0.8)e+07,(1.4+/-0.8)e+07,(1.4+/-0.8)e+07,(1.4+/-0.8)e+07,(1.4+/-0.8)e+07,(1.4+/-0.8)e+07,(1.4+/-0.8)e+07,(1.4+/-0.8)e+07,(1.4+/-0.8)e+07,(1.4+/-0.8)e+07,(1.4+/-0.8)e+07,(1.4+/-0.8)e+07,(1.4+/-0.8)e+07,(1.4+/-0.8)e+07,(1.4+/-0.8)e+07,(1.4+/-0.8)e+07,(1.4+/-0.8)e+07,(1.4+/-0.8)e+07,(1.4+/-0.8)e+07,(1.4+/-0.8)e+07,(1.4+/-0.8)e+07,(1.4+/-0.8)e+07,(1.4+/-0.8)e+07,(1.4+/-0.8)e+07,(1.4+/-0.8)e+07,(1.4+/-0.8)e+07,(1.4+/-0.8)e+07,(1.4+/-0.8)e+07,(1.4+/-0.8)e+07,(1.4+/-0.8)e+07,(1.4+/-0.8)e+07,(1.4+/-0.8)e+07,(1.4+/-0.8)e+07,(1.4+/-0.8)e+07
Austria,712114,1557540,0,0,(1.3+/-0.7)e+07,(1.3+/-0.7)e+07,(1.3+/-0.7)e+07,(1.3+/-0.7)e+07,(1.3+/-0.7)e+07,(1.3+/-0.7)e+07,(1.3+/-0.7)e+07,(1.3+/-0.7)e+07,(1.3+/-0.7)e+07,(1.3+/-0.7)e+07,(1.3+/-0.7)e+07,(1.3+/-0.7)e+07,(1.3+/-0.7)e+07,(1.3+/-0.7)e+07,(1.3+/-0.7)e+07,(1.3+/-0.7)e+07,(1.3+/-0.7)e+07,(1.3+/-0.7)e+07,(1.3+/-0.7)e+07,(1.3+/-0.7)e+07,(1.3+/-0.7)e+07,(1.3+/-0.7)e+07,(1.3+/-0.7)e+07,(1.3+/-0.7)e+07,(1.3+/-0.7)e+07,(1.3+/-0.7)e+07,(1.3+/-0.7)e+07,(1.3+/-0.7)e+07,(1.3+/-0.7)e+07,(1.3+/-0.7)e+07,(1.3+/-0.7)e+07,(1.3+/-0.7)e+07,(1.3+/-0.7)e+07,(1.3+/-0.7)e+07,(1.3+/-0.7)e+07,(1.3+/-0.7)e+07,(1.3+/-0.7)e+07,(1.3+/-0.7)e+07,(1.3+/-0.7)e+07,(1.3+/-0.7)e+07,(1.3+/-0.7)e+07,(1.3+/-0.7)e+07,(1.3+/-0.7)e+07,(1.3+/-0.7)e+07,(1.3+/-0.7)e+07,(1.3+/-0.7)e+07,(1.3+/-0.7)e+07,(1.3+/-0.7)e+07,(1.3+/-0.7)e+07,(1.3+/-0.7)e+07,(1.3+/-0.7)e+07
Azerbaijan,630532,1286959,0,0,(5.5+/-3.0)e+05,(5.5+/-3.0)e+05,(5.5+/-3.0)e+05,(5.5+/-3.0)e+05,(5.5+/-3.0)e+05,(5.5+/-3.0)e+05,(5.5+/-3.0)e+05,(5.5+/-3.0)e+05,(5.5+/-3.0)e+05,(5.5+/-3.0)e+05,(5.5+/-3.0)e+05,(5.5+/-3.0)e+05,(5.5+/-3.0)e+05,(5.5+/-3.0)e+05,(5.5+/-3.0)e+05,(5.5+/-3.0)e+05,(5.5+/-3.0)e+05,(5.5+/-3.0)e+05,(5.5+/-3.0)e+05,(5.5+/-3.0)e+05,(5.5+/-3.0)e+05,(5.5+/-3.0)e+05,(5.5+/-3.0)e+05,(5.5+/-3.0)e+05,(5.5+/-3.0)e+05,(5.5+/-3.0)e+05,(5.5+/-3.0)e+05,(5.5+/-3.0)e+05,(5.5+/-3.0)e+05,(5.5+/-3.0)e+05,(5.5+/-3.0)e+05,(5.5+/-3.0)e+05,(5.5+/-3.0)e+05,(5.5+/-3.0)e+05,(5.5+/-3.0)e+05,(5.5+/-3.0)e+05,(5.5+/-3.0)e+05,(5.5+/-3.0)e+05,(5.5+/-3.0)e+05,(5.5+/-3.0)e+05,(5.5+/-3.0)e+05,(5.5+/-3.0)e+05,(5.5+/-3.0)e+05,(5.5+/-3.0)e+05,(5.5+/-3.0)e+05,(5.5+/-3.0)e+05,(5.5+/-3.0)e+05,(5.5+/-3.0)e+05,(5.5+/-3.0)e+05,(5.5+/-3.0)e+05,(5.5+/-3.0)e+05
Burundi,155059,493514,0,0,0.0+/-0,0.0+/-0,0.0+/-0,0.0+/-0,0.0+/-0,0.0+/-0,0.0+/-0,0.0+/-0,0.0+/-0,0.0+/-0,0.0+/-0,0.0+/-0,0.0+/-0,0.0+/-0,0.0+/-0,0.0+/-0,0.0+/-0,0.0+/-0,0.0+/-0,0.0+/-0,0.0+/-0,0.0+/-0,0.0+/-0,0.0+/-0,0.0+/-0,0.0+/-0,0.0+/-0,0.0+/-0,0.0+/-0,0.0+/-0,0.0+/-0,0.0+/-0,0.0+/-0,0.0+/-0,0.0+/-0,0.0+/-0,0.0+/-0,0.0+/-0,0.0+/-0,0.0+/-0,0.0+/-0,0.0+/-0,0.0+/-0,0.0+/-0,0.0+/-0,0.0+/-0,0.0+/-0,0.0+/-0,0.0+/-0,0.0+/-0,0.0+/-0
Belgium,699840,1569528,0,0,(1.0+/-0.6)e+07,(1.0+/-0.6)e+07,(1.0+/-0.6)e+07,(1.0+/-0.6)e+07,(1.0+/-0.6)e+07,(1.0+/-0.6)e+07,(1.0+/-0.6)e+07,(1.0+/-0.6)e+07,(1.0+/-0.6)e+07,(1.0+/-0.6)e+07,(1.0+/-0.6)e+07,(1.0+/-0.6)e+07,(1.0+/-0.6)e+07,(1.0+/-0.6)e+07,(1.0+/-0.6)e+07,(1.0+/-0.6)e+07,(1.0+/-0.6)e+07,(1.0+/-0.6)e+07,(1.0+/-0.6)e+07,(1.0+/-0.6)e+07,(1.0+/-0.6)e+07,(1.0+/-0.6)e+07,(1.0+/-0.6)e+07,(1.0+/-0.6)e+07,(1.0+/-0.6)e+07,(1.0+/-0.6)e+07,(1.0+/-0.6)e+07,(1.0+/-0.6)e+07,(1.0+/-0.6)e+07,(1.0+/-0.6)e+07,(1.0+/-0.6)e+07,(1.0+/-0.6)e+07,(1.0+/-0.6)e+07,(1.0+/-0.6)e+07,(1.0+/-0.6)e+07,(1.0+/-0.6)e+07,(1.0+/-0.6)e+07,(1.0+/-0.6)e+07,(1.0+/-0.6)e+07,(1.0+/-0.6)e+07,(1.0+/-0.6)e+07,(1.0+/-0.6)e+07,(1.0+/-0.6)e+07,(1.0+/-0.6)e+07,(1.0+/-0.6)e+07,(1.0+/-0.6)e+07,(1.0+/-0.6)e+07,(1.0+/-0.6)e+07,(1.0+/-0.6)e+07,(1.0+/-0.6)e+07,(1.0+/-0.6)e+07
Benin,936258,2873300,0,0,0.0+/-0,0.0+/-0,0.0+/-0,0.0+/-0,0.0+/-0,0.0+/-0,0.0+/-0,0.0+/-0,0.0+/-0,0.0+/-0,0.0+/-0,0.0+/-0,0.0+/-0,0.0+/-0,0.0+/-0,0.0+/-0,0.0+/-0,0.0+/-0,0.0+/-0,0.0+/-0,0.0+/-0,0.0+/-0,0.0+/-0,0.0+/-0,0.0+/-0,0.0+/-0,0.0+/-0,0.0+/-0,0.0+/-0,0.0+/-0,0.0+/-0,0.0+/-0,0.0+/-0,0.0+/-0,0.0+/-0,0.0+/-0,0.0+/-0,0.0+/-0,0.0+/-0,0.0+/-0,0.0+/-0,0.0+/-0,0.0+/-0,0.0+/-0,0.0+/-0,0.0+/-0,0.0+/-0,0.0+/-0,0.0+/-0,0.0+/-0,0.0+/-0
Burkina Faso,478407,1547478,0,0,0.0+/-0,0.0+/-0,0.0+/-0,0.0+/-0,0.0+/-0,0.0+/-0,0.0+/-0,0.0+/-0,0.0+/-0,0.0+/-0,0.0+/-0,0.0+/-0,0.0+/-0,0.0+/-0,0.0+/-0,0.0+/-0,0.0+/-0,0.0+/-0,0.0+/-0,0.0+/-0,0.0+/-0,0.0+/-0,0.0+/-0,0.0+/-0,0.0+/-0,0.0+/-0,0.0+/-0,0.0+/-0,0.0+/-0,0.0+/-0,0.0+/-0,0.0+/-0,0.0+/-0,0.0+/-0,0.0+/-0,0.0+/-0,0.0+/-0,0.0+/-0,0.0+/-0,0.0+/-0,0.0+/-0,0.0+/-0,0.0+/-0,0.0+/-0,0.0+/-0,0.0+/-0,0.0+/-0,0.0+/-0,0.0+/-0,0.0+/-0,0.0+/-0
Bangladesh,15374027,28627693,0,0,(1.9+/-1.0)e+07,(1.9+/-1.0)e+07,(1.9+/-1.0)e+07,(1.9+/-1.0)e+07,(1.9+/-1.0)e+07,(1.9+/-1.0)e+07,(1.9+/-1.0)e+07,(1.9+/-1.0)e+07,(1.9+/-1.0)e+07,(1.9+/-1.0)e+07,(1.9+/-1.0)e+07,(1.9+/-1.0)e+07,(1.9+/-1.0)e+07,(1.9+/-1.0)e+07,(1.9+/-1.0)e+07,(1.9+/-1.0)e+07,(1.9+/-1.0)e+07,(1.9+/-1.0)e+07,(1.9+/-1.0)e+07,(1.9+/-1.0)e+07,(1.9+/-1.0)e+07,(1.9+/-1.0)e+07,(1.9+/-1.0)e+07,(1.9+/-1.0)e+07,(1.9+/-1.0)e+07,(1.9+/-1.0)e+07,(1.9+/-1.0)e+07,(1.9+/-1.0)e+07,(1.9+/-1.0)e+07,(1.9+/-1.0)e+07,(1.9+/-1.0)e+07,(1.9+/-1.0)e+07,(1.9+/-1.0)e+07,(1.9+/-1.0)e+07,(1.9+/-1.0)e+07,(1.9+/-1.0)e+07,(1.9+/-1.0)e+07,(1.9+/-1.0)e+07,(1.9+/-1.0)e+07,(1.9+/-1.0)e+07,(1.9+/-1.0)e+07,(1.9+/-1.0)e+07,(1.9+/-1.0)e+07,(1.9+/-1.0)e+07,(1.9+/-1.0)e+07,(1.9+/-1.0)e+07,(1.9+/-1.0)e+07,(1.9+/-1.0)e+07,(1.9+/-1.0)e+07,(1.9+/-1.0)e+07,(1.9+/-1.0)e+07
Bulgaria,474555,1100174,0,0,(1.7+/-1.0)e+06,(1.7+/-1.0)e+06,(1.7+/-1.0)e+06,(1.7+/-1.0)e+06,(1.7+/-1.0)e+06,(1.7+/-1.0)e+06,(1.7+/-1.0)e+06,(1.7+/-1.0)e+06,(1.7+/-1.0)e+06,(1.7+/-1.0)e+06,(1.7+/-1.0)e+06,(1.7+/-1.0)e+06,(1.7+/-1.0)e+06,(1.7+/-1.0)e+06,(1.7+/-1.0)e+06,(1.7+/-1.0)e+06,(1.7+/-1.0)e+06,(1.7+/-1.0)e+06,(1.7+/-1.0)e+06,(1.7+/-1.0)e+06,(1.7+/-1.0)e+06,(1.7+/-1.0)e+06,(1.7+/-1.0)e+06,(1.7+/-1.0)e+06,(1.7+/-1.0)e+06,(1.7+/-1.0)e+06,(1.7+/-1.0)e+06,(1.7+/-1.0)e+06,(1.7+/-1.0)e+06,(1.7+/-1.0)e+06,(1.7+/-1.0)e+06,(1.7+/-1.0)e+06,(1.7+/-1.0)e+06,(1.7+/-1.0)e+06,(1.7+/-1.0)e+06,(1.7+/-1.0)e+06,(1.7+/-1.0)e+06,(1.7+/-1.0)e+06,(1.7+/-1.0)e+06,(1.7+/-1.0)e+06,(1.7+/-1.0)e+06,(1.7+/-1.0)e+06,(1.7+/-1.0)e+06,(1.7+/-1.0)e+06,(1.7+/-1.0)e+06,(1.7+/-1.0)e+06,(1.7+/-1.0)e+06,(1.7+/-1.0)e+06,(1.7+/-1.0)e+06,(1.7+/-1.0)e+06,(1.7+/-1.0)e+06
Bahrain,108961,277743,0,0,(1.4+/-0.8)e+06,(1.4+/-0.8)e+06,(1.4+/-0.8)e+06,(1.4+/-0.8)e+06,(1.4+/-0.8)e+06,(1.4+/-0.8)e+06,(1.4+/-0.8)e+06,(1.4+/-0.8)e+06,(1.4+/-0.8)e+06,(1.4+/-0.8)e+06,(1.4+/-0.8)e+06,(1.4+/-0.8)e+06,(1.4+/-0.8)e+06,(1.4+/-0.8)e+06,(1.4+/-0.8)e+06,(1.4+/-0.8)e+06,(1.4+/-0.8)e+06,(1.4+/-0.8)e+06,(1.4+/-0.8)e+06,(1.4+/-0.8)e+06,(1.4+/-0.8)e+06,(1.4+/-0.8)e+06,(1.4+/-0.8)e+06,(1.4+/-0.8)e+06,(1.4+/-0.8)e+06,(1.4+/-0.8)e+06,(1.4+/-0.8)e+06,(1.4+/-0.8)e+06,(1.4+/-0.8)e+06,(1.4+/-0.8)e+06,(1.4+/-0.8)e+06,(1.4+/-0.8)e+06,(1.4+/-0.8)e+06,(1.4+/-0.8)e+06,(1.4+/-0.8)e+06,(1.4+/-0.8)e+06,(1.4+/-0.8)e+06,(1.4+/-0.8)e+06,(1.4+/-0.8)e+06,(1.4+/-0.8)e+06,(1.4+/-0.8)e+06,(1.4+/-0.8)e+06,(1.4+/-0.8)e+06,(1.4+/-0.8)e+06,(1.4+/-0.8)e+06,(1.4+/-0.8)e+06,(1.4+/-0.8)e+06,(1.4+/-0.8)e+06,(1.4+/-0.8)e+06,(1.4+/-0.8)e+06,(1.4+/-0.8)e+06
Bahamas,29987,88071,0,0,(2.5+/-1.4)e+04,(2.5+/-1.4)e+04,(2.5+/-1.4)e+04,(2.5+/-1.4)e+04,(2.5+/-1.4)e+04,(2.5+/-1.4)e+04,(2.5+/-1.4)e+04,(2.5+/-1.4)e+04,(2.5+/-1.4)e+04,(2.5+/-1.4)e+04,(2.5+/-1.4)e+04,(2.5+/-1.4)e+04,(2.5+/-1.4)e+04,(2.5+/-1.4)e+04,(2.5+/-1.4)e+04,(2.5+/-1.4)e+04,(2.5+/-1.4)e+04,(2.5+/-1.4)e+04,(2.5+/-1.4)e+04,(2.5+/-1.4)e+04,(2.5+/-1.4)e+04,(2.5+/-1.4)e+04,(2.5+/-1.4)e+04,(2.5+/-1.4)e+04,(2.5+/-1.4)e+04,(2.5+/-1.4)e+04,(2.5+/-1.4)e+04,(2.5+/-1.4)e+04,(2.5+/-1.4)e+04,(2.5+/-1.4)e+04,(2.5+/-1.4)e+04,(2.5+/-1.4)e+04,(2.5+/-1.4)e+04,(2.5+/-1.4)e+04,(2.5+/-1.4)e+04,(2.5+/-1.4)e+04,(2.5+/-1.4)e+04,(2.5+/-1.4)e+04,(2.5+/-1.4)e+04,(2.5+/-1.4)e+04,(2.5+/-1.4)e+04,(2.5+/-1.4)e+04,(2.5+/-1.4)e+04,(2.5+/-1.4)e+04,(2.5+/-1.4)e+04,(2.5+/-1.4)e+04,(2.5+/-1.4)e+04,(2.5+/-1.4)e+04,(2.5+/-1.4)e+04,(2.5+/-1.4)e+04,(2.5+/-1.4)e+04
Bosnia and Herzegovina,196136,457929,0,0,(6.1+/-3.4)e+05,(6.1+/-3.4)e+05,(6.1+/-3.4)e+05,(6.1+/-3.4)e+05,(6.1+/-3.4)e+05,(6.1+/-3.4)e+05,(6.1+/-3.4)e+05,(6.1+/-3.4)e+05,(6.1+/-3.4)e+05,(6.1+/-3.4)e+05,(6.1+/-3.4)e+05,(6.1+/-3.4)e+05,(6.1+/-3.4)e+05,(6.1+/-3.4)e+05,(6.1+/-3.4)e+05,(6.1+/-3.4)e+05,(6.1+/-3.4)e+05,(6.1+/-3.4)e+05,(6.1+/-3.4)e+05,(6.1+/-3.4)e+05,(6.1+/-3.4)e+05,(6.1+/-3.4)e+05,(6.1+/-3.4)e+05,(6.1+/-3.4)e+05,(6.1+/-3.4)e+05,(6.1+/-3.4)e+05,(6.1+/-3.4)e+05,(6.1+/-3.4)e+05,(6.1+/-3.4)e+05,(6.1+/-3.4)e+05,(6.1+/-3.4)e+05,(6.1+/-3.4)e+05,(6.1+/-3.4)e+05,(6.1+/-3.4)e+05,(6.1+/-3.4)e+05,(6.1+/-3.4)e+05,(6.1+/-3.4)e+05,(6.1+/-3.4)e+05,(6.1+/-3.4)e+05,(6.1+/-3.4)e+05,(6.1+/-3.4)e+05,(6.1+/-3.4)e+05,(6.1+/-3.4)e+05,(6.1+/-3.4)e+05,(6.1+/-3.4)e+05,(6.1+/-3.4)e+05,(6.1+/-3.4)e+05,(6.1+/-3.4)e+05,(6.1+/-3.4)e+05,(6.1+/-3.4)e+05,(6.1+/-3.4)e+05
Belarus,737743,1454255,0,0,(2.6+/-1.4)e+06,(2.6+/-1.4)e+06,(2.6+/-1.4)e+06,(2.6+/-1.4)e+06,(2.6+/-1.4)e+06,(2.6+/-1.4)e+06,(2.6+/-1.4)e+06,(2.6+/-1.4)e+06,(2.6+/-1.4)e+06,(2.6+/-1.4)e+06,(2.6+/-1.4)e+06,(2.6+/-1.4)e+06,(2.6+/-1.4)e+06,(2.6+/-1.4)e+06,(2.6+/-1.4)e+06,(2.6+/-1.4)e+06,(2.6+/-1.4)e+06,(2.6+/-1.4)e+06,(2.6+/-1.4)e+06,(2.6+/-1.4)e+06,(2.6+/-1.4)e+06,(2.6+/-1.4)e+06,(2.6+/-1.4)e+06,(2.6+/-1.4)e+06,(2.6+/-1.4)e+06,(2.6+/-1.4)e+06,(2.6+/-1.4)e+06,(2.6+/-1.4)e+06,(2.6+/-1.4)e+06,(2.6+/-1.4)e+06,(2.6+/-1.4)e+06,(2.6+/-1.4)e+06,(2.6+/-1.4)e+06,(2.6+/-1.4)e+06,(2.6+/-1.4)e+06,(2.6+/-1.4)e+06,(2.6+/-1.4)e+06,(2.6+/-1.4)e+06,(2.6+/-1.4)e+06,(2.6+/-1.4)e+06,(2.6+/-1.4)e+06,(2.6+/-1.4)e+06,(2.6+/-1.4)e+06,(2.6+/-1.4)e+06,(2.6+/-1.4)e+06,(2.6+/-1.4)e+06,(2.6+/-1.4)e+06,(2.6+/-1.4)e+06,(2.6+/-1.4)e+06,(2.6+/-1.4)e+06,(2.6+/-1.4)e+06
Belize,27428,79161,0,0,(3.7+/-2.1)e+04,(3.7+/-2.1)e+04,(3.7+/-2.1)e+04,(3.7+/-2.1)e+04,(3.7+/-2.1)e+04,(3.7+/-2.1)e+04,(3.7+/-2.1)e+04,(3.7+/-2.1)e+04,(3.7+/-2.1)e+04,(3.7+/-2.1)e+04,(3.7+/-2.1)e+04,(3.7+/-2.1)e+04,(3.7+/-2.1)e+04,(3.7+/-2.1)e+04,(3.7+/-2.1)e+04,(3.7+/-2.1)e+04,(3.7+/-2.1)e+04,(3.7+/-2.1)e+04,(3.7+/-2.1)e+04,(3.7+/-2.1)e+04,(3.7+/-2.1)e+04,(3.7+/-2.1)e+04,(3.7+/-2.1)e+04,(3.7+/-2.1)e+04,(3.7+/-2.1)e+04,(3.7+/-2.1)e+04,(3.7+/-2.1)e+04,(3.7+/-2.1)e+04,(3.7+/-2.1)e+04,(3.7+/-2.1)e+04,(3.7+/-2.1)e+04,(3.7+/-2.1)e+04,(3.7+/-2.1)e+04,(3.7+/-2.1)e+04,(3.7+/-2.1)e+04,(3.7+/-2.1)e+04,(3.7+/-2.1)e+04,(3.7+/-2.1)e+04,(3.7+/-2.1)e+04,(3.7+/-2.1)e+04,(3.7+/-2.1)e+04,(3.7+/-2.1)e+04,(3.7+/-2.1)e+04,(3.7+/-2.1)e+04,(3.7+/-2.1)e+04,(3.7+/-2.1)e+04,(3.7+/-2.1)e+04,(3.7+/-2.1)e+04,(3.7+/-2.1)e+04,(3.7+/-2.1)e+04,(3.7+/-2.1)e+04
Bermuda,7369,18185,0,0,0.0+/-0,0.0+/-0,0.0+/-0,0.0+/-0,0.0+/-0,0.0+/-0,0.0+/-0,0.0+/-0,0.0+/-0,0.0+/-0,0.0+/-0,0.0+/-0,0.0+/-0,0.0+/-0,0.0+/-0,0.0+/-0,0.0+/-0,0.0+/-0,0.0+/-0,0.0+/-0,0.0+/-0,0.0+/-0,0.0+/-0,0.0+/-0,0.0+/-0,0.0+/-0,0.0+/-0,0.0+/-0,0.0+/-0,0.0+/-0,0.0+/-0,0.0+/-0,0.0+/-0,0.0+/-0,0.0+/-0,0.0+/-0,0.0+/-0,0.0+/-0,0.0+/-0,0.0+/-0,0.0+/-0,0.0+/-0,0.0+/-0,0.0+/-0,0.0+/-0,0.0+/-0,0.0+/-0,0.0+/-0,0.0+/-0,0.0+/-0,0.0+/-0
Bolivia,1144170,2932001,0,0,(9+/-5)e+05,(9+/-5)e+05,(9+/-5)e+05,(9+/-5)e+05,(9+/-5)e+05,(9+/-5)e+05,(9+/-5)e+05,(9+/-5)e+05,(9+/-5)e+05,(9+/-5)e+05,(9+/-5)e+05,(9+/-5)e+05,(9+/-5)e+05,(9+/-5)e+05,(9+/-5)e+05,(9+/-5)e+05,(9+/-5)e+05,(9+/-5)e+05,(9+/-5)e+05,(9+/-5)e+05,(9+/-5)e+05,(9+/-5)e+05,(9+/-5)e+05,(9+/-5)e+05,(9+/-5)e+05,(9+/-5)e+05,(9+/-5)e+05,(9+/-5)e+05,(9+/-5)e+05,(9+/-5)e+05,(9+/-5)e+05,(9+/-5)e+05,(9+/-5)e+05,(9+/-5)e+05,(9+/-5)e+05,(9+/-5)e+05,(9+/-5)e+05,(9+/-5)e+05,(9+/-5)e+05,(9+/-5)e+05,(9+/-5)e+05,(9+/-5)e+05,(9+/-5)e+05,(9+/-5)e+05,(9+/-5)e+05,(9+/-5)e+05,(9+/-5)e+05,(9+/-5)e+05,(9+/-5)e+05,(9+/-5)e+05,(9+/-5)e+05
Brazil,14664402,41877575,0,0,(5.3+/-3.0)e+07,(5.3+/-3.0)e+07,(5.3+/-3.0)e+07,(5.3+/-3.0)e+07,(5.3+/-3.0)e+07,(5.3+/-3.0)e+07,(5.3+/-3.0)e+07,(5.3+/-3.0)e+07,(5.3+/-3.0)e+07,(5.3+/-3.0)e+07,(5.3+/-3.0)e+07,(5.3+/-3.0)e+07,(5.3+/-3.0)e+07,(5.3+/-3.0)e+07,(5.3+/-3.0)e+07,(5.3+/-3.0)e+07,(5.3+/-3.0)e+07,(5.3+/-3.0)e+07,(5.3+/-3.0)e+07,(5.3+/-3.0)e+07,(5.3+/-3.0)e+07,(5.3+/-3.0)e+07,(5.3+/-3.0)e+07,(5.3+/-3.0)e+07,(5.3+/-3.0)e+07,(5.3+/-3.0)e+07,(5.3+/-3.0)e+07,(5.3+/-3.0)e+07,(5.3+/-3.0)e+07,(5.3+/-3.0)e+07,(5.3+/-3.0)e+07,(5.3+/-3.0)e+07,(5.3+/-3.0)e+07,(5.3+/-3.0)e+07,(5.3+/-3.0)e+07,(5.3+/-3.0)e+07,(5.3+/-3.0)e+07,(5.3+/-3.0)e+07,(5.3+/-3.0)e+07,(5.3+/-3.0)e+07,(5.3+/-3.0)e+07,(5.3+/-3.0)e+07,(5.3+/-3.0)e+07,(5.3+/-3.0)e+07,(5.3+/-3.0)e+07,(5.3+/-3.0)e+07,(5.3+/-3.0)e+07,(5.3+/-3.0)e+07,(5.3+/-3.0)e+07,(5.3+/-3.0)e+07,(5.3+/-3.0)e+07
Barbados,17487,50402,0,0,(6.0+/-3.4)e+04,(6.0+/-3.4)e+04,(6.0+/-3.4)e+04,(6.0+/-3.4)e+04,(6.0+/-3.4)e+04,(6.0+/-3.4)e+04,(6.0+/-3.4)e+04,(6.0+/-3.4)e+04,(6.0+/-3.4)e+04,(6.0+/-3.4)e+04,(6.0+/-3.4)e+04,(6.0+/-3.4)e+04,(6.0+/-3.4)e+04,(6.0+/-3.4)e+04,(6.0+/-3.4)e+04,(6.0+/-3.4)e+04,(6.0+/-3.4)e+04,(6.0+/-3.4)e+04,(6.0+/-3.4)e+04,(6.0+/-3.4)e+04,(6.0+/-3.4)e+04,(6.0+/-3.4)e+04,(6.0+/-3.4)e+04,(6.0+/-3.4)e+04,(6.0+/-3.4)e+04,(6.0+/-3.4)e+04,(6.0+/-3.4)e+04,(6.0+/-3.4)e+04,(6.0+/-3.4)e+04,(6.0+/-3.4)e+04,(6.0+/-3.4)e+04,(6.0+/-3.4)e+04,(6.0+/-3.4)e+04,(6.0+/-3.4)e+04,(6.0+/-3.4)e+04,(6.0+/-3.4)e+04,(6.0+/-3.4)e+04,(6.0+/-3.4)e+04,(6.0+/-3.4)e+04,(6.0+/-3.4)e+04,(6.0+/-3.4)e+04,(6.0+/-3.4)e+04,(6.0+/-3.4)e+04,(6.0+/-3.4)e+04,(6.0+/-3.4)e+04,(6.0+/-3.4)e+04,(6.0+/-3.4)e+04,(6.0+/-3.4)e+04,(6.0+/-3.4)e+04,(6.0+/-3.4)e+04,(6.0+/-3.4)e+04
Brunei Darussalam,34110,83793,0,0,(2.7+/-1.5)e+05,(2.7+/-1.5)e+05,(2.7+/-1.5)e+05,(2.7+/-1.5)e+05,(2.7+/-1.5)e+05,(2.7+/-1.5)e+05,(2.7+/-1.5)e+05,(2.7+/-1.5)e+05,(2.7+/-1.5)e+05,(2.7+/-1.5)e+05,(2.7+/-1.5)e+05,(2.7+/-1.5)e+05,(2.7+/-1.5)e+05,(2.7+/-1.5)e+05,(2.7+/-1.5)e+05,(2.7+/-1.5)e+05,(2.7+/-1.5)e+05,(2.7+/-1.5)e+05,(2.7+/-1.5)e+05,(2.7+/-1.5)e+05,(2.7+/-1.5)e+05,(2.7+/-1.5)e+05,(2.7+/-1.5)e+05,(2.7+/-1.5)e+05,(2.7+/-1.5)e+05,(2.7+/-1.5)e+05,(2.7+/-1.5)e+05,(2.7+/-1.5)e+05,(2.7+/-1.5)e+05,(2.7+/-1.5)e+05,(2.7+/-1.5)e+05,(2.7+/-1.5)e+05,(2.7+/-1.5)e+05,(2.7+/-1.5)e+05,(2.7+/-1.5)e+05,(2.7+/-1.5)e+05,(2.7+/-1.5)e+05,(2.7+/-1.5)e+05,(2.7+/-1.5)e+05,(2.7+/-1.5)e+05,(2.7+/-1.5)e+05,(2.7+/-1.5)e+05,(2.7+/-1.5)e+05,(2.7+/-1.5)e+05,(2.7+/-1.5)e+05,(2.7+/-1.5)e+05,(2.7+/-1.5)e+05,(2.7+/-1.5)e+05,(2.7+/-1.5)e+05,(2.7+/-1.5)e+05,(2.7+/-1.5)e+05
Bhutan,77633,119166,0,0,(4.2+/-2.3)e+04,(4.2+/-2.3)e+04,(4.2+/-2.3)e+04,(4.2+/-2.3)e+04,(4.2+/-2.3)e+04,(4.2+/-2.3)e+04,(4.2+/-2.3)e+04,(4.2+/-2.3)e+04,(4.2+/-2.3)e+04,(4.2+/-2.3)e+04,(4.2+/-2.3)e+04,(4.2+/-2.3)e+04,(4.2+/-2.3)e+04,(4.2+/-2.3)e+04,(4.2+/-2.3)e+04,(4.2+/-2.3)e+04,(4.2+/-2.3)e+04,(4.2+/-2.3)e+04,(4.2+/-2.3)e+04,(4.2+/-2.3)e+04,(4.2+/-2.3)e+04,(4.2+/-2.3)e+04,(4.2+/-2.3)e+04,(4.2+/-2.3)e+04,(4.2+/-2.3)e+04,(4.2+/-2.3)e+04,(4.2+/-2.3)e+04,(4.2+/-2.3)e+04,(4.2+/-2.3)e+04,(4.2+/-2.3)e+04,(4.2+/-2.3)e+04,(4.2+/-2.3)e+04,(4.2+/-2.3)e+04,(4.2+/-2.3)e+04,(4.2+/-2.3)e+04,(4.2+/-2.3)e+04,(4.2+/-2.3)e+04,(4.2+/-2.3)e+04,(4.2+/-2.3)e+04,(4.2+/-2.3)e+04,(4.2+/-2.3)e+04,(4.2+/-2.3)e+04,(4.2+/-2.3)e+04,(4.2+/-2.3)e+04,(4.2+/-2.3)e+04,(4.2+/-2.3)e+04,(4.2+/-2.3)e+04,(4.2+/-2.3)e+04,(4.2+/-2.3)e+04,(4.2+/-2.3)e+04,(4.2+/-2.3)e+04
Botswana,134847,380492,0,0,0.0+/-0,0.0+/-0,0.0+/-0,0.0+/-0,0.0+/-0,0.0+/-0,0.0+/-0,0.0+/-0,0.0+/-0,0.0+/-0,0.0+/-0,0.0+/-0,0.0+/-0,0.0+/-0,0.0+/-0,0.0+/-0,0.0+/-0,0.0+/-0,0.0+/-0,0.0+/-0,0.0+/-0,0.0+/-0,0.0+/-0,0.0+/-0,0.0+/-0,0.0+/-0,0.0+/-0,0.0+/-0,0.0+/-0,0.0+/-0,0.0+/-0,0.0+/-0,0.0+/-0,0.0+/-0,0.0+/-0,0.0+/-0,0.0+/-0,0.0+/-0,0.0+/-0,0.0+/-0,0.0+/-0,0.0+/-0,0.0+/-0,0.0+/-0,0.0+/-0,0.0+/-0,0.0+/-0,0.0+/-0,0.0+/-0,0.0+/-0,0.0+/-0
Central African Republic,245041,806929,0,0,0.0+/-0,0.0+/-0,0.0+/-0,0.0+/-0,0.0+/-0,0.0+/-0,0.0+/-0,0.0+/-0,0.0+/-0,0.0+/-0,0.0+/-0,0.0+/-0,0.0+/-0,0.0+/-0,0.0+/-0,0.0+/-0,0.0+/-0,0.0+/-0,0.0+/-0,0.0+/-0,0.0+/-0,0.0+/-0,0.0+/-0,0.0+/-0,0.0+/-0,0.0+/-0,0.0+/-0,0.0+/-0,0.0+/-0,0.0+/-0,0.0+/-0,0.0+/-0,0.0+/-0,0.0+/-0,0.0+/-0,0.0+/-0,0.0+/-0,0.0+/-0,0.0+/-0,0.0+/-0,0.0+/-0,0.0+/-0,0.0+/-0,0.0+/-0,0.0+/-0,0.0+/-0,0.0+/-0,0.0+/-0,0.0+/-0,0.0+/-0,0.0+/-0
Canada,3141367,6925621,0,0,(2.3+/-1.3)e+07,(2.3+/-1.3)e+07,(2.3+/-1.3)e+07,(2.3+/-1.3)e+07,(2.3+/-1.3)e+07,(2.3+/-1.3)e+07,(2.3+/-1.3)e+07,(2.3+/-1.3)e+07,(2.3+/-1.3)e+07,(2.3+/-1.3)e+07,(2.3+/-1.3)e+07,(2.3+/-1.3)e+07,(2.3+/-1.3)e+07,(2.3+/-1.3)e+07,(2.3+/-1.3)e+07,(2.3+/-1.3)e+07,(2.3+/-1.3)e+07,(2.3+/-1.3)e+07,(2.3+/-1.3)e+07,(2.3+/-1.3)e+07,(2.3+/-1.3)e+07,(2.3+/-1.3)e+07,(2.3+/-1.3)e+07,(2.3+/-1.3)e+07,(2.3+/-1.3)e+07,(2.3+/-1.3)e+07,(2.3+/-1.3)e+07,(2.3+/-1.3)e+07,(2.3+/-1.3)e+07,(2.3+/-1.3)e+07,(2.3+/-1.3)e+07,(2.3+/-1.3)e+07,(2.3+/-1.3)e+07,(2.3+/-1.3)e+07,(2.3+/-1.3)e+07,(2.3+/-1.3)e+07,(2.3+/-1.3)e+07,(2.3+/-1.3)e+07,(2.3+/-1.3)e+07,(2.3+/-1.3)e+07,(2.3+/-1.3)e+07,(2.3+/-1.3)e+07,(2.3+/-1.3)e+07,(2.3+/-1.3)e+07,(2.3+/-1.3)e+07,(2.3+/-1.3)e+07,(2.3+/-1.3)e+07,(2.3+/-1.3)e+07,(2.3+/-1.3)e+07,(2.3+/-1.3)e+07,(2.3+/-1.3)e+07
Switzerland,742393,1527430,0,0,(2.4+/-1.3)e+07,(2.4+/-1.3)e+07,(2.4+/-1.3)e+07,(2.4+/-1.3)e+07,(2.4+/-1.3)e+07,(2.4+/-1.3)e+07,(2.4+/-1.3)e+07,(2.4+/-1.3)e+07,(2.4+/-1.3)e+07,(2.4+/-1.3)e+07,(2.4+/-1.3)e+07,(2.4+/-1.3)e+07,(2.4+/-1.3)e+07,(2.4+/-1.3)e+07,(2.4+/-1.3)e+07,(2.4+/-1.3)e+07,(2.4+/-1.3)e+07,(2.4+/-1.3)e+07,(2.4+/-1.3)e+07,(2.4+/-1.3)e+07,(2.4+/-1.3)e+07,(2.4+/-1.3)e+07,(2.4+/-1.3)e+07,(2.4+/-1.3)e+07,(2.4+/-1.3)e+07,(2.4+/-1.3)e+07,(2.4+/-1.3)e+07,(2.4+/-1.3)e+07,(2.4+/-1.3)e+07,(2.4+/-1.3)e+07,(2.4+/-1.3)e+07,(2.4+/-1.3)e+07,(2.4+/-1.3)e+07,(2.4+/-1.3)e+07,(2.4+/-1.3)e+07,(2.4+/-1.3)e+07,(2.4+/-1.3)e+07,(2.4+/-1.3)e+07,(2.4+/-1.3)e+07,(2.4+/-1.3)e+07,(2.4+/-1.3)e+07,(2.4+/-1.3)e+07,(2.4+/-1.3)e+07,(2.4+/-1.3)e+07,(2.4+/-1.3)e+07,(2.4+/-1.3)e+07,(2.4+/-1.3)e+07,(2.4+/-1.3)e+07,(2.4+/-1.3)e+07,(2.4+/-1.3)e+07,(2.4+/-1.3)e+07
Chile,1401657,3662692,0,0,(5.3+/-3.0)e+06,(5.3+/-3.0)e+06,(5.3+/-3.0)e+06,(5.3+/-3.0)e+06,(5.3+/-3.0)e+06,(5.3+/-3.0)e+06,(5.3+/-3.0)e+06,(5.3+/-3.0)e+06,(5.3+/-3.0)e+06,(5.3+/-3.0)e+06,(5.3+/-3.0)e+06,(5.3+/-3.0)e+06,(5.3+/-3.0)e+06,(5.3+/-3.0)e+06,(5.3+/-3.0)e+06,(5.3+/-3.0)e+06,(5.3+/-3.0)e+06,(5.3+/-3.0)e+06,(5.3+/-3.0)e+06,(5.3+/-3.0)e+06,(5.3+/-3.0)e+06,(5.3+/-3.0)e+06,(5.3+/-3.0)e+06,(5.3+/-3.0)e+06,(5.3+/-3.0)e+06,(5.3+/-3.0)e+06,(5.3+/-3.0)e+06,(5.3+/-3.0)e+06,(5.3+/-3.0)e+06,(5.3+/-3.0)e+06,(5.3+/-3.0)e+06,(5.3+/-3.0)e+06,(5.3+/-3.0)e+06,(5.3+/-3.0)e+06,(5.3+/-3.0)e+06,(5.3+/-3.0)e+06,(5.3+/-3.0)e+06,(5.3+/-3.0)e+06,(5.3+/-3.0)e+06,(5.3+/-3.0)e+06,(5.3+/-3.0)e+06,(5.3+/-3.0)e+06,(5.3+/-3.0)e+06,(5.3+/-3.0)e+06,(5.3+/-3.0)e+06,(5.3+/-3.0)e+06,(5.3+/-3.0)e+06,(5.3+/-3.0)e+06,(5.3+/-3.0)e+06,(5.3+/-3.0)e+06,(5.3+/-3.0)e+06
China,118172208,283882634,0,0,(8+/-5)e+08,(8+/-5)e+08,(8+/-5)e+08,(8+/-5)e+08,(8+/-5)e+08,(8+/-5)e+08,(8+/-5)e+08,(8+/-5)e+08,(8+/-5)e+08,(8+/-5)e+08,(8+/-5)e+08,(8+/-5)e+08,(8+/-5)e+08,(8+/-5)e+08,(8+/-5)e+08,(8+/-5)e+08,(8+/-5)e+08,(8+/-5)e+08,(8+/-5)e+08,(8+/-5)e+08,(8+/-5)e+08,(8+/-5)e+08,(8+/-5)e+08,(8+/-5)e+08,(8+/-5)e+08,(8+/-5)e+08,(8+/-5)e+08,(8+/-5)e+08,(8+/-5)e+08,(8+/-5)e+08,(8+/-5)e+08,(8+/-5)e+08,(8+/-5)e+08,(8+/-5)e+08,(8+/-5)e+08,(8+/-5)e+08,(8+/-5)e+08,(8+/-5)e+08,(8+/-5)e+08,(8+/-5)e+08,(8+/-5)e+08,(8+/-5)e+08,(8+/-5)e+08,(8+/-5)e+08,(8+/-5)e+08,(8+/-5)e+08,(8+/-5)e+08,(8+/-5)e+08,(8+/-5)e+08,(8+/-5)e+08,(8+/-5)e+08
Cote d'Ivoire,2365948,5430101,0,0,0.0+/-0,0.0+/-0,0.0+/-0,0.0+/-0,0.0+/-0,0.0+/-0,0.0+/-0,0.0+/-0,0.0+/-0,0.0+/-0,0.0+/-0,0.0+/-0,0.0+/-0,0.0+/-0,0.0+/-0,0.0+/-0,0.0+/-0,0.0+/-0,0.0+/-0,0.0+/-0,0.0+/-0,0.0+/-0,0.0+/-0,0.0+/-0,0.0+/-0,0.0+/-0,0.0+/-0,0.0+/-0,0.0+/-0,0.0+/-0,0.0+/-0,0.0+/-0,0.0+/-0,0.0+/-0,0.0+/-0,0.0+/-0,0.0+/-0,0.0+/-0,0.0+/-0,0.0+/-0,0.0+/-0,0.0+/-0,0.0+/-0,0.0+/-0,0.0+/-0,0.0+/-0,0.0+/-0,0.0+/-0,0.0+/-0,0.0+/-0,0.0+/-0
Cameroon,646375,1664250,0,0,0.0+/-0,0.0+/-0,0.0+/-0,0.0+/-0,0.0+/-0,0.0+/-0,0.0+/-0,0.0+/-0,0.0+/-0,0.0+/-0,0.0+/-0,0.0+/-0,0.0+/-0,0.0+/-0,0.0+/-0,0.0+/-0,0.0+/-0,0.0+/-0,0.0+/-0,0.0+/-0,0.0+/-0,0.0+/-0,0.0+/-0,0.0+/-0,0.0+/-0,0.0+/-0,0.0+/-0,0.0+/-0,0.0+/-0,0.0+/-0,0.0+/-0,0.0+/-0,0.0+/-0,0.0+/-0,0.0+/-0,0.0+/-0,0.0+/-0,0.0+/-0,0.0+/-0,0.0+/-0,0.0+/-0,0.0+/-0,0.0+/-0,0.0+/-0,0.0+/-0,0.0+/-0,0.0+/-0,0.0+/-0,0.0+/-0,0.0+/-0,0.0+/-0
DR Congo,6210203,9446038,0,0,0.0+/-0,0.0+/-0,0.0+/-0,0.0+/-0,0.0+/-0,0.0+/-0,0.0+/-0,0.0+/-0,0.0+/-0,0.0+/-0,0.0+/-0,0.0+/-0,0.0+/-0,0.0+/-0,0.0+/-0,0.0+/-0,0.0+/-0,0.0+/-0,0.0+/-0,0.0+/-0,0.0+/-0,0.0+/-0,0.0+/-0,0.0+/-0,0.0+/-0,0.0+/-0,0.0+/-0,0.0+/-0,0.0+/-0,0.0+/-0,0.0+/-0,0.0+/-0,0.0+/-0,0.0+/-0,0.0+/-0,0.0+/-0,0.0+/-0,0.0+/-0,0.0+/-0,0.0+/-0,0.0+/-0,0.0+/-0,0.0+/-0,0.0+/-0,0.0+/-0,0.0+/-0,0.0+/-0,0.0+/-0,0.0+/-0,0.0+/-0,0.0+/-0
Congo Republic,149073,383827,0,0,0.0+/-0,0.0+/-0,0.0+/-0,0.0+/-0,0.0+/-0,0.0+/-0,0.0+/-0,0.0+/-0,0.0+/-0,0.0+/-0,0.0+/-0,0.0+/-0,0.0+/-0,0.0+/-0,0.0+/-0,0.0+/-0,0.0+/-0,0.0+/-0,0.0+/-0,0.0+/-0,0.0+/-0,0.0+/-0,0.0+/-0,0.0+/-0,0.0+/-0,0.0+/-0,0.0+/-0,0.0+/-0,0.0+/-0,0.0+/-0,0.0+/-0,0.0+/-0,0.0+/-0,0.0+/-0,0.0+/-0,0.0+/-0,0.0+/-0,0.0+/-0,0.0+/-0,0.0+/-0,0.0+/-0,0.0+/-0,0.0+/-0,0.0+/-0,0.0+/-0,0.0+/-0,0.0+/-0,0.0+/-0,0.0+/-0,0.0+/-0,0.0+/-0
Colombia,3394685,9721375,0,0,(7+/-4)e+06,(7+/-4)e+06,(7+/-4)e+06,(7+/-4)e+06,(7+/-4)e+06,(7+/-4)e+06,(7+/-4)e+06,(7+/-4)e+06,(7+/-4)e+06,(7+/-4)e+06,(7+/-4)e+06,(7+/-4)e+06,(7+/-4)e+06,(7+/-4)e+06,(7+/-4)e+06,(7+/-4)e+06,(7+/-4)e+06,(7+/-4)e+06,(7+/-4)e+06,(7+/-4)e+06,(7+/-4)e+06,(7+/-4)e+06,(7+/-4)e+06,(7+/-4)e+06,(7+/-4)e+06,(7+/-4)e+06,(7+/-4)e+06,(7+/-4)e+06,(7+/-4)e+06,(7+/-4)e+06,(7+/-4)e+06,(7+/-4)e+06,(7+/-4)e+06,(7+/-4)e+06,(7+/-4)e+06,(7+/-4)e+06,(7+/-4)e+06,(7+/-4)e+06,(7+/-4)e+06,(7+/-4)e+06,(7+/-4)e+06,(7+/-4)e+06,(7+/-4)e+06,(7+/-4)e+06,(7+/-4)e+06,(7+/-4)e+06,(7+/-4)e+06,(7+/-4)e+06,(7+/-4)e+06,(7+/-4)e+06,(7+/-4)e+06
Comoros,39222,86672,0,0,0.0+/-0,0.0+/-0,0.0+/-0,0.0+/-0,0.0+/-0,0.0+/-0,0.0+/-0,0.0+/-0,0.0+/-0,0.0+/-0,0.0+/-0,0.0+/-0,0.0+/-0,0.0+/-0,0.0+/-0,0.0+/-0,0.0+/-0,0.0+/-0,0.0+/-0,0.0+/-0,0.0+/-0,0.0+/-0,0.0+/-0,0.0+/-0,0.0+/-0,0.0+/-0,0.0+/-0,0.0+/-0,0.0+/-0,0.0+/-0,0.0+/-0,0.0+/-0,0.0+/-0,0.0+/-0,0.0+/-0,0.0+/-0,0.0+/-0,0.0+/-0,0.0+/-0,0.0+/-0,0.0+/-0,0.0+/-0,0.0+/-0,0.0+/-0,0.0+/-0,0.0+/-0,0.0+/-0,0.0+/-0,0.0+/-0,0.0+/-0,0.0+/-0
Cabo Verde,30303,81767,0,0,0.0+/-0,0.0+/-0,0.0+/-0,0.0+/-0,0.0+/-0,0.0+/-0,0.0+/-0,0.0+/-0,0.0+/-0,0.0+/-0,0.0+/-0,0.0+/-0,0.0+/-0,0.0+/-0,0.0+/-0,0.0+/-0,0.0+/-0,0.0+/-0,0.0+/-0,0.0+/-0,0.0+/-0,0.0+/-0,0.0+/-0,0.0+/-0,0.0+/-0,0.0+/-0,0.0+/-0,0.0+/-0,0.0+/-0,0.0+/-0,0.0+/-0,0.0+/-0,0.0+/-0,0.0+/-0,0.0+/-0,0.0+/-0,0.0+/-0,0.0+/-0,0.0+/-0,0.0+/-0,0.0+/-0,0.0+/-0,0.0+/-0,0.0+/-0,0.0+/-0,0.0+/-0,0.0+/-0,0.0+/-0,0.0+/-0,0.0+/-0,0.0+/-0
Costa Rica,298773,827494,0,0,(1.9+/-1.1)e+06,(1.9+/-1.1)e+06,(1.9+/-1.1)e+06,(1.9+/-1.1)e+06,(1.9+/-1.1)e+06,(1.9+/-1.1)e+06,(1.9+/-1.1)e+06,(1.9+/-1.1)e+06,(1.9+/-1.1)e+06,(1.9+/-1.1)e+06,(1.9+/-1.1)e+06,(1.9+/-1.1)e+06,(1.9+/-1.1)e+06,(1.9+/-1.1)e+06,(1.9+/-1.1)e+06,(1.9+/-1.1)e+06,(1.9+/-1.1)e+06,(1.9+/-1.1)e+06,(1.9+/-1.1)e+06,(1.9+/-1.1)e+06,(1.9+/-1.1)e+06,(1.9+/-1.1)e+06,(1.9+/-1.1)e+06,(1.9+/-1.1)e+06,(1.9+/-1.1)e+06,(1.9+/-1.1)e+06,(1.9+/-1.1)e+06,(1.9+/-1.1)e+06,(1.9+/-1.1)e+06,(1.9+/-1.1)e+06,(1.9+/-1.1)e+06,(1.9+/-1.1)e+06,(1.9+/-1.1)e+06,(1.9+/-1.1)e+06,(1.9+/-1.1)e+06,(1.9+/-1.1)e+06,(1.9+/-1.1)e+06,(1.9+/-1.1)e+06,(1.9+/-1.1)e+06,(1.9+/-1.1)e+06,(1.9+/-1.1)e+06,(1.9+/-1.1)e+06,(1.9+/-1.1)e+06,(1.9+/-1.1)e+06,(1.9+/-1.1)e+06,(1.9+/-1.1)e+06,(1.9+/-1.1)e+06,(1.9+/-1.1)e+06,(1.9+/-1.1)e+06,(1.9+/-1.1)e+06,(1.9+/-1.1)e+06
Cuba,457372,1492773,0,0,(1.7+/-1.0)e+06,(1.7+/-1.0)e+06,(1.7+/-1.0)e+06,(1.7+/-1.0)e+06,(1.7+/-1.0)e+06,(1.7+/-1.0)e+06,(1.7+/-1.0)e+06,(1.7+/-1.0)e+06,(1.7+/-1.0)e+06,(1.7+/-1.0)e+06,(1.7+/-1.0)e+06,(1.7+/-1.0)e+06,(1.7+/-1.0)e+06,(1.7+/-1.0)e+06,(1.7+/-1.0)e+06,(1.7+/-1.0)e+06,(1.7+/-1.0)e+06,(1.7+/-1.0)e+06,(1.7+/-1.0)e+06,(1.7+/-1.0)e+06,(1.7+/-1.0)e+06,(1.7+/-1.0)e+06,(1.7+/-1.0)e+06,(1.7+/-1.0)e+06,(1.7+/-1.0)e+06,(1.7+/-1.0)e+06,(1.7+/-1.0)e+06,(1.7+/-1.0)e+06,(1.7+/-1.0)e+06,(1.7+/-1.0)e+06,(1.7+/-1.0)e+06,(1.7+/-1.0)e+06,(1.7+/-1.0)e+06,(1.7+/-1.0)e+06,(1.7+/-1.0)e+06,(1.7+/-1.0)e+06,(1.7+/-1.0)e+06,(1.7+/-1.0)e+06,(1.7+/-1.0)e+06,(1.7+/-1.0)e+06,(1.7+/-1.0)e+06,(1.7+/-1.0)e+06,(1.7+/-1.0)e+06,(1.7+/-1.0)e+06,(1.7+/-1.0)e+06,(1.7+/-1.0)e+06,(1.7+/-1.0)e+06,(1.7+/-1.0)e+06,(1.7+/-1.0)e+06,(1.7+/-1.0)e+06,(1.7+/-1.0)e+06
Curacao,10033,24761,0,0,0.0+/-0,0.0+/-0,0.0+/-0,0.0+/-0,0.0+/-0,0.0+/-0,0.0+/-0,0.0+/-0,0.0+/-0,0.0+/-0,0.0+/-0,0.0+/-0,0.0+/-0,0.0+/-0,0.0+/-0,0.0+/-0,0.0+/-0,0.0+/-0,0.0+/-0,0.0+/-0,0.0+/-0,0.0+/-0,0.0+/-0,0.0+/-0,0.0+/-0,0.0+/-0,0.0+/-0,0.0+/-0,0.0+/-0,0.0+/-0,0.0+/-0,0.0+/-0,0.0+/-0,0.0+/-0,0.0+/-0,0.0+/-0,0.0+/-0,0.0+/-0,0.0+/-0,0.0+/-0,0.0+/-0,0.0+/-0,0.0+/-0,0.0+/-0,0.0+/-0,0.0+/-0,0.0+/-0,0.0+/-0,0.0+/-0,0.0+/-0,0.0+/-0
Cayman Islands,8477,20919,0,0,0.0+/-0,0.0+/-0,0.0+/-0,0.0+/-0,0.0+/-0,0.0+/-0,0.0+/-0,0.0+/-0,0.0+/-0,0.0+/-0,0.0+/-0,0.0+/-0,0.0+/-0,0.0+/-0,0.0+/-0,0.0+/-0,0.0+/-0,0.0+/-0,0.0+/-0,0.0+/-0,0.0+/-0,0.0+/-0,0.0+/-0,0.0+/-0,0.0+/-0,0.0+/-0,0.0+/-0,0.0+/-0,0.0+/-0,0.0+/-0,0.0+/-0,0.0+/-0,0.0+/-0,0.0+/-0,0.0+/-0,0.0+/-0,0.0+/-0,0.0+/-0,0.0+/-0,0.0+/-0,0.0+/-0,0.0+/-0,0.0+/-0,0.0+/-0,0.0+/-0,0.0+/-0,0.0+/-0,0.0+/-0,0.0+/-0,0.0+/-0,0.0+/-0
Cyprus,87737,243898,0,0,(2.2+/-1.2)e+05,(2.2+/-1.2)e+05,(2.2+/-1.2)e+05,(2.2+/-1.2)e+05,(2.2+/-1.2)e+05,(2.2+/-1.2)e+05,(2.2+/-1.2)e+05,(2.2+/-1.2)e+05,(2.2+/-1.2)e+05,(2.2+/-1.2)e+05,(2.2+/-1.2)e+05,(2.2+/-1.2)e+05,(2.2+/-1.2)e+05,(2.2+/-1.2)e+05,(2.2+/-1.2)e+05,(2.2+/-1.2)e+05,(2.2+/-1.2)e+05,(2.2+/-1.2)e+05,(2.2+/-1.2)e+05,(2.2+/-1.2)e+05,(2.2+/-1.2)e+05,(2.2+/-1.2)e+05,(2.2+/-1.2)e+05,(2.2+/-1.2)e+05,(2.2+/-1.2)e+05,(2.2+/-1.2)e+05,(2.2+/-1.2)e+05,(2.2+/-1.2)e+05,(2.2+/-1.2)e+05,(2.2+/-1.2)e+05,(2.2+/-1.2)e+05,(2.2+/-1.2)e+05,(2.2+/-1.2)e+05,(2.2+/-1.2)e+05,(2.2+/-1.2)e+05,(2.2+/-1.2)e+05,(2.2+/-1.2)e+05,(2.2+/-1.2)e+05,(2.2+/-1.2)e+05,(2.2+/-1.2)e+05,(2.2+/-1.2)e+05,(2.2+/-1.2)e+05,(2.2+/-1.2)e+05,(2.2+/-1.2)e+05,(2.2+/-1.2)e+05,(2.2+/-1.2)e+05,(2.2+/-1.2)e+05,(2.2+/-1.2)e+05,(2.2+/-1.2)e+05,(2.2+/-1.2)e+05,(2.2+/-1.2)e+05
Czechia,944870,1823115,0,0,(1.2+/-0.6)e+07,(1.2+/-0.6)e+07,(1.2+/-0.6)e+07,(1.2+/-0.6)e+07,(1.2+/-0.6)e+07,(1.2+/-0.6)e+07,(1.2+/-0.6)e+07,(1.2+/-0.6)e+07,(1.2+/-0.6)e+07,(1.2+/-0.6)e+07,(1.2+/-0.6)e+07,(1.2+/-0.6)e+07,(1.2+/-0.6)e+07,(1.2+/-0.6)e+07,(1.2+/-0.6)e+07,(1.2+/-0.6)e+07,(1.2+/-0.6)e+07,(1.2+/-0.6)e+07,(1.2+/-0.6)e+07,(1.2+/-0.6)e+07,(1.2+/-0.6)e+07,(1.2+/-0.6)e+07,(1.2+/-0.6)e+07,(1.2+/-0.6)e+07,(1.2+/-0.6)e+07,(1.2+/-0.6)e+07,(1.2+/-0.6)e+07,(1.2+/-0.6)e+07,(1.2+/-0.6)e+07,(1.2+/-0.6)e+07,(1.2+/-0.6)e+07,(1.2+/-0.6)e+07,(1.2+/-0.6)e+07,(1.2+/-0.6)e+07,(1.2+/-0.6)e+07,(1.2+/-0.6)e+07,(1.2+/-0.6)e+07,(1.2+/-0.6)e+07,(1.2+/-0.6)e+07,(1.2+/-0.6)e+07,(1.2+/-0.6)e+07,(1.2+/-0.6)e+07,(1.2+/-0.6)e+07,(1.2+/-0.6)e+07,(1.2+/-0.6)e+07,(1.2+/-0.6)e+07,(1.2+/-0.6)e+07,(1.2+/-0.6)e+07,(1.2+/-0.6)e+07,(1.2+/-0.6)e+07,(1.2+/-0.6)e+07
Germany,6836857,13817702,0,0,(1.4+/-0.7)e+08,(1.4+/-0.7)e+08,(1.4+/-0.7)e+08,(1.4+/-0.7)e+08,(1.4+/-0.7)e+08,(1.4+/-0.7)e+08,(1.4+/-0.7)e+08,(1.4+/-0.7)e+08,(1.4+/-0.7)e+08,(1.4+/-0.7)e+08,(1.4+/-0.7)e+08,(1.4+/-0.7)e+08,(1.4+/-0.7)e+08,(1.4+/-0.7)e+08,(1.4+/-0.7)e+08,(1.4+/-0.7)e+08,(1.4+/-0.7)e+08,(1.4+/-0.7)e+08,(1.4+/-0.7)e+08,(1.4+/-0.7)e+08,(1.4+/-0.7)e+08,(1.4+/-0.7)e+08,(1.4+/-0.7)e+08,(1.4+/-0.7)e+08,(1.4+/-0.7)e+08,(1.4+/-0.7)e+08,(1.4+/-0.7)e+08,(1.4+/-0.7)e+08,(1.4+/-0.7)e+08,(1.4+/-0.7)e+08,(1.4+/-0.7)e+08,(1.4+/-0.7)e+08,(1.4+/-0.7)e+08,(1.4+/-0.7)e+08,(1.4+/-0.7)e+08,(1.4+/-0.7)e+08,(1.4+/-0.7)e+08,(1.4+/-0.7)e+08,(1.4+/-0.7)e+08,(1.4+/-0.7)e+08,(1.4+/-0.7)e+08,(1.4+/-0.7)e+08,(1.4+/-0.7)e+08,(1.4+/-0.7)e+08,(1.4+/-0.7)e+08,(1.4+/-0.7)e+08,(1.4+/-0.7)e+08,(1.4+/-0.7)e+08,(1.4+/-0.7)e+08,(1.4+/-0.7)e+08,(1.4+/-0.7)e+08
Djibouti,30487,76121,0,0,0.0+/-0,0.0+/-0,0.0+/-0,0.0+/-0,0.0+/-0,0.0+/-0,0.0+/-0,0.0+/-0,0.0+/-0,0.0+/-0,0.0+/-0,0.0+/-0,0.0+/-0,0.0+/-0,0.0+/-0,0.0+/-0,0.0+/-0,0.0+/-0,0.0+/-0,0.0+/-0,0.0+/-0,0.0+/-0,0.0+/-0,0.0+/-0,0.0+/-0,0.0+/-0,0.0+/-0,0.0+/-0,0.0+/-0,0.0+/-0,0.0+/-0,0.0+/-0,0.0+/-0,0.0+/-0,0.0+/-0,0.0+/-0,0.0+/-0,0.0+/-0,0.0+/-0,0.0+/-0,0.0+/-0,0.0+/-0,0.0+/-0,0.0+/-0,0.0+/-0,0.0+/-0,0.0+/-0,0.0+/-0,0.0+/-0,0.0+/-0,0.0+/-0
Dominica,4958,8085,0,0,(2.5+/-1.3)e+03,(2.5+/-1.3)e+03,(2.5+/-1.3)e+03,(2.5+/-1.3)e+03,(2.5+/-1.3)e+03,(2.5+/-1.3)e+03,(2.5+/-1.3)e+03,(2.5+/-1.3)e+03,(2.5+/-1.3)e+03,(2.5+/-1.3)e+03,(2.5+/-1.3)e+03,(2.5+/-1.3)e+03,(2.5+/-1.3)e+03,(2.5+/-1.3)e+03,(2.5+/-1.3)e+03,(2.5+/-1.3)e+03,(2.5+/-1.3)e+03,(2.5+/-1.3)e+03,(2.5+/-1.3)e+03,(2.5+/-1.3)e+03,(2.5+/-1.3)e+03,(2.5+/-1.3)e+03,(2.5+/-1.3)e+03,(2.5+/-1.3)e+03,(2.5+/-1.3)e+03,(2.5+/-1.3)e+03,(2.5+/-1.3)e+03,(2.5+/-1.3)e+03,(2.5+/-1.3)e+03,(2.5+/-1.3)e+03,(2.5+/-1.3)e+03,(2.5+/-1.3)e+03,(2.5+/-1.3)e+03,(2.5+/-1.3)e+03,(2.5+/-1.3)e+03,(2.5+/-1.3)e+03,(2.5+/-1.3)e+03,(2.5+/-1.3)e+03,(2.5+/-1.3)e+03,(2.5+/-1.3)e+03,(2.5+/-1.3)e+03,(2.5+/-1.3)e+03,(2.5+/-1.3)e+03,(2.5+/-1.3)e+03,(2.5+/-1.3)e+03,(2.5+/-1.3)e+03,(2.5+/-1.3)e+03,(2.5+/-1.3)e+03,(2.5+/-1.3)e+03,(2.5+/-1.3)e+03,(2.5+/-1.3)e+03
Denmark,475469,1033883,0,0,(1.1+/-0.6)e+07,(1.1+/-0.6)e+07,(1.1+/-0.6)e+07,(1.1+/-0.6)e+07,(1.1+/-0.6)e+07,(1.1+/-0.6)e+07,(1.1+/-0.6)e+07,(1.1+/-0.6)e+07,(1.1+/-0.6)e+07,(1.1+/-0.6)e+07,(1.1+/-0.6)e+07,(1.1+/-0.6)e+07,(1.1+/-0.6)e+07,(1.1+/-0.6)e+07,(1.1+/-0.6)e+07,(1.1+/-0.6)e+07,(1.1+/-0.6)e+07,(1.1+/-0.6)e+07,(1.1+/-0.6)e+07,(1.1+/-0.6)e+07,(1.1+/-0.6)e+07,(1.1+/-0.6)e+07,(1.1+/-0.6)e+07,(1.1+/-0.6)e+07,(1.1+/-0.6)e+07,(1.1+/-0.6)e+07,(1.1+/-0.6)e+07,(1.1+/-0.6)e+07,(1.1+/-0.6)e+07,(1.1+/-0.6)e+07,(1.1+/-0.6)e+07,(1.1+/-0.6)e+07,(1.1+/-0.6)e+07,(1.1+/-0.6)e+07,(1.1+/-0.6)e+07,(1.1+/-0.6)e+07,(1.1+/-0.6)e+07,(1.1+/-0.6)e+07,(1.1+/-0.6)e+07,(1.1+/-0.6)e+07,(1.1+/-0.6)e+07,(1.1+/-0.6)e+07,(1.1+/-0.6)e+07,(1.1+/-0.6)e+07,(1.1+/-0.6)e+07,(1.1+/-0.6)e+07,(1.1+/-0.6)e+07,(1.1+/-0.6)e+07,(1.1+/-0.6)e+07,(1.1+/-0.6)e+07,(1.1+/-0.6)e+07
Dominican Republic,509133,1661708,0,0,(2.3+/-1.4)e+06,(2.3+/-1.4)e+06,(2.3+/-1.4)e+06,(2.3+/-1.4)e+06,(2.3+/-1.4)e+06,(2.3+/-1.4)e+06,(2.3+/-1.4)e+06,(2.3+/-1.4)e+06,(2.3+/-1.4)e+06,(2.3+/-1.4)e+06,(2.3+/-1.4)e+06,(2.3+/-1.4)e+06,(2.3+/-1.4)e+06,(2.3+/-1.4)e+06,(2.3+/-1.4)e+06,(2.3+/-1.4)e+06,(2.3+/-1.4)e+06,(2.3+/-1.4)e+06,(2.3+/-1.4)e+06,(2.3+/-1.4)e+06,(2.3+/-1.4)e+06,(2.3+/-1.4)e+06,(2.3+/-1.4)e+06,(2.3+/-1.4)e+06,(2.3+/-1.4)e+06,(2.3+/-1.4)e+06,(2.3+/-1.4)e+06,(2.3+/-1.4)e+06,(2.3+/-1.4)e+06,(2.3+/-1.4)e+06,(2.3+/-1.4)e+06,(2.3+/-1.4)e+06,(2.3+/-1.4)e+06,(2.3+/-1.4)e+06,(2.3+/-1.4)e+06,(2.3+/-1.4)e+06,(2.3+/-1.4)e+06,(2.3+/-1.4)e+06,(2.3+/-1.4)e+06,(2.3+/-1.4)e+06,(2.3+/-1.4)e+06,(2.3+/-1.4)e+06,(2.3+/-1.4)e+06,(2.3+/-1.4)e+06,(2.3+/-1.4)e+06,(2.3+/-1.4)e+06,(2.3+/-1.4)e+06,(2.3+/-1.4)e+06,(2.3+/-1.4)e+06,(2.3+/-1.4)e+06,(2.3+/-1.4)e+06
Algeria,2251864,4878818,0,0,(4.3+/-2.4)e+06,(4.3+/-2.4)e+06,(4.3+/-2.4)e+06,(4.3+/-2.4)e+06,(4.3+/-2.4)e+06,(4.3+/-2.4)e+06,(4.3+/-2.4)e+06,(4.3+/-2.4)e+06,(4.3+/-2.4)e+06,(4.3+/-2.4)e+06,(4.3+/-2.4)e+06,(4.3+/-2.4)e+06,(4.3+/-2.4)e+06,(4.3+/-2.4)e+06,(4.3+/-2.4)e+06,(4.3+/-2.4)e+06,(4.3+/-2.4)e+06,(4.3+/-2.4)e+06,(4.3+/-2.4)e+06,(4.3+/-2.4)e+06,(4.3+/-2.4)e+06,(4.3+/-2.4)e+06,(4.3+/-2.4)e+06,(4.3+/-2.4)e+06,(4.3+/-2.4)e+06,(4.3+/-2.4)e+06,(4.3+/-2.4)e+06,(4.3+/-2.4)e+06,(4.3+/-2.4)e+06,(4.3+/-2.4)e+06,(4.3+/-2.4)e+06,(4.3+/-2.4)e+06,(4.3+/-2.4)e+06,(4.3+/-2.4)e+06,(4.3+/-2.4)e+06,(4.3+/-2.4)e+06,(4.3+/-2.4)e+06,(4.3+/-2.4)e+06,(4.3+/-2.4)e+06,(4.3+/-2.4)e+06,(4.3+/-2.4)e+06,(4.3+/-2.4)e+06,(4.3+/-2.4)e+06,(4.3+/-2.4)e+06,(4.3+/-2.4)e+06,(4.3+/-2.4)e+06,(4.3+/-2.4)e+06,(4.3+/-2.4)e+06,(4.3+/-2.4)e+06,(4.3+/-2.4)e+06,(4.3+/-2.4)e+06
Ecuador,1337169,3304848,0,0,(2.7+/-1.5)e+06,(2.7+/-1.5)e+06,(2.7+/-1.5)e+06,(2.7+/-1.5)e+06,(2.7+/-1.5)e+06,(2.7+/-1.5)e+06,(2.7+/-1.5)e+06,(2.7+/-1.5)e+06,(2.7+/-1.5)e+06,(2.7+/-1.5)e+06,(2.7+/-1.5)e+06,(2.7+/-1.5)e+06,(2.7+/-1.5)e+06,(2.7+/-1.5)e+06,(2.7+/-1.5)e+06,(2.7+/-1.5)e+06,(2.7+/-1.5)e+06,(2.7+/-1.5)e+06,(2.7+/-1.5)e+06,(2.7+/-1.5)e+06,(2.7+/-1.5)e+06,(2.7+/-1.5)e+06,(2.7+/-1.5)e+06,(2.7+/-1.5)e+06,(2.7+/-1.5)e+06,(2.7+/-1.5)e+06,(2.7+/-1.5)e+06,(2.7+/-1.5)e+06,(2.7+/-1.5)e+06,(2.7+/-1.5)e+06,(2.7+/-1.5)e+06,(2.7+/-1.5)e+06,(2.7+/-1.5)e+06,(2.7+/-1.5)e+06,(2.7+/-1.5)e+06,(2.7+/-1.5)e+06,(2.7+/-1.5)e+06,(2.7+/-1.5)e+06,(2.7+/-1.5)e+06,(2.7+/-1.5)e+06,(2.7+/-1.5)e+06,(2.7+/-1.5)e+06,(2.7+/-1.5)e+06,(2.7+/-1.5)e+06,(2.7+/-1.5)e+06,(2.7+/-1.5)e+06,(2.7+/-1.5)e+06,(2.7+/-1.5)e+06,(2.7+/-1.5)e+06,(2.7+/-1.5)e+06,(2.7+/-1.5)e+06
Egypt,5119064,12729259,0,0,(1.1+/-0.6)e+07,(1.1+/-0.6)e+07,(1.1+/-0.6)e+07,(1.1+/-0.6)e+07,(1.1+/-0.6)e+07,(1.1+/-0.6)e+07,(1.1+/-0.6)e+07,(1.1+/-0.6)e+07,(1.1+/-0.6)e+07,(1.1+/-0.6)e+07,(1.1+/-0.6)e+07,(1.1+/-0.6)e+07,(1.1+/-0.6)e+07,(1.1+/-0.6)e+07,(1.1+/-0.6)e+07,(1.1+/-0.6)e+07,(1.1+/-0.6)e+07,(1.1+/-0.6)e+07,(1.1+/-0.6)e+07,(1.1+/-0.6)e+07,(1.1+/-0.6)e+07,(1.1+/-0.6)e+07,(1.1+/-0.6)e+07,(1.1+/-0.6)e+07,(1.1+/-0.6)e+07,(1.1+/-0.6)e+07,(1.1+/-0.6)e+07,(1.1+/-0.6)e+07,(1.1+/-0.6)e+07,(1.1+/-0.6)e+07,(1.1+/-0.6)e+07,(1.1+/-0.6)e+07,(1.1+/-0.6)e+07,(1.1+/-0.6)e+07,(1.1+/-0.6)e+07,(1.1+/-0.6)e+07,(1.1+/-0.6)e+07,(1.1+/-0.6)e+07,(1.1+/-0.6)e+07,(1.1+/-0.6)e+07,(1.1+/-0.6)e+07,(1.1+/-0.6)e+07,(1.1+/-0.6)e+07,(1.1+/-0.6)e+07,(1.1+/-0.6)e+07,(1.1+/-0.6)e+07,(1.1+/-0.6)e+07,(1.1+/-0.6)e+07,(1.1+/-0.6)e+07,(1.1+/-0.6)e+07,(1.1+/-0.6)e+07
Eritrea,194926,516427,0,0,0.0+/-0,0.0+/-0,0.0+/-0,0.0+/-0,0.0+/-0,0.0+/-0,0.0+/-0,0.0+/-0,0.0+/-0,0.0+/-0,0.0+/-0,0.0+/-0,0.0+/-0,0.0+/-0,0.0+/-0,0.0+/-0,0.0+/-0,0.0+/-0,0.0+/-0,0.0+/-0,0.0+/-0,0.0+/-0,0.0+/-0,0.0+/-0,0.0+/-0,0.0+/-0,0.0+/-0,0.0+/-0,0.0+/-0,0.0+/-0,0.0+/-0,0.0+/-0,0.0+/-0,0.0+/-0,0.0+/-0,0.0+/-0,0.0+/-0,0.0+/-0,0.0+/-0,0.0+/-0,0.0+/-0,0.0+/-0,0.0+/-0,0.0+/-0,0.0+/-0,0.0+/-0,0.0+/-0,0.0+/-0,0.0+/-0,0.0+/-0,0.0+/-0
Spain,3384171,8415960,0,0,(2.9+/-1.7)e+07,(2.9+/-1.7)e+07,(2.9+/-1.7)e+07,(2.9+/-1.7)e+07,(2.9+/-1.7)e+07,(2.9+/-1.7)e+07,(2.9+/-1.7)e+07,(2.9+/-1.7)e+07,(2.9+/-1.7)e+07,(2.9+/-1.7)e+07,(2.9+/-1.7)e+07,(2.9+/-1.7)e+07,(2.9+/-1.7)e+07,(2.9+/-1.7)e+07,(2.9+/-1.7)e+07,(2.9+/-1.7)e+07,(2.9+/-1.7)e+07,(2.9+/-1.7)e+07,(2.9+/-1.7)e+07,(2.9+/-1.7)e+07,(2.9+/-1.7)e+07,(2.9+/-1.7)e+07,(2.9+/-1.7)e+07,(2.9+/-1.7)e+07,(2.9+/-1.7)e+07,(2.9+/-1.7)e+07,(2.9+/-1.7)e+07,(2.9+/-1.7)e+07,(2.9+/-1.7)e+07,(2.9+/-1.7)e+07,(2.9+/-1.7)e+07,(2.9+/-1.7)e+07,(2.9+/-1.7)e+07,(2.9+/-1.7)e+07,(2.9+/-1.7)e+07,(2.9+/-1.7)e+07,(2.9+/-1.7)e+07,(2.9+/-1.7)e+07,(2.9+/-1.7)e+07,(2.9+/-1.7)e+07,(2.9+/-1.7)e+07,(2.9+/-1.7)e+07,(2.9+/-1.7)e+07,(2.9+/-1.7)e+07,(2.9+/-1.7)e+07,(2.9+/-1.7)e+07,(2.9+/-1.7)e+07,(2.9+/-1.7)e+07,(2.9+/-1.7)e+07,(2.9+/-1.7)e+07,(2.9+/-1.7)e+07
Estonia,104460,213497,0,0,(7+/-4)e+05,(7+/-4)e+05,(7+/-4)e+05,(7+/-4)e+05,(7+/-4)e+05,(7+/-4)e+05,(7+/-4)e+05,(7+/-4)e+05,(7+/-4)e+05,(7+/-4)e+05,(7+/-4)e+05,(7+/-4)e+05,(7+/-4)e+05,(7+/-4)e+05,(7+/-4)e+05,(7+/-4)e+05,(7+/-4)e+05,(7+/-4)e+05,(7+/-4)e+05,(7+/-4)e+05,(7+/-4)e+05,(7+/-4)e+05,(7+/-4)e+05,(7+/-4)e+05,(7+/-4)e+05,(7+/-4)e+05,(7+/-4)e+05,(7+/-4)e+05,(7+/-4)e+05,(7+/-4)e+05,(7+/-4)e+05,(7+/-4)e+05,(7+/-4)e+05,(7+/-4)e+05,(7+/-4)e+05,(7+/-4)e+05,(7+/-4)e+05,(7+/-4)e+05,(7+/-4)e+05,(7+/-4)e+05,(7+/-4)e+05,(7+/-4)e+05,(7+/-4)e+05,(7+/-4)e+05,(7+/-4)e+05,(7+/-4)e+05,(7+/-4)e+05,(7+/-4)e+05,(7+/-4)e+05,(7+/-4)e+05,(7+/-4)e+05
Ethiopia,4546899,12568299,0,0,0.0+/-0,0.0+/-0,0.0+/-0,0.0+/-0,0.0+/-0,0.0+/-0,0.0+/-0,0.0+/-0,0.0+/-0,0.0+/-0,0.0+/-0,0.0+/-0,0.0+/-0,0.0+/-0,0.0+/-0,0.0+/-0,0.0+/-0,0.0+/-0,0.0+/-0,0.0+/-0,0.0+/-0,0.0+/-0,0.0+/-0,0.0+/-0,0.0+/-0,0.0+/-0,0.0+/-0,0.0+/-0,0.0+/-0,0.0+/-0,0.0+/-0,0.0+/-0,0.0+/-0,0.0+/-0,0.0+/-0,0.0+/-0,0.0+/-0,0.0+/-0,0.0+/-0,0.0+/-0,0.0+/-0,0.0+/-0,0.0+/-0,0.0+/-0,0.0+/-0,0.0+/-0,0.0+/-0,0.0+/-0,0.0+/-0,0.0+/-0,0.0+/-0
Finland,444260,915307,0,0,(7+/-4)e+06,(7+/-4)e+06,(7+/-4)e+06,(7+/-4)e+06,(7+/-4)e+06,(7+/-4)e+06,(7+/-4)e+06,(7+/-4)e+06,(7+/-4)e+06,(7+/-4)e+06,(7+/-4)e+06,(7+/-4)e+06,(7+/-4)e+06,(7+/-4)e+06,(7+/-4)e+06,(7+/-4)e+06,(7+/-4)e+06,(7+/-4)e+06,(7+/-4)e+06,(7+/-4)e+06,(7+/-4)e+06,(7+/-4)e+06,(7+/-4)e+06,(7+/-4)e+06,(7+/-4)e+06,(7+/-4)e+06,(7+/-4)e+06,(7+/-4)e+06,(7+/-4)e+06,(7+/-4)e+06,(7+/-4)e+06,(7+/-4)e+06,(7+/-4)e+06,(7+/-4)e+06,(7+/-4)e+06,(7+/-4)e+06,(7+/-4)e+06,(7+/-4)e+06,(7+/-4)e+06,(7+/-4)e+06,(7+/-4)e+06,(7+/-4)e+06,(7+/-4)e+06,(7+/-4)e+06,(7+/-4)e+06,(7+/-4)e+06,(7+/-4)e+06,(7+/-4)e+06,(7+/-4)e+06,(7+/-4)e+06,(7+/-4)e+06
Fiji,55501,123080,0,0,(8+/-4)e+04,(8+/-4)e+04,(8+/-4)e+04,(8+/-4)e+04,(8+/-4)e+04,(8+/-4)e+04,(8+/-4)e+04,(8+/-4)e+04,(8+/-4)e+04,(8+/-4)e+04,(8+/-4)e+04,(8+/-4)e+04,(8+/-4)e+04,(8+/-4)e+04,(8+/-4)e+04,(8+/-4)e+04,(8+/-4)e+04,(8+/-4)e+04,(8+/-4)e+04,(8+/-4)e+04,(8+/-4)e+04,(8+/-4)e+04,(8+/-4)e+04,(8+/-4)e+04,(8+/-4)e+04,(8+/-4)e+04,(8+/-4)e+04,(8+/-4)e+04,(8+/-4)e+04,(8+/-4)e+04,(8+/-4)e+04,(8+/-4)e+04,(8+/-4)e+04,(8+/-4)e+04,(8+/-4)e+04,(8+/-4)e+04,(8+/-4)e+04,(8+/-4)e+04,(8+/-4)e+04,(8+/-4)e+04,(8+/-4)e+04,(8+/-4)e+04,(8+/-4)e+04,(8+/-4)e+04,(8+/-4)e+04,(8+/-4)e+04,(8+/-4)e+04,(8+/-4)e+04,(8+/-4)e+04,(8+/-4)e+04,(8+/-4)e+04
France,4623692,9578986,0,0,(4.6+/-2.5)e+07,(4.6+/-2.5)e+07,(4.6+/-2.5)e+07,(4.6+/-2.5)e+07,(4.6+/-2.5)e+07,(4.6+/-2.5)e+07,(4.6+/-2.5)e+07,(4.6+/-2.5)e+07,(4.6+/-2.5)e+07,(4.6+/-2.5)e+07,(4.6+/-2.5)e+07,(4.6+/-2.5)e+07,(4.6+/-2.5)e+07,(4.6+/-2.5)e+07,(4.6+/-2.5)e+07,(4.6+/-2.5)e+07,(4.6+/-2.5)e+07,(4.6+/-2.5)e+07,(4.6+/-2.5)e+07,(4.6+/-2.5)e+07,(4.6+/-2.5)e+07,(4.6+/-2.5)e+07,(4.6+/-2.5)e+07,(4.6+/-2.5)e+07,(4.6+/-2.5)e+07,(4.6+/-2.5)e+07,(4.6+/-2.5)e+07,(4.6+/-2.5)e+07,(4.6+/-2.5)e+07,(4.6+/-2.5)e+07,(4.6+/-2.5)e+07,(4.6+/-2.5)e+07,(4.6+/-2.5)e+07,(4.6+/-2.5)e+07,(4.6+/-2.5)e+07,(4.6+/-2.5)e+07,(4.6+/-2.5)e+07,(4.6+/-2.5)e+07,(4.6+/-2.5)e+07,(4.6+/-2.5)e+07,(4.6+/-2.5)e+07,(4.6+/-2.5)e+07,(4.6+/-2.5)e+07,(4.6+/-2.5)e+07,(4.6+/-2.5)e+07,(4.6+/-2.5)e+07,(4.6+/-2.5)e+07,(4.6+/-2.5)e+07,(4.6+/-2.5)e+07,(4.6+/-2.5)e+07,(4.6+/-2.5)e+07
Faroe Islands,4281,9471,0,0,0.0+/-0,0.0+/-0,0.0+/-0,0.0+/-0,0.0+/-0,0.0+/-0,0.0+/-0,0.0+/-0,0.0+/-0,0.0+/-0,0.0+/-0,0.0+/-0,0.0+/-0,0.0+/-0,0.0+/-0,0.0+/-0,0.0+/-0,0.0+/-0,0.0+/-0,0.0+/-0,0.0+/-0,0.0+/-0,0.0+/-0,0.0+/-0,0.0+/-0,0.0+/-0,0.0+/-0,0.0+/-0,0.0+/-0,0.0+/-0,0.0+/-0,0.0+/-0,0.0+/-0,0.0+/-0,0.0+/-0,0.0+/-0,0.0+/-0,0.0+/-0,0.0+/-0,0.0+/-0,0.0+/-0,0.0+/-0,0.0+/-0,0.0+/-0,0.0+/-0,0.0+/-0,0.0+/-0,0.0+/-0,0.0+/-0,0.0+/-0,0.0+/-0
"Micronesia, Fed. Sts.",1907,5041,0,0,0.0+/-0,0.0+/-0,0.0+/-0,0.0+/-0,0.0+/-0,0.0+/-0,0.0+/-0,0.0+/-0,0.0+/-0,0.0+/-0,0.0+/-0,0.0+/-0,0.0+/-0,0.0+/-0,0.0+/-0,0.0+/-0,0.0+/-0,0.0+/-0,0.0+/-0,0.0+/-0,0.0+/-0,0.0+/-0,0.0+/-0,0.0+/-0,0.0+/-0,0.0+/-0,0.0+/-0,0.0+/-0,0.0+/-0,0.0+/-0,0.0+/-0,0.0+/-0,0.0+/-0,0.0+/-0,0.0+/-0,0.0+/-0,0.0+/-0,0.0+/-0,0.0+/-0,0.0+/-0,0.0+/-0,0.0+/-0,0.0+/-0,0.0+/-0,0.0+/-0,0.0+/-0,0.0+/-0,0.0+/-0,0.0+/-0,0.0+/-0,0.0+/-0
Gabon,54830,175331,0,0,0.0+/-0,0.0+/-0,0.0+/-0,0.0+/-0,0.0+/-0,0.0+/-0,0.0+/-0,0.0+/-0,0.0+/-0,0.0+/-0,0.0+/-0,0.0+/-0,0.0+/-0,0.0+/-0,0.0+/-0,0.0+/-0,0.0+/-0,0.0+/-0,0.0+/-0,0.0+/-0,0.0+/-0,0.0+/-0,0.0+/-0,0.0+/-0,0.0+/-0,0.0+/-0,0.0+/-0,0.0+/-0,0.0+/-0,0.0+/-0,0.0+/-0,0.0+/-0,0.0+/-0,0.0+/-0,0.0+/-0,0.0+/-0,0.0+/-0,0.0+/-0,0.0+/-0,0.0+/-0,0.0+/-0,0.0+/-0,0.0+/-0,0.0+/-0,0.0+/-0,0.0+/-0,0.0+/-0,0.0+/-0,0.0+/-0,0.0+/-0,0.0+/-0
United Kingdom,4373221,9853965,0,0,(3.5+/-1.9)e+08,(3.5+/-1.9)e+08,(3.5+/-1.9)e+08,(3.5+/-1.9)e+08,(3.5+/-1.9)e+08,(3.5+/-1.9)e+08,(3.5+/-1.9)e+08,(3.5+/-1.9)e+08,(3.5+/-1.9)e+08,(3.5+/-1.9)e+08,(3.5+/-1.9)e+08,(3.5+/-1.9)e+08,(3.5+/-1.9)e+08,(3.5+/-1.9)e+08,(3.5+/-1.9)e+08,(3.5+/-1.9)e+08,(3.5+/-1.9)e+08,(3.5+/-1.9)e+08,(3.5+/-1.9)e+08,(3.5+/-1.9)e+08,(3.5+/-1.9)e+08,(3.5+/-1.9)e+08,(3.5+/-1.9)e+08,(3.5+/-1.9)e+08,(3.5+/-1.9)e+08,(3.5+/-1.9)e+08,(3.5+/-1.9)e+08,(3.5+/-1.9)e+08,(3.5+/-1.9)e+08,(3.5+/-1.9)e+08,(3.5+/-1.9)e+08,(3.5+/-1.9)e+08,(3.5+/-1.9)e+08,(3.5+/-1.9)e+08,(3.5+/-1.9)e+08,(3.5+/-1.9)e+08,(3.5+/-1.9)e+08,(3.5+/-1.9)e+08,(3.5+/-1.9)e+08,(3.5+/-1.9)e+08,(3.5+/-1.9)e+08,(3.5+/-1.9)e+08,(3.5+/-1.9)e+08,(3.5+/-1.9)e+08,(3.5+/-1.9)e+08,(3.5+/-1.9)e+08,(3.5+/-1.9)e+08,(3.5+/-1.9)e+08,(3.5+/-1.9)e+08,(3.5+/-1.9)e+08,(3.5+/-1.9)e+08
Georgia,229855,469150,0,0,(3.4+/-1.9)e+05,(3.4+/-1.9)e+05,(3.4+/-1.9)e+05,(3.4+/-1.9)e+05,(3.4+/-1.9)e+05,(3.4+/-1.9)e+05,(3.4+/-1.9)e+05,(3.4+/-1.9)e+05,(3.4+/-1.9)e+05,(3.4+/-1.9)e+05,(3.4+/-1.9)e+05,(3.4+/-1.9)e+05,(3.4+/-1.9)e+05,(3.4+/-1.9)e+05,(3.4+/-1.9)e+05,(3.4+/-1.9)e+05,(3.4+/-1.9)e+05,(3.4+/-1.9)e+05,(3.4+/-1.9)e+05,(3.4+/-1.9)e+05,(3.4+/-1.9)e+05,(3.4+/-1.9)e+05,(3.4+/-1.9)e+05,(3.4+/-1.9)e+05,(3.4+/-1.9)e+05,(3.4+/-1.9)e+05,(3.4+/-1.9)e+05,(3.4+/-1.9)e+05,(3.4+/-1.9)e+05,(3.4+/-1.9)e+05,(3.4+/-1.9)e+05,(3.4+/-1.9)e+05,(3.4+/-1.9)e+05,(3.4+/-1.9)e+05,(3.4+/-1.9)e+05,(3.4+/-1.9)e+05,(3.4+/-1.9)e+05,(3.4+/-1.9)e+05,(3.4+/-1.9)e+05,(3.4+/-1.9)e+05,(3.4+/-1.9)e+05,(3.4+/-1.9)e+05,(3.4+/-1.9)e+05,(3.4+/-1.9)e+05,(3.4+/-1.9)e+05,(3.4+/-1.9)e+05,(3.4+/-1.9)e+05,(3.4+/-1.9)e+05,(3.4+/-1.9)e+05,(3.4+/-1.9)e+05,(3.4+/-1.9)e+05
Ghana,1825664,4906972,0,0,0.0+/-0,0.0+/-0,0.0+/-0,0.0+/-0,0.0+/-0,0.0+/-0,0.0+/-0,0.0+/-0,0.0+/-0,0.0+/-0,0.0+/-0,0.0+/-0,0.0+/-0,0.0+/-0,0.0+/-0,0.0+/-0,0.0+/-0,0.0+/-0,0.0+/-0,0.0+/-0,0.0+/-0,0.0+/-0,0.0+/-0,0.0+/-0,0.0+/-0,0.0+/-0,0.0+/-0,0.0+/-0,0.0+/-0,0.0+/-0,0.0+/-0,0.0+/-0,0.0+/-0,0.0+/-0,0.0+/-0,0.0+/-0,0.0+/-0,0.0+/-0,0.0+/-0,0.0+/-0,0.0+/-0,0.0+/-0,0.0+/-0,0.0+/-0,0.0+/-0,0.0+/-0,0.0+/-0,0.0+/-0,0.0+/-0,0.0+/-0,0.0+/-0
Gibraltar,3068,8530,0,0,0.0+/-0,0.0+/-0,0.0+/-0,0.0+/-0,0.0+/-0,0.0+/-0,0.0+/-0,0.0+/-0,0.0+/-0,0.0+/-0,0.0+/-0,0.0+/-0,0.0+/-0,0.0+/-0,0.0+/-0,0.0+/-0,0.0+/-0,0.0+/-0,0.0+/-0,0.0+/-0,0.0+/-0,0.0+/-0,0.0+/-0,0.0+/-0,0.0+/-0,0.0+/-0,0.0+/-0,0.0+/-0,0.0+/-0,0.0+/-0,0.0+/-0,0.0+/-0,0.0+/-0,0.0+/-0,0.0+/-0,0.0+/-0,0.0+/-0,0.0+/-0,0.0+/-0,0.0+/-0,0.0+/-0,0.0+/-0,0.0+/-0,0.0+/-0,0.0+/-0,0.0+/-0,0.0+/-0,0.0+/-0,0.0+/-0,0.0+/-0,0.0+/-0
Guinea,380919,1734246,0,0,0.0+/-0,0.0+/-0,0.0+/-0,0.0+/-0,0.0+/-0,0.0+/-0,0.0+/-0,0.0+/-0,0.0+/-0,0.0+/-0,0.0+/-0,0.0+/-0,0.0+/-0,0.0+/-0,0.0+/-0,0.0+/-0,0.0+/-0,0.0+/-0,0.0+/-0,0.0+/-0,0.0+/-0,0.0+/-0,0.0+/-0,0.0+/-0,0.0+/-0,0.0+/-0,0.0+/-0,0.0+/-0,0.0+/-0,0.0+/-0,0.0+/-0,0.0+/-0,0.0+/-0,0.0+/-0,0.0+/-0,0.0+/-0,0.0+/-0,0.0+/-0,0.0+/-0,0.0+/-0,0.0+/-0,0.0+/-0,0.0+/-0,0.0+/-0,0.0+/-0,0.0+/-0,0.0+/-0,0.0+/-0,0.0+/-0,0.0+/-0,0.0+/-0
Gambia,95721,330727,0,0,0.0+/-0,0.0+/-0,0.0+/-0,0.0+/-0,0.0+/-0,0.0+/-0,0.0+/-0,0.0+/-0,0.0+/-0,0.0+/-0,0.0+/-0,0.0+/-0,0.0+/-0,0.0+/-0,0.0+/-0,0.0+/-0,0.0+/-0,0.0+/-0,0.0+/-0,0.0+/-0,0.0+/-0,0.0+/-0,0.0+/-0,0.0+/-0,0.0+/-0,0.0+/-0,0.0+/-0,0.0+/-0,0.0+/-0,0.0+/-0,0.0+/-0,0.0+/-0,0.0+/-0,0.0+/-0,0.0+/-0,0.0+/-0,0.0+/-0,0.0+/-0,0.0+/-0,0.0+/-0,0.0+/-0,0.0+/-0,0.0+/-0,0.0+/-0,0.0+/-0,0.0+/-0,0.0+/-0,0.0+/-0,0.0+/-0,0.0+/-0,0.0+/-0
Guinea-Bissau,66238,207584,0,0,0.0+/-0,0.0+/-0,0.0+/-0,0.0+/-0,0.0+/-0,0.0+/-0,0.0+/-0,0.0+/-0,0.0+/-0,0.0+/-0,0.0+/-0,0.0+/-0,0.0+/-0,0.0+/-0,0.0+/-0,0.0+/-0,0.0+/-0,0.0+/-0,0.0+/-0,0.0+/-0,0.0+/-0,0.0+/-0,0.0+/-0,0.0+/-0,0.0+/-0,0.0+/-0,0.0+/-0,0.0+/-0,0.0+/-0,0.0+/-0,0.0+/-0,0.0+/-0,0.0+/-0,0.0+/-0,0.0+/-0,0.0+/-0,0.0+/-0,0.0+/-0,0.0+/-0,0.0+/-0,0.0+/-0,0.0+/-0,0.0+/-0,0.0+/-0,0.0+/-0,0.0+/-0,0.0+/-0,0.0+/-0,0.0+/-0,0.0+/-0,0.0+/-0
Equatorial Guinea,62287,189709,0,0,0.0+/-0,0.0+/-0,0.0+/-0,0.0+/-0,0.0+/-0,0.0+/-0,0.0+/-0,0.0+/-0,0.0+/-0,0.0+/-0,0.0+/-0,0.0+/-0,0.0+/-0,0.0+/-0,0.0+/-0,0.0+/-0,0.0+/-0,0.0+/-0,0.0+/-0,0.0+/-0,0.0+/-0,0.0+/-0,0.0+/-0,0.0+/-0,0.0+/-0,0.0+/-0,0.0+/-0,0.0+/-0,0.0+/-0,0.0+/-0,0.0+/-0,0.0+/-0,0.0+/-0,0.0+/-0,0.0+/-0,0.0+/-0,0.0+/-0,0.0+/-0,0.0+/-0,0.0+/-0,0.0+/-0,0.0+/-0,0.0+/-0,0.0+/-0,0.0+/-0,0.0+/-0,0.0+/-0,0.0+/-0,0.0+/-0,0.0+/-0,0.0+/-0
Greece,621554,1604709,0,0,(3.5+/-2.0)e+06,(3.5+/-2.0)e+06,(3.5+/-2.0)e+06,(3.5+/-2.0)e+06,(3.5+/-2.0)e+06,(3.5+/-2.0)e+06,(3.5+/-2.0)e+06,(3.5+/-2.0)e+06,(3.5+/-2.0)e+06,(3.5+/-2.0)e+06,(3.5+/-2.0)e+06,(3.5+/-2.0)e+06,(3.5+/-2.0)e+06,(3.5+/-2.0)e+06,(3.5+/-2.0)e+06,(3.5+/-2.0)e+06,(3.5+/-2.0)e+06,(3.5+/-2.0)e+06,(3.5+/-2.0)e+06,(3.5+/-2.0)e+06,(3.5+/-2.0)e+06,(3.5+/-2.0)e+06,(3.5+/-2.0)e+06,(3.5+/-2.0)e+06,(3.5+/-2.0)e+06,(3.5+/-2.0)e+06,(3.5+/-2.0)e+06,(3.5+/-2.0)e+06,(3.5+/-2.0)e+06,(3.5+/-2.0)e+06,(3.5+/-2.0)e+06,(3.5+/-2.0)e+06,(3.5+/-2.0)e+06,(3.5+/-2.0)e+06,(3.5+/-2.0)e+06,(3.5+/-2.0)e+06,(3.5+/-2.0)e+06,(3.5+/-2.0)e+06,(3.5+/-2.0)e+06,(3.5+/-2.0)e+06,(3.5+/-2.0)e+06,(3.5+/-2.0)e+06,(3.5+/-2.0)e+06,(3.5+/-2.0)e+06,(3.5+/-2.0)e+06,(3.5+/-2.0)e+06,(3.5+/-2.0)e+06,(3.5+/-2.0)e+06,(3.5+/-2.0)e+06,(3.5+/-2.0)e+06,(3.5+/-2.0)e+06
Grenada,5273,14343,0,0,(5.5+/-3.1)e+03,(5.5+/-3.1)e+03,(5.5+/-3.1)e+03,(5.5+/-3.1)e+03,(5.5+/-3.1)e+03,(5.5+/-3.1)e+03,(5.5+/-3.1)e+03,(5.5+/-3.1)e+03,(5.5+/-3.1)e+03,(5.5+/-3.1)e+03,(5.5+/-3.1)e+03,(5.5+/-3.1)e+03,(5.5+/-3.1)e+03,(5.5+/-3.1)e+03,(5.5+/-3.1)e+03,(5.5+/-3.1)e+03,(5.5+/-3.1)e+03,(5.5+/-3.1)e+03,(5.5+/-3.1)e+03,(5.5+/-3.1)e+03,(5.5+/-3.1)e+03,(5.5+/-3.1)e+03,(5.5+/-3.1)e+03,(5.5+/-3.1)e+03,(5.5+/-3.1)e+03,(5.5+/-3.1)e+03,(5.5+/-3.1)e+03,(5.5+/-3.1)e+03,(5.5+/-3.1)e+03,(5.5+/-3.1)e+03,(5.5+/-3.1)e+03,(5.5+/-3.1)e+03,(5.5+/-3.1)e+03,(5.5+/-3.1)e+03,(5.5+/-3.1)e+03,(5.5+/-3.1)e+03,(5.5+/-3.1)e+03,(5.5+/-3.1)e+03,(5.5+/-3.1)e+03,(5.5+/-3.1)e+03,(5.5+/-3.1)e+03,(5.5+/-3.1)e+03,(5.5+/-3.1)e+03,(5.5+/-3.1)e+03,(5.5+/-3.1)e+03,(5.5+/-3.1)e+03,(5.5+/-3.1)e+03,(5.5+/-3.1)e+03,(5.5+/-3.1)e+03,(5.5+/-3.1)e+03,(5.5+/-3.1)e+03
Greenland,3855,8527,0,0,0.0+/-0,0.0+/-0,0.0+/-0,0.0+/-0,0.0+/-0,0.0+/-0,0.0+/-0,0.0+/-0,0.0+/-0,0.0+/-0,0.0+/-0,0.0+/-0,0.0+/-0,0.0+/-0,0.0+/-0,0.0+/-0,0.0+/-0,0.0+/-0,0.0+/-0,0.0+/-0,0.0+/-0,0.0+/-0,0.0+/-0,0.0+/-0,0.0+/-0,0.0+/-0,0.0+/-0,0.0+/-0,0.0+/-0,0.0+/-0,0.0+/-0,0.0+/-0,0.0+/-0,0.0+/-0,0.0+/-0,0.0+/-0,0.0+/-0,0.0+/-0,0.0+/-0,0.0+/-0,0.0+/-0,0.0+/-0,0.0+/-0,0.0+/-0,0.0+/-0,0.0+/-0,0.0+/-0,0.0+/-0,0.0+/-0,0.0+/-0,0.0+/-0
Guatemala,951778,3110454,0,0,(2.7+/-1.6)e+06,(2.7+/-1.6)e+06,(2.7+/-1.6)e+06,(2.7+/-1.6)e+06,(2.7+/-1.6)e+06,(2.7+/-1.6)e+06,(2.7+/-1.6)e+06,(2.7+/-1.6)e+06,(2.7+/-1.6)e+06,(2.7+/-1.6)e+06,(2.7+/-1.6)e+06,(2.7+/-1.6)e+06,(2.7+/-1.6)e+06,(2.7+/-1.6)e+06,(2.7+/-1.6)e+06,(2.7+/-1.6)e+06,(2.7+/-1.6)e+06,(2.7+/-1.6)e+06,(2.7+/-1.6)e+06,(2.7+/-1.6)e+06,(2.7+/-1.6)e+06,(2.7+/-1.6)e+06,(2.7+/-1.6)e+06,(2.7+/-1.6)e+06,(2.7+/-1.6)e+06,(2.7+/-1.6)e+06,(2.7+/-1.6)e+06,(2.7+/-1.6)e+06,(2.7+/-1.6)e+06,(2.7+/-1.6)e+06,(2.7+/-1.6)e+06,(2.7+/-1.6)e+06,(2.7+/-1.6)e+06,(2.7+/-1.6)e+06,(2.7+/-1.6)e+06,(2.7+/-1.6)e+06,(2.7+/-1.6)e+06,(2.7+/-1.6)e+06,(2.7+/-1.6)e+06,(2.7+/-1.6)e+06,(2.7+/-1.6)e+06,(2.7+/-1.6)e+06,(2.7+/-1.6)e+06,(2.7+/-1.6)e+06,(2.7+/-1.6)e+06,(2.7+/-1.6)e+06,(2.7+/-1.6)e+06,(2.7+/-1.6)e+06,(2.7+/-1.6)e+06,(2.7+/-1.6)e+06,(2.7+/-1.6)e+06
Guam,9426,23880,0,0,0.0+/-0,0.0+/-0,0.0+/-0,0.0+/-0,0.0+/-0,0.0+/-0,0.0+/-0,0.0+/-0,0.0+/-0,0.0+/-0,0.0+/-0,0.0+/-0,0.0+/-0,0.0+/-0,0.0+/-0,0.0+/-0,0.0+/-0,0.0+/-0,0.0+/-0,0.0+/-0,0.0+/-0,0.0+/-0,0.0+/-0,0.0+/-0,0.0+/-0,0.0+/-0,0.0+/-0,0.0+/-0,0.0+/-0,0.0+/-0,0.0+/-0,0.0+/-0,0.0+/-0,0.0+/-0,0.0+/-0,0.0+/-0,0.0+/-0,0.0+/-0,0.0+/-0,0.0+/-0,0.0+/-0,0.0+/-0,0.0+/-0,0.0+/-0,0.0+/-0,0.0+/-0,0.0+/-0,0.0+/-0,0.0+/-0,0.0+/-0,0.0+/-0
Guyana,40153,110729,0,0,(4.9+/-2.8)e+04,(4.9+/-2.8)e+04,(4.9+/-2.8)e+04,(4.9+/-2.8)e+04,(4.9+/-2.8)e+04,(4.9+/-2.8)e+04,(4.9+/-2.8)e+04,(4.9+/-2.8)e+04,(4.9+/-2.8)e+04,(4.9+/-2.8)e+04,(4.9+/-2.8)e+04,(4.9+/-2.8)e+04,(4.9+/-2.8)e+04,(4.9+/-2.8)e+04,(4.9+/-2.8)e+04,(4.9+/-2.8)e+04,(4.9+/-2.8)e+04,(4.9+/-2.8)e+04,(4.9+/-2.8)e+04,(4.9+/-2.8)e+04,(4.9+/-2.8)e+04,(4.9+/-2.8)e+04,(4.9+/-2.8)e+04,(4.9+/-2.8)e+04,(4.9+/-2.8)e+04,(4.9+/-2.8)e+04,(4.9+/-2.8)e+04,(4.9+/-2.8)e+04,(4.9+/-2.8)e+04,(4.9+/-2.8)e+04,(4.9+/-2.8)e+04,(4.9+/-2.8)e+04,(4.9+/-2.8)e+04,(4.9+/-2.8)e+04,(4.9+/-2.8)e+04,(4.9+/-2.8)e+04,(4.9+/-2.8)e+04,(4.9+/-2.8)e+04,(4.9+/-2.8)e+04,(4.9+/-2.8)e+04,(4.9+/-2.8)e+04,(4.9+/-2.8)e+04,(4.9+/-2.8)e+04,(4.9+/-2.8)e+04,(4.9+/-2.8)e+04,(4.9+/-2.8)e+04,(4.9+/-2.8)e+04,(4.9+/-2.8)e+04,(4.9+/-2.8)e+04,(4.9+/-2.8)e+04,(4.9+/-2.8)e+04
Hong Kong,343352,796977,0,0,0.0+/-0,0.0+/-0,0.0+/-0,0.0+/-0,0.0+/-0,0.0+/-0,0.0+/-0,0.0+/-0,0.0+/-0,0.0+/-0,0.0+/-0,0.0+/-0,0.0+/-0,0.0+/-0,0.0+/-0,0.0+/-0,0.0+/-0,0.0+/-0,0.0+/-0,0.0+/-0,0.0+/-0,0.0+/-0,0.0+/-0,0.0+/-0,0.0+/-0,0.0+/-0,0.0+/-0,0.0+/-0,0.0+/-0,0.0+/-0,0.0+/-0,0.0+/-0,0.0+/-0,0.0+/-0,0.0+/-0,0.0+/-0,0.0+/-0,0.0+/-0,0.0+/-0,0.0+/-0,0.0+/-0,0.0+/-0,0.0+/-0,0.0+/-0,0.0+/-0,0.0+/-0,0.0+/-0,0.0+/-0,0.0+/-0,0.0+/-0,0.0+/-0
Honduras,610384,1784532,0,0,(1.0+/-0.6)e+06,(1.0+/-0.6)e+06,(1.0+/-0.6)e+06,(1.0+/-0.6)e+06,(1.0+/-0.6)e+06,(1.0+/-0.6)e+06,(1.0+/-0.6)e+06,(1.0+/-0.6)e+06,(1.0+/-0.6)e+06,(1.0+/-0.6)e+06,(1.0+/-0.6)e+06,(1.0+/-0.6)e+06,(1.0+/-0.6)e+06,(1.0+/-0.6)e+06,(1.0+/-0.6)e+06,(1.0+/-0.6)e+06,(1.0+/-0.6)e+06,(1.0+/-0.6)e+06,(1.0+/-0.6)e+06,(1.0+/-0.6)e+06,(1.0+/-0.6)e+06,(1.0+/-0.6)e+06,(1.0+/-0.6)e+06,(1.0+/-0.6)e+06,(1.0+/-0.6)e+06,(1.0+/-0.6)e+06,(1.0+/-0.6)e+06,(1.0+/-0.6)e+06,(1.0+/-0.6)e+06,(1.0+/-0.6)e+06,(1.0+/-0.6)e+06,(1.0+/-0.6)e+06,(1.0+/-0.6)e+06,(1.0+/-0.6)e+06,(1.0+/-0.6)e+06,(1.0+/-0.6)e+06,(1.0+/-0.6)e+06,(1.0+/-0.6)e+06,(1.0+/-0.6)e+06,(1.0+/-0.6)e+06,(1.0+/-0.6)e+06,(1.0+/-0.6)e+06,(1.0+/-0.6)e+06,(1.0+/-0.6)e+06,(1.0+/-0.6)e+06,(1.0+/-0.6)e+06,(1.0+/-0.6)e+06,(1.0+/-0.6)e+06,(1.0+/-0.6)e+06,(1.0+/-0.6)e+06,(1.0+/-0.6)e+06
Croatia,265701,571191,0,0,(1.7+/-0.9)e+06,(1.7+/-0.9)e+06,(1.7+/-0.9)e+06,(1.7+/-0.9)e+06,(1.7+/-0.9)e+06,(1.7+/-0.9)e+06,(1.7+/-0.9)e+06,(1.7+/-0.9)e+06,(1.7+/-0.9)e+06,(1.7+/-0.9)e+06,(1.7+/-0.9)e+06,(1.7+/-0.9)e+06,(1.7+/-0.9)e+06,(1.7+/-0.9)e+06,(1.7+/-0.9)e+06,(1.7+/-0.9)e+06,(1.7+/-0.9)e+06,(1.7+/-0.9)e+06,(1.7+/-0.9)e+06,(1.7+/-0.9)e+06,(1.7+/-0.9)e+06,(1.7+/-0.9)e+06,(1.7+/-0.9)e+06,(1.7+/-0.9)e+06,(1.7+/-0.9)e+06,(1.7+/-0.9)e+06,(1.7+/-0.9)e+06,(1.7+/-0.9)e+06,(1.7+/-0.9)e+06,(1.7+/-0.9)e+06,(1.7+/-0.9)e+06,(1.7+/-0.9)e+06,(1.7+/-0.9)e+06,(1.7+/-0.9)e+06,(1.7+/-0.9)e+06,(1.7+/-0.9)e+06,(1.7+/-0.9)e+06,(1.7+/-0.9)e+06,(1.7+/-0.9)e+06,(1.7+/-0.9)e+06,(1.7+/-0.9)e+06,(1.7+/-0.9)e+06,(1.7+/-0.9)e+06,(1.7+/-0.9)e+06,(1.7+/-0.9)e+06,(1.7+/-0.9)e+06,(1.7+/-0.9)e+06,(1.7+/-0.9)e+06,(1.7+/-0.9)e+06,(1.7+/-0.9)e+06,(1.7+/-0.9)e+06
Haiti,749495,2191240,0,0,(9+/-5)e+05,(9+/-5)e+05,(9+/-5)e+05,(9+/-5)e+05,(9+/-5)e+05,(9+/-5)e+05,(9+/-5)e+05,(9+/-5)e+05,(9+/-5)e+05,(9+/-5)e+05,(9+/-5)e+05,(9+/-5)e+05,(9+/-5)e+05,(9+/-5)e+05,(9+/-5)e+05,(9+/-5)e+05,(9+/-5)e+05,(9+/-5)e+05,(9+/-5)e+05,(9+/-5)e+05,(9+/-5)e+05,(9+/-5)e+05,(9+/-5)e+05,(9+/-5)e+05,(9+/-5)e+05,(9+/-5)e+05,(9+/-5)e+05,(9+/-5)e+05,(9+/-5)e+05,(9+/-5)e+05,(9+/-5)e+05,(9+/-5)e+05,(9+/-5)e+05,(9+/-5)e+05,(9+/-5)e+05,(9+/-5)e+05,(9+/-5)e+05,(9+/-5)e+05,(9+/-5)e+05,(9+/-5)e+05,(9+/-5)e+05,(9+/-5)e+05,(9+/-5)e+05,(9+/-5)e+05,(9+/-5)e+05,(9+/-5)e+05,(9+/-5)e+05,(9+/-5)e+05,(9+/-5)e+05,(9+/-5)e+05,(9+/-5)e+05
Hungary,789107,1585370,0,0,(6.0+/-3.3)e+06,(6.0+/-3.3)e+06,(6.0+/-3.3)e+06,(6.0+/-3.3)e+06,(6.0+/-3.3)e+06,(6.0+/-3.3)e+06,(6.0+/-3.3)e+06,(6.0+/-3.3)e+06,(6.0+/-3.3)e+06,(6.0+/-3.3)e+06,(6.0+/-3.3)e+06,(6.0+/-3.3)e+06,(6.0+/-3.3)e+06,(6.0+/-3.3)e+06,(6.0+/-3.3)e+06,(6.0+/-3.3)e+06,(6.0+/-3.3)e+06,(6.0+/-3.3)e+06,(6.0+/-3.3)e+06,(6.0+/-3.3)e+06,(6.0+/-3.3)e+06,(6.0+/-3.3)e+06,(6.0+/-3.3)e+06,(6.0+/-3.3)e+06,(6.0+/-3.3)e+06,(6.0+/-3.3)e+06,(6.0+/-3.3)e+06,(6.0+/-3.3)e+06,(6.0+/-3.3)e+06,(6.0+/-3.3)e+06,(6.0+/-3.3)e+06,(6.0+/-3.3)e+06,(6.0+/-3.3)e+06,(6.0+/-3.3)e+06,(6.0+/-3.3)e+06,(6.0+/-3.3)e+06,(6.0+/-3.3)e+06,(6.0+/-3.3)e+06,(6.0+/-3.3)e+06,(6.0+/-3.3)e+06,(6.0+/-3.3)e+06,(6.0+/-3.3)e+06,(6.0+/-3.3)e+06,(6.0+/-3.3)e+06,(6.0+/-3.3)e+06,(6.0+/-3.3)e+06,(6.0+/-3.3)e+06,(6.0+/-3.3)e+06,(6.0+/-3.3)e+06,(6.0+/-3.3)e+06,(6.0+/-3.3)e+06
Indonesia,21942488,60424082,0,0,(5.1+/-2.9)e+07,(5.1+/-2.9)e+07,(5.1+/-2.9)e+07,(5.1+/-2.9)e+07,(5.1+/-2.9)e+07,(5.1+/-2.9)e+07,(5.1+/-2.9)e+07,(5.1+/-2.9)e+07,(5.1+/-2.9)e+07,(5.1+/-2.9)e+07,(5.1+/-2.9)e+07,(5.1+/-2.9)e+07,(5.1+/-2.9)e+07,(5.1+/-2.9)e+07,(5.1+/-2.9)e+07,(5.1+/-2.9)e+07,(5.1+/-2.9)e+07,(5.1+/-2.9)e+07,(5.1+/-2.9)e+07,(5.1+/-2.9)e+07,(5.1+/-2.9)e+07,(5.1+/-2.9)e+07,(5.1+/-2.9)e+07,(5.1+/-2.9)e+07,(5.1+/-2.9)e+07,(5.1+/-2.9)e+07,(5.1+/-2.9)e+07,(5.1+/-2.9)e+07,(5.1+/-2.9)e+07,(5.1+/-2.9)e+07,(5.1+/-2.9)e+07,(5.1+/-2.9)e+07,(5.1+/-2.9)e+07,(5.1+/-2.9)e+07,(5.1+/-2.9)e+07,(5.1+/-2.9)e+07,(5.1+/-2.9)e+07,(5.1+/-2.9)e+07,(5.1+/-2.9)e+07,(5.1+/-2.9)e+07,(5.1+/-2.9)e+07,(5.1+/-2.9)e+07,(5.1+/-2.9)e+07,(5.1+/-2.9)e+07,(5.1+/-2.9)e+07,(5.1+/-2.9)e+07,(5.1+/-2.9)e+07,(5.1+/-2.9)e+07,(5.1+/-2.9)e+07,(5.1+/-2.9)e+07,(5.1+/-2.9)e+07
Isle of Man,4515,10175,0,0,0.0+/-0,0.0+/-0,0.0+/-0,0.0+/-0,0.0+/-0,0.0+/-0,0.0+/-0,0.0+/-0,0.0+/-0,0.0+/-0,0.0+/-0,0.0+/-0,0.0+/-0,0.0+/-0,0.0+/-0,0.0+/-0,0.0+/-0,0.0+/-0,0.0+/-0,0.0+/-0,0.0+/-0,0.0+/-0,0.0+/-0,0.0+/-0,0.0+/-0,0.0+/-0,0.0+/-0,0.0+/-0,0.0+/-0,0.0+/-0,0.0+/-0,0.0+/-0,0.0+/-0,0.0+/-0,0.0+/-0,0.0+/-0,0.0+/-0,0.0+/-0,0.0+/-0,0.0+/-0,0.0+/-0,0.0+/-0,0.0+/-0,0.0+/-0,0.0+/-0,0.0+/-0,0.0+/-0,0.0+/-0,0.0+/-0,0.0+/-0,0.0+/-0
India,112858780,211152739,0,0,(8+/-4)e+07,(8+/-4)e+07,(8+/-4)e+07,(8+/-4)e+07,(8+/-4)e+07,(8+/-4)e+07,(8+/-4)e+07,(8+/-4)e+07,(8+/-4)e+07,(8+/-4)e+07,(8+/-4)e+07,(8+/-4)e+07,(8+/-4)e+07,(8+/-4)e+07,(8+/-4)e+07,(8+/-4)e+07,(8+/-4)e+07,(8+/-4)e+07,(8+/-4)e+07,(8+/-4)e+07,(8+/-4)e+07,(8+/-4)e+07,(8+/-4)e+07,(8+/-4)e+07,(8+/-4)e+07,(8+/-4)e+07,(8+/-4)e+07,(8+/-4)e+07,(8+/-4)e+07,(8+/-4)e+07,(8+/-4)e+07,(8+/-4)e+07,(8+/-4)e+07,(8+/-4)e+07,(8+/-4)e+07,(8+/-4)e+07,(8+/-4)e+07,(8+/-4)e+07,(8+/-4)e+07,(8+/-4)e+07,(8+/-4)e+07,(8+/-4)e+07,(8+/-4)e+07,(8+/-4)e+07,(8+/-4)e+07,(8+/-4)e+07,(8+/-4)e+07,(8+/-4)e+07,(8+/-4)e+07,(8+/-4)e+07,(8+/-4)e+07
Ireland,385015,903965,0,0,(2.5+/-1.4)e+07,(2.5+/-1.4)e+07,(2.5+/-1.4)e+07,(2.5+/-1.4)e+07,(2.5+/-1.4)e+07,(2.5+/-1.4)e+07,(2.5+/-1.4)e+07,(2.5+/-1.4)e+07,(2.5+/-1.4)e+07,(2.5+/-1.4)e+07,(2.5+/-1.4)e+07,(2.5+/-1.4)e+07,(2.5+/-1.4)e+07,(2.5+/-1.4)e+07,(2.5+/-1.4)e+07,(2.5+/-1.4)e+07,(2.5+/-1.4)e+07,(2.5+/-1.4)e+07,(2.5+/-1.4)e+07,(2.5+/-1.4)e+07,(2.5+/-1.4)e+07,(2.5+/-1.4)e+07,(2.5+/-1.4)e+07,(2.5+/-1.4)e+07,(2.5+/-1.4)e+07,(2.5+/-1.4)e+07,(2.5+/-1.4)e+07,(2.5+/-1.4)e+07,(2.5+/-1.4)e+07,(2.5+/-1.4)e+07,(2.5+/-1.4)e+07,(2.5+/-1.4)e+07,(2.5+/-1.4)e+07,(2.5+/-1.4)e+07,(2.5+/-1.4)e+07,(2.5+/-1.4)e+07,(2.5+/-1.4)e+07,(2.5+/-1.4)e+07,(2.5+/-1.4)e+07,(2.5+/-1.4)e+07,(2.5+/-1.4)e+07,(2.5+/-1.4)e+07,(2.5+/-1.4)e+07,(2.5+/-1.4)e+07,(2.5+/-1.4)e+07,(2.5+/-1.4)e+07,(2.5+/-1.4)e+07,(2.5+/-1.4)e+07,(2.5+/-1.4)e+07,(2.5+/-1.4)e+07,(2.5+/-1.4)e+07
Iran,4520575,10529917,0,0,(1.4+/-0.8)e+07,(1.4+/-0.8)e+07,(1.4+/-0.8)e+07,(1.4+/-0.8)e+07,(1.4+/-0.8)e+07,(1.4+/-0.8)e+07,(1.4+/-0.8)e+07,(1.4+/-0.8)e+07,(1.4+/-0.8)e+07,(1.4+/-0.8)e+07,(1.4+/-0.8)e+07,(1.4+/-0.8)e+07,(1.4+/-0.8)e+07,(1.4+/-0.8)e+07,(1.4+/-0.8)e+07,(1.4+/-0.8)e+07,(1.4+/-0.8)e+07,(1.4+/-0.8)e+07,(1.4+/-0.8)e+07,(1.4+/-0.8)e+07,(1.4+/-0.8)e+07,(1.4+/-0.8)e+07,(1.4+/-0.8)e+07,(1.4+/-0.8)e+07,(1.4+/-0.8)e+07,(1.4+/-0.8)e+07,(1.4+/-0.8)e+07,(1.4+/-0.8)e+07,(1.4+/-0.8)e+07,(1.4+/-0.8)e+07,(1.4+/-0.8)e+07,(1.4+/-0.8)e+07,(1.4+/-0.8)e+07,(1.4+/-0.8)e+07,(1.4+/-0.8)e+07,(1.4+/-0.8)e+07,(1.4+/-0.8)e+07,(1.4+/-0.8)e+07,(1.4+/-0.8)e+07,(1.4+/-0.8)e+07,(1.4+/-0.8)e+07,(1.4+/-0.8)e+07,(1.4+/-0.8)e+07,(1.4+/-0.8)e+07,(1.4+/-0.8)e+07,(1.4+/-0.8)e+07,(1.4+/-0.8)e+07,(1.4+/-0.8)e+07,(1.4+/-0.8)e+07,(1.4+/-0.8)e+07,(1.4+/-0.8)e+07
Iraq,2047307,4841782,0,0,(1.8+/-1.0)e+06,(1.8+/-1.0)e+06,(1.8+/-1.0)e+06,(1.8+/-1.0)e+06,(1.8+/-1.0)e+06,(1.8+/-1.0)e+06,(1.8+/-1.0)e+06,(1.8+/-1.0)e+06,(1.8+/-1.0)e+06,(1.8+/-1.0)e+06,(1.8+/-1.0)e+06,(1.8+/-1.0)e+06,(1.8+/-1.0)e+06,(1.8+/-1.0)e+06,(1.8+/-1.0)e+06,(1.8+/-1.0)e+06,(1.8+/-1.0)e+06,(1.8+/-1.0)e+06,(1.8+/-1.0)e+06,(1.8+/-1.0)e+06,(1.8+/-1.0)e+06,(1.8+/-1.0)e+06,(1.8+/-1.0)e+06,(1.8+/-1.0)e+06,(1.8+/-1.0)e+06,(1.8+/-1.0)e+06,(1.8+/-1.0)e+06,(1.8+/-1.0)e+06,(1.8+/-1.0)e+06,(1.8+/-1.0)e+06,(1.8+/-1.0)e+06,(1.8+/-1.0)e+06,(1.8+/-1.0)e+06,(1.8+/-1.0)e+06,(1.8+/-1.0)e+06,(1.8+/-1.0)e+06,(1.8+/-1.0)e+06,(1.8+/-1.0)e+06,(1.8+/-1.0)e+06,(1.8+/-1.0)e+06,(1.8+/-1.0)e+06,(1.8+/-1.0)e+06,(1.8+/-1.0)e+06,(1.8+/-1.0)e+06,(1.8+/-1.0)e+06,(1.8+/-1.0)e+06,(1.8+/-1.0)e+06,(1.8+/-1.0)e+06,(1.8+/-1.0)e+06,(1.8+/-1.0)e+06,(1.8+/-1.0)e+06
Iceland,32977,72947,0,0,(4.4+/-2.4)e+05,(4.4+/-2.4)e+05,(4.4+/-2.4)e+05,(4.4+/-2.4)e+05,(4.4+/-2.4)e+05,(4.4+/-2.4)e+05,(4.4+/-2.4)e+05,(4.4+/-2.4)e+05,(4.4+/-2.4)e+05,(4.4+/-2.4)e+05,(4.4+/-2.4)e+05,(4.4+/-2.4)e+05,(4.4+/-2.4)e+05,(4.4+/-2.4)e+05,(4.4+/-2.4)e+05,(4.4+/-2.4)e+05,(4.4+/-2.4)e+05,(4.4+/-2.4)e+05,(4.4+/-2.4)e+05,(4.4+/-2.4)e+05,(4.4+/-2.4)e+05,(4.4+/-2.4)e+05,(4.4+/-2.4)e+05,(4.4+/-2.4)e+05,(4.4+/-2.4)e+05,(4.4+/-2.4)e+05,(4.4+/-2.4)e+05,(4.4+/-2.4)e+05,(4.4+/-2.4)e+05,(4.4+/-2.4)e+05,(4.4+/-2.4)e+05,(4.4+/-2.4)e+05,(4.4+/-2.4)e+05,(4.4+/-2.4)e+05,(4.4+/-2.4)e+05,(4.4+/-2.4)e+05,(4.4+/-2.4)e+05,(4.4+/-2.4)e+05,(4.4+/-2.4)e+05,(4.4+/-2.4)e+05,(4.4+/-2.4)e+05,(4.4+/-2.4)e+05,(4.4+/-2.4)e+05,(4.4+/-2.4)e+05,(4.4+/-2.4)e+05,(4.4+/-2.4)e+05,(4.4+/-2.4)e+05,(4.4+/-2.4)e+05,(4.4+/-2.4)e+05,(4.4+/-2.4)e+05,(4.4+/-2.4)e+05
Israel,540850,1158069,0,0,(8+/-4)e+06,(8+/-4)e+06,(8+/-4)e+06,(8+/-4)e+06,(8+/-4)e+06,(8+/-4)e+06,(8+/-4)e+06,(8+/-4)e+06,(8+/-4)e+06,(8+/-4)e+06,(8+/-4)e+06,(8+/-4)e+06,(8+/-4)e+06,(8+/-4)e+06,(8+/-4)e+06,(8+/-4)e+06,(8+/-4)e+06,(8+/-4)e+06,(8+/-4)e+06,(8+/-4)e+06,(8+/-4)e+06,(8+/-4)e+06,(8+/-4)e+06,(8+/-4)e+06,(8+/-4)e+06,(8+/-4)e+06,(8+/-4)e+06,(8+/-4)e+06,(8+/-4)e+06,(8+/-4)e+06,(8+/-4)e+06,(8+/-4)e+06,(8+/-4)e+06,(8+/-4)e+06,(8+/-4)e+06,(8+/-4)e+06,(8+/-4)e+06,(8+/-4)e+06,(8+/-4)e+06,(8+/-4)e+06,(8+/-4)e+06,(8+/-4)e+06,(8+/-4)e+06,(8+/-4)e+06,(8+/-4)e+06,(8+/-4)e+06,(8+/-4)e+06,(8+/-4)e+06,(8+/-4)e+06,(8+/-4)e+06,(8+/-4)e+06
Italy,3830757,8793528,0,0,(6.0+/-3.3)e+07,(6.0+/-3.3)e+07,(6.0+/-3.3)e+07,(6.0+/-3.3)e+07,(6.0+/-3.3)e+07,(6.0+/-3.3)e+07,(6.0+/-3.3)e+07,(6.0+/-3.3)e+07,(6.0+/-3.3)e+07,(6.0+/-3.3)e+07,(6.0+/-3.3)e+07,(6.0+/-3.3)e+07,(6.0+/-3.3)e+07,(6.0+/-3.3)e+07,(6.0+/-3.3)e+07,(6.0+/-3.3)e+07,(6.0+/-3.3)e+07,(6.0+/-3.3)e+07,(6.0+/-3.3)e+07,(6.0+/-3.3)e+07,(6.0+/-3.3)e+07,(6.0+/-3.3)e+07,(6.0+/-3.3)e+07,(6.0+/-3.3)e+07,(6.0+/-3.3)e+07,(6.0+/-3.3)e+07,(6.0+/-3.3)e+07,(6.0+/-3.3)e+07,(6.0+/-3.3)e+07,(6.0+/-3.3)e+07,(6.0+/-3.3)e+07,(6.0+/-3.3)e+07,(6.0+/-3.3)e+07,(6.0+/-3.3)e+07,(6.0+/-3.3)e+07,(6.0+/-3.3)e+07,(6.0+/-3.3)e+07,(6.0+/-3.3)e+07,(6.0+/-3.3)e+07,(6.0+/-3.3)e+07,(6.0+/-3.3)e+07,(6.0+/-3.3)e+07,(6.0+/-3.3)e+07,(6.0+/-3.3)e+07,(6.0+/-3.3)e+07,(6.0+/-3.3)e+07,(6.0+/-3.3)e+07,(6.0+/-3.3)e+07,(6.0+/-3.3)e+07,(6.0+/-3.3)e+07,(6.0+/-3.3)e+07
Jamaica,186040,525647,0,0,(2.4+/-1.4)e+05,(2.4+/-1.4)e+05,(2.4+/-1.4)e+05,(2.4+/-1.4)e+05,(2.4+/-1.4)e+05,(2.4+/-1.4)e+05,(2.4+/-1.4)e+05,(2.4+/-1.4)e+05,(2.4+/-1.4)e+05,(2.4+/-1.4)e+05,(2.4+/-1.4)e+05,(2.4+/-1.4)e+05,(2.4+/-1.4)e+05,(2.4+/-1.4)e+05,(2.4+/-1.4)e+05,(2.4+/-1.4)e+05,(2.4+/-1.4)e+05,(2.4+/-1.4)e+05,(2.4+/-1.4)e+05,(2.4+/-1.4)e+05,(2.4+/-1.4)e+05,(2.4+/-1.4)e+05,(2.4+/-1.4)e+05,(2.4+/-1.4)e+05,(2.4+/-1.4)e+05,(2.4+/-1.4)e+05,(2.4+/-1.4)e+05,(2.4+/-1.4)e+05,(2.4+/-1.4)e+05,(2.4+/-1.4)e+05,(2.4+/-1.4)e+05,(2.4+/-1.4)e+05,(2.4+/-1.4)e+05,(2.4+/-1.4)e+05,(2.4+/-1.4)e+05,(2.4+/-1.4)e+05,(2.4+/-1.4)e+05,(2.4+/-1.4)e+05,(2.4+/-1.4)e+05,(2.4+/-1.4)e+05,(2.4+/-1.4)e+05,(2.4+/-1.4)e+05,(2.4+/-1.4)e+05,(2.4+/-1.4)e+05,(2.4+/-1.4)e+05,(2.4+/-1.4)e+05,(2.4+/-1.4)e+05,(2.4+/-1.4)e+05,(2.4+/-1.4)e+05,(2.4+/-1.4)e+05,(2.4+/-1.4)e+05
Jordan,391085,1357309,0,0,(1.7+/-1.0)e+06,(1.7+/-1.0)e+06,(1.7+/-1.0)e+06,(1.7+/-1.0)e+06,(1.7+/-1.0)e+06,(1.7+/-1.0)e+06,(1.7+/-1.0)e+06,(1.7+/-1.0)e+06,(1.7+/-1.0)e+06,(1.7+/-1.0)e+06,(1.7+/-1.0)e+06,(1.7+/-1.0)e+06,(1.7+/-1.0)e+06,(1.7+/-1.0)e+06,(1.7+/-1.0)e+06,(1.7+/-1.0)e+06,(1.7+/-1.0)e+06,(1.7+/-1.0)e+06,(1.7+/-1.0)e+06,(1.7+/-1.0)e+06,(1.7+/-1.0)e+06,(1.7+/-1.0)e+06,(1.7+/-1.0)e+06,(1.7+/-1.0)e+06,(1.7+/-1.0)e+06,(1.7+/-1.0)e+06,(1.7+/-1.0)e+06,(1.7+/-1.0)e+06,(1.7+/-1.0)e+06,(1.7+/-1.0)e+06,(1.7+/-1.0)e+06,(1.7+/-1.0)e+06,(1.7+/-1.0)e+06,(1.7+/-1.0)e+06,(1.7+/-1.0)e+06,(1.7+/-1.0)e+06,(1.7+/-1.0)e+06,(1.7+/-1.0)e+06,(1.7+/-1.0)e+06,(1.7+/-1.0)e+06,(1.7+/-1.0)e+06,(1.7+/-1.0)e+06,(1.7+/-1.0)e+06,(1.7+/-1.0)e+06,(1.7+/-1.0)e+06,(1.7+/-1.0)e+06,(1.7+/-1.0)e+06,(1.7+/-1.0)e+06,(1.7+/-1.0)e+06,(1.7+/-1.0)e+06,(1.7+/-1.0)e+06
Japan,8369338,26417794,0,0,(1.4+/-0.8)e+08,(1.4+/-0.8)e+08,(1.4+/-0.8)e+08,(1.4+/-0.8)e+08,(1.4+/-0.8)e+08,(1.4+/-0.8)e+08,(1.4+/-0.8)e+08,(1.4+/-0.8)e+08,(1.4+/-0.8)e+08,(1.4+/-0.8)e+08,(1.4+/-0.8)e+08,(1.4+/-0.8)e+08,(1.4+/-0.8)e+08,(1.4+/-0.8)e+08,(1.4+/-0.8)e+08,(1.4+/-0.8)e+08,(1.4+/-0.8)e+08,(1.4+/-0.8)e+08,(1.4+/-0.8)e+08,(1.4+/-0.8)e+08,(1.4+/-0.8)e+08,(1.4+/-0.8)e+08,(1.4+/-0.8)e+08,(1.4+/-0.8)e+08,(1.4+/-0.8)e+08,(1.4+/-0.8)e+08,(1.4+/-0.8)e+08,(1.4+/-0.8)e+08,(1.4+/-0.8)e+08,(1.4+/-0.8)e+08,(1.4+/-0.8)e+08,(1.4+/-0.8)e+08,(1.4+/-0.8)e+08,(1.4+/-0.8)e+08,(1.4+/-0.8)e+08,(1.4+/-0.8)e+08,(1.4+/-0.8)e+08,(1.4+/-0.8)e+08,(1.4+/-0.8)e+08,(1.4+/-0.8)e+08,(1.4+/-0.8)e+08,(1.4+/-0.8)e+08,(1.4+/-0.8)e+08,(1.4+/-0.8)e+08,(1.4+/-0.8)e+08,(1.4+/-0.8)e+08,(1.4+/-0.8)e+08,(1.4+/-0.8)e+08,(1.4+/-0.8)e+08,(1.4+/-0.8)e+08,(1.4+/-0.8)e+08
Kazakhstan,1293721,2640574,0,0,(4.2+/-2.3)e+06,(4.2+/-2.3)e+06,(4.2+/-2.3)e+06,(4.2+/-2.3)e+06,(4.2+/-2.3)e+06,(4.2+/-2.3)e+06,(4.2+/-2.3)e+06,(4.2+/-2.3)e+06,(4.2+/-2.3)e+06,(4.2+/-2.3)e+06,(4.2+/-2.3)e+06,(4.2+/-2.3)e+06,(4.2+/-2.3)e+06,(4.2+/-2.3)e+06,(4.2+/-2.3)e+06,(4.2+/-2.3)e+06,(4.2+/-2.3)e+06,(4.2+/-2.3)e+06,(4.2+/-2.3)e+06,(4.2+/-2.3)e+06,(4.2+/-2.3)e+06,(4.2+/-2.3)e+06,(4.2+/-2.3)e+06,(4.2+/-2.3)e+06,(4.2+/-2.3)e+06,(4.2+/-2.3)e+06,(4.2+/-2.3)e+06,(4.2+/-2.3)e+06,(4.2+/-2.3)e+06,(4.2+/-2.3)e+06,(4.2+/-2.3)e+06,(4.2+/-2.3)e+06,(4.2+/-2.3)e+06,(4.2+/-2.3)e+06,(4.2+/-2.3)e+06,(4.2+/-2.3)e+06,(4.2+/-2.3)e+06,(4.2+/-2.3)e+06,(4.2+/-2.3)e+06,(4.2+/-2.3)e+06,(4.2+/-2.3)e+06,(4.2+/-2.3)e+06,(4.2+/-2.3)e+06,(4.2+/-2.3)e+06,(4.2+/-2.3)e+06,(4.2+/-2.3)e+06,(4.2+/-2.3)e+06,(4.2+/-2.3)e+06,(4.2+/-2.3)e+06,(4.2+/-2.3)e+06,(4.2+/-2.3)e+06
Kenya,3766997,6936256,0,0,0.0+/-0,0.0+/-0,0.0+/-0,0.0+/-0,0.0+/-0,0.0+/-0,0.0+/-0,0.0+/-0,0.0+/-0,0.0+/-0,0.0+/-0,0.0+/-0,0.0+/-0,0.0+/-0,0.0+/-0,0.0+/-0,0.0+/-0,0.0+/-0,0.0+/-0,0.0+/-0,0.0+/-0,0.0+/-0,0.0+/-0,0.0+/-0,0.0+/-0,0.0+/-0,0.0+/-0,0.0+/-0,0.0+/-0,0.0+/-0,0.0+/-0,0.0+/-0,0.0+/-0,0.0+/-0,0.0+/-0,0.0+/-0,0.0+/-0,0.0+/-0,0.0+/-0,0.0+/-0,0.0+/-0,0.0+/-0,0.0+/-0,0.0+/-0,0.0+/-0,0.0+/-0,0.0+/-0,0.0+/-0,0.0+/-0,0.0+/-0,0.0+/-0
Kyrgyz Republic,511207,1211818,0,0,(3.3+/-1.8)e+05,(3.3+/-1.8)e+05,(3.3+/-1.8)e+05,(3.3+/-1.8)e+05,(3.3+/-1.8)e+05,(3.3+/-1.8)e+05,(3.3+/-1.8)e+05,(3.3+/-1.8)e+05,(3.3+/-1.8)e+05,(3.3+/-1.8)e+05,(3.3+/-1.8)e+05,(3.3+/-1.8)e+05,(3.3+/-1.8)e+05,(3.3+/-1.8)e+05,(3.3+/-1.8)e+05,(3.3+/-1.8)e+05,(3.3+/-1.8)e+05,(3.3+/-1.8)e+05,(3.3+/-1.8)e+05,(3.3+/-1.8)e+05,(3.3+/-1.8)e+05,(3.3+/-1.8)e+05,(3.3+/-1.8)e+05,(3.3+/-1.8)e+05,(3.3+/-1.8)e+05,(3.3+/-1.8)e+05,(3.3+/-1.8)e+05,(3.3+/-1.8)e+05,(3.3+/-1.8)e+05,(3.3+/-1.8)e+05,(3.3+/-1.8)e+05,(3.3+/-1.8)e+05,(3.3+/-1.8)e+05,(3.3+/-1.8)e+05,(3.3+/-1.8)e+05,(3.3+/-1.8)e+05,(3.3+/-1.8)e+05,(3.3+/-1.8)e+05,(3.3+/-1.8)e+05,(3.3+/-1.8)e+05,(3.3+/-1.8)e+05,(3.3+/-1.8)e+05,(3.3+/-1.8)e+05,(3.3+/-1.8)e+05,(3.3+/-1.8)e+05,(3.3+/-1.8)e+05,(3.3+/-1.8)e+05,(3.3+/-1.8)e+05,(3.3+/-1.8)e+05,(3.3+/-1.8)e+05,(3.3+/-1.8)e+05
Cambodia,1437765,3873549,0,0,(2.1+/-1.2)e+06,(2.1+/-1.2)e+06,(2.1+/-1.2)e+06,(2.1+/-1.2)e+06,(2.1+/-1.2)e+06,(2.1+/-1.2)e+06,(2.1+/-1.2)e+06,(2.1+/-1.2)e+06,(2.1+/-1.2)e+06,(2.1+/-1.2)e+06,(2.1+/-1.2)e+06,(2.1+/-1.2)e+06,(2.1+/-1.2)e+06,(2.1+/-1.2)e+06,(2.1+/-1.2)e+06,(2.1+/-1.2)e+06,(2.1+/-1.2)e+06,(2.1+/-1.2)e+06,(2.1+/-1.2)e+06,(2.1+/-1.2)e+06,(2.1+/-1.2)e+06,(2.1+/-1.2)e+06,(2.1+/-1.2)e+06,(2.1+/-1.2)e+06,(2.1+/-1.2)e+06,(2.1+/-1.2)e+06,(2.1+/-1.2)e+06,(2.1+/-1.2)e+06,(2.1+/-1.2)e+06,(2.1+/-1.2)e+06,(2.1+/-1.2)e+06,(2.1+/-1.2)e+06,(2.1+/-1.2)e+06,(2.1+/-1.2)e+06,(2.1+/-1.2)e+06,(2.1+/-1.2)e+06,(2.1+/-1.2)e+06,(2.1+/-1.2)e+06,(2.1+/-1.2)e+06,(2.1+/-1.2)e+06,(2.1+/-1.2)e+06,(2.1+/-1.2)e+06,(2.1+/-1.2)e+06,(2.1+/-1.2)e+06,(2.1+/-1.2)e+06,(2.1+/-1.2)e+06,(2.1+/-1.2)e+06,(2.1+/-1.2)e+06,(2.1+/-1.2)e+06,(2.1+/-1.2)e+06,(2.1+/-1.2)e+06
Kiribati,5432,15296,0,0,0.0+/-0,0.0+/-0,0.0+/-0,0.0+/-0,0.0+/-0,0.0+/-0,0.0+/-0,0.0+/-0,0.0+/-0,0.0+/-0,0.0+/-0,0.0+/-0,0.0+/-0,0.0+/-0,0.0+/-0,0.0+/-0,0.0+/-0,0.0+/-0,0.0+/-0,0.0+/-0,0.0+/-0,0.0+/-0,0.0+/-0,0.0+/-0,0.0+/-0,0.0+/-0,0.0+/-0,0.0+/-0,0.0+/-0,0.0+/-0,0.0+/-0,0.0+/-0,0.0+/-0,0.0+/-0,0.0+/-0,0.0+/-0,0.0+/-0,0.0+/-0,0.0+/-0,0.0+/-0,0.0+/-0,0.0+/-0,0.0+/-0,0.0+/-0,0.0+/-0,0.0+/-0,0.0+/-0,0.0+/-0,0.0+/-0,0.0+/-0,0.0+/-0
St. Kitts and Nevis,3320,5413,0,0,(5.5+/-3.0)e+03,(5.5+/-3.0)e+03,(5.5+/-3.0)e+03,(5.5+/-3.0)e+03,(5.5+/-3.0)e+03,(5.5+/-3.0)e+03,(5.5+/-3.0)e+03,(5.5+/-3.0)e+03,(5.5+/-3.0)e+03,(5.5+/-3.0)e+03,(5.5+/-3.0)e+03,(5.5+/-3.0)e+03,(5.5+/-3.0)e+03,(5.5+/-3.0)e+03,(5.5+/-3.0)e+03,(5.5+/-3.0)e+03,(5.5+/-3.0)e+03,(5.5+/-3.0)e+03,(5.5+/-3.0)e+03,(5.5+/-3.0)e+03,(5.5+/-3.0)e+03,(5.5+/-3.0)e+03,(5.5+/-3.0)e+03,(5.5+/-3.0)e+03,(5.5+/-3.0)e+03,(5.5+/-3.0)e+03,(5.5+/-3.0)e+03,(5.5+/-3.0)e+03,(5.5+/-3.0)e+03,(5.5+/-3.0)e+03,(5.5+/-3.0)e+03,(5.5+/-3.0)e+03,(5.5+/-3.0)e+03,(5.5+/-3.0)e+03,(5.5+/-3.0)e+03,(5.5+/-3.0)e+03,(5.5+/-3.0)e+03,(5.5+/-3.0)e+03,(5.5+/-3.0)e+03,(5.5+/-3.0)e+03,(5.5+/-3.0)e+03,(5.5+/-3.0)e+03,(5.5+/-3.0)e+03,(5.5+/-3.0)e+03,(5.5+/-3.0)e+03,(5.5+/-3.0)e+03,(5.5+/-3.0)e+03,(5.5+/-3.0)e+03,(5.5+/-3.0)e+03,(5.5+/-3.0)e+03,(5.5+/-3.0)e+03
South Korea,4058102,11099384,0,0,(7+/-4)e+07,(7+/-4)e+07,(7+/-4)e+07,(7+/-4)e+07,(7+/-4)e+07,(7+/-4)e+07,(7+/-4)e+07,(7+/-4)e+07,(7+/-4)e+07,(7+/-4)e+07,(7+/-4)e+07,(7+/-4)e+07,(7+/-4)e+07,(7+/-4)e+07,(7+/-4)e+07,(7+/-4)e+07,(7+/-4)e+07,(7+/-4)e+07,(7+/-4)e+07,(7+/-4)e+07,(7+/-4)e+07,(7+/-4)e+07,(7+/-4)e+07,(7+/-4)e+07,(7+/-4)e+07,(7+/-4)e+07,(7+/-4)e+07,(7+/-4)e+07,(7+/-4)e+07,(7+/-4)e+07,(7+/-4)e+07,(7+/-4)e+07,(7+/-4)e+07,(7+/-4)e+07,(7+/-4)e+07,(7+/-4)e+07,(7+/-4)e+07,(7+/-4)e+07,(7+/-4)e+07,(7+/-4)e+07,(7+/-4)e+07,(7+/-4)e+07,(7+/-4)e+07,(7+/-4)e+07,(7+/-4)e+07,(7+/-4)e+07,(7+/-4)e+07,(7+/-4)e+07,(7+/-4)e+07,(7+/-4)e+07,(7+/-4)e+07
Kuwait,358032,912627,0,0,(1.8+/-1.0)e+06,(1.8+/-1.0)e+06,(1.8+/-1.0)e+06,(1.8+/-1.0)e+06,(1.8+/-1.0)e+06,(1.8+/-1.0)e+06,(1.8+/-1.0)e+06,(1.8+/-1.0)e+06,(1.8+/-1.0)e+06,(1.8+/-1.0)e+06,(1.8+/-1.0)e+06,(1.8+/-1.0)e+06,(1.8+/-1.0)e+06,(1.8+/-1.0)e+06,(1.8+/-1.0)e+06,(1.8+/-1.0)e+06,(1.8+/-1.0)e+06,(1.8+/-1.0)e+06,(1.8+/-1.0)e+06,(1.8+/-1.0)e+06,(1.8+/-1.0)e+06,(1.8+/-1.0)e+06,(1.8+/-1.0)e+06,(1.8+/-1.0)e+06,(1.8+/-1.0)e+06,(1.8+/-1.0)e+06,(1.8+/-1.0)e+06,(1.8+/-1.0)e+06,(1.8+/-1.0)e+06,(1.8+/-1.0)e+06,(1.8+/-1.0)e+06,(1.8+/-1.0)e+06,(1.8+/-1.0)e+06,(1.8+/-1.0)e+06,(1.8+/-1.0)e+06,(1.8+/-1.0)e+06,(1.8+/-1.0)e+06,(1.8+/-1.0)e+06,(1.8+/-1.0)e+06,(1.8+/-1.0)e+06,(1.8+/-1.0)e+06,(1.8+/-1.0)e+06,(1.8+/-1.0)e+06,(1.8+/-1.0)e+06,(1.8+/-1.0)e+06,(1.8+/-1.0)e+06,(1.8+/-1.0)e+06,(1.8+/-1.0)e+06,(1.8+/-1.0)e+06,(1.8+/-1.0)e+06,(1.8+/-1.0)e+06
Laos,595095,1089268,0,0,(2.4+/-1.3)e+05,(2.4+/-1.3)e+05,(2.4+/-1.3)e+05,(2.4+/-1.3)e+05,(2.4+/-1.3)e+05,(2.4+/-1.3)e+05,(2.4+/-1.3)e+05,(2.4+/-1.3)e+05,(2.4+/-1.3)e+05,(2.4+/-1.3)e+05,(2.4+/-1.3)e+05,(2.4+/-1.3)e+05,(2.4+/-1.3)e+05,(2.4+/-1.3)e+05,(2.4+/-1.3)e+05,(2.4+/-1.3)e+05,(2.4+/-1.3)e+05,(2.4+/-1.3)e+05,(2.4+/-1.3)e+05,(2.4+/-1.3)e+05,(2.4+/-1.3)e+05,(2.4+/-1.3)e+05,(2.4+/-1.3)e+05,(2.4+/-1.3)e+05,(2.4+/-1.3)e+05,(2.4+/-1.3)e+05,(2.4+/-1.3)e+05,(2.4+/-1.3)e+05,(2.4+/-1.3)e+05,(2.4+/-1.3)e+05,(2.4+/-1.3)e+05,(2.4+/-1.3)e+05,(2.4+/-1.3)e+05,(2.4+/-1.3)e+05,(2.4+/-1.3)e+05,(2.4+/-1.3)e+05,(2.4+/-1.3)e+05,(2.4+/-1.3)e+05,(2.4+/-1.3)e+05,(2.4+/-1.3)e+05,(2.4+/-1.3)e+05,(2.4+/-1.3)e+05,(2.4+/-1.3)e+05,(2.4+/-1.3)e+05,(2.4+/-1.3)e+05,(2.4+/-1.3)e+05,(2.4+/-1.3)e+05,(2.4+/-1.3)e+05,(2.4+/-1.3)e+05,(2.4+/-1.3)e+05,(2.4+/-1.3)e+05
Lebanon,262903,759831,0,0,(6.0+/-3.5)e+04,(6.0+/-3.5)e+04,(6.0+/-3.5)e+04,(6.0+/-3.5)e+04,(6.0+/-3.5)e+04,(6.0+/-3.5)e+04,(6.0+/-3.5)e+04,(6.0+/-3.5)e+04,(6.0+/-3.5)e+04,(6.0+/-3.5)e+04,(6.0+/-3.5)e+04,(6.0+/-3.5)e+04,(6.0+/-3.5)e+04,(6.0+/-3.5)e+04,(6.0+/-3.5)e+04,(6.0+/-3.5)e+04,(6.0+/-3.5)e+04,(6.0+/-3.5)e+04,(6.0+/-3.5)e+04,(6.0+/-3.5)e+04,(6.0+/-3.5)e+04,(6.0+/-3.5)e+04,(6.0+/-3.5)e+04,(6.0+/-3.5)e+04,(6.0+/-3.5)e+04,(6.0+/-3.5)e+04,(6.0+/-3.5)e+04,(6.0+/-3.5)e+04,(6.0+/-3.5)e+04,(6.0+/-3.5)e+04,(6.0+/-3.5)e+04,(6.0+/-3.5)e+04,(6.0+/-3.5)e+04,(6.0+/-3.5)e+04,(6.0+/-3.5)e+04,(6.0+/-3.5)e+04,(6.0+/-3.5)e+04,(6.0+/-3.5)e+04,(6.0+/-3.5)e+04,(6.0+/-3.5)e+04,(6.0+/-3.5)e+04,(6.0+/-3.5)e+04,(6.0+/-3.5)e+04,(6.0+/-3.5)e+04,(6.0+/-3.5)e+04,(6.0+/-3.5)e+04,(6.0+/-3.5)e+04,(6.0+/-3.5)e+04,(6.0+/-3.5)e+04,(6.0+/-3.5)e+04,(6.0+/-3.5)e+04
Liberia,179335,546848,0,0,0.0+/-0,0.0+/-0,0.0+/-0,0.0+/-0,0.0+/-0,0.0+/-0,0.0+/-0,0.0+/-0,0.0+/-0,0.0+/-0,0.0+/-0,0.0+/-0,0.0+/-0,0.0+/-0,0.0+/-0,0.0+/-0,0.0+/-0,0.0+/-0,0.0+/-0,0.0+/-0,0.0+/-0,0.0+/-0,0.0+/-0,0.0+/-0,0.0+/-0,0.0+/-0,0.0+/-0,0.0+/-0,0.0+/-0,0.0+/-0,0.0+/-0,0.0+/-0,0.0+/-0,0.0+/-0,0.0+/-0,0.0+/-0,0.0+/-0,0.0+/-0,0.0+/-0,0.0+/-0,0.0+/-0,0.0+/-0,0.0+/-0,0.0+/-0,0.0+/-0,0.0+/-0,0.0+/-0,0.0+/-0,0.0+/-0,0.0+/-0,0.0+/-0
Libya,421853,955786,0,0,0.0+/-0,0.0+/-0,0.0+/-0,0.0+/-0,0.0+/-0,0.0+/-0,0.0+/-0,0.0+/-0,0.0+/-0,0.0+/-0,0.0+/-0,0.0+/-0,0.0+/-0,0.0+/-0,0.0+/-0,0.0+/-0,0.0+/-0,0.0+/-0,0.0+/-0,0.0+/-0,0.0+/-0,0.0+/-0,0.0+/-0,0.0+/-0,0.0+/-0,0.0+/-0,0.0+/-0,0.0+/-0,0.0+/-0,0.0+/-0,0.0+/-0,0.0+/-0,0.0+/-0,0.0+/-0,0.0+/-0,0.0+/-0,0.0+/-0,0.0+/-0,0.0+/-0,0.0+/-0,0.0+/-0,0.0+/-0,0.0+/-0,0.0+/-0,0.0+/-0,0.0+/-0,0.0+/-0,0.0+/-0,0.0+/-0,0.0+/-0,0.0+/-0
St. Lucia,15501,25274,0,0,(1.1+/-0.6)e+04,(1.1+/-0.6)e+04,(1.1+/-0.6)e+04,(1.1+/-0.6)e+04,(1.1+/-0.6)e+04,(1.1+/-0.6)e+04,(1.1+/-0.6)e+04,(1.1+/-0.6)e+04,(1.1+/-0.6)e+04,(1.1+/-0.6)e+04,(1.1+/-0.6)e+04,(1.1+/-0.6)e+04,(1.1+/-0.6)e+04,(1.1+/-0.6)e+04,(1.1+/-0.6)e+04,(1.1+/-0.6)e+04,(1.1+/-0.6)e+04,(1.1+/-0.6)e+04,(1.1+/-0.6)e+04,(1.1+/-0.6)e+04,(1.1+/-0.6)e+04,(1.1+/-0.6)e+04,(1.1+/-0.6)e+04,(1.1+/-0.6)e+04,(1.1+/-0.6)e+04,(1.1+/-0.6)e+04,(1.1+/-0.6)e+04,(1.1+/-0.6)e+04,(1.1+/-0.6)e+04,(1.1+/-0.6)e+04,(1.1+/-0.6)e+04,(1.1+/-0.6)e+04,(1.1+/-0.6)e+04,(1.1+/-0.6)e+04,(1.1+/-0.6)e+04,(1.1+/-0.6)e+04,(1.1+/-0.6)e+04,(1.1+/-0.6)e+04,(1.1+/-0.6)e+04,(1.1+/-0.6)e+04,(1.1+/-0.6)e+04,(1.1+/-0.6)e+04,(1.1+/-0.6)e+04,(1.1+/-0.6)e+04,(1.1+/-0.6)e+04,(1.1+/-0.6)e+04,(1.1+/-0.6)e+04,(1.1+/-0.6)e+04,(1.1+/-0.6)e+04,(1.1+/-0.6)e+04,(1.1+/-0.6)e+04
Liechtenstein,2362,6566,0,0,(4.0+/-2.3)e+05,(4.0+/-2.3)e+05,(4.0+/-2.3)e+05,(4.0+/-2.3)e+05,(4.0+/-2.3)e+05,(4.0+/-2.3)e+05,(4.0+/-2.3)e+05,(4.0+/-2.3)e+05,(4.0+/-2.3)e+05,(4.0+/-2.3)e+05,(4.0+/-2.3)e+05,(4.0+/-2.3)e+05,(4.0+/-2.3)e+05,(4.0+/-2.3)e+05,(4.0+/-2.3)e+05,(4.0+/-2.3)e+05,(4.0+/-2.3)e+05,(4.0+/-2.3)e+05,(4.0+/-2.3)e+05,(4.0+/-2.3)e+05,(4.0+/-2.3)e+05,(4.0+/-2.3)e+05,(4.0+/-2.3)e+05,(4.0+/-2.3)e+05,(4.0+/-2.3)e+05,(4.0+/-2.3)e+05,(4.0+/-2.3)e+05,(4.0+/-2.3)e+05,(4.0+/-2.3)e+05,(4.0+/-2.3)e+05,(4.0+/-2.3)e+05,(4.0+/-2.3)e+05,(4.0+/-2.3)e+05,(4.0+/-2.3)e+05,(4.0+/-2.3)e+05,(4.0+/-2.3)e+05,(4.0+/-2.3)e+05,(4.0+/-2.3)e+05,(4.0+/-2.3)e+05,(4.0+/-2.3)e+05,(4.0+/-2.3)e+05,(4.0+/-2.3)e+05,(4.0+/-2.3)e+05,(4.0+/-2.3)e+05,(4.0+/-2.3)e+05,(4.0+/-2.3)e+05,(4.0+/-2.3)e+05,(4.0+/-2.3)e+05,(4.0+/-2.3)e+05,(4.0+/-2.3)e+05,(4.0+/-2.3)e+05
Sri Lanka,1336440,2797773,0,0,(2.5+/-1.4)e+06,(2.5+/-1.4)e+06,(2.5+/-1.4)e+06,(2.5+/-1.4)e+06,(2.5+/-1.4)e+06,(2.5+/-1.4)e+06,(2.5+/-1.4)e+06,(2.5+/-1.4)e+06,(2.5+/-1.4)e+06,(2.5+/-1.4)e+06,(2.5+/-1.4)e+06,(2.5+/-1.4)e+06,(2.5+/-1.4)e+06,(2.5+/-1.4)e+06,(2.5+/-1.4)e+06,(2.5+/-1.4)e+06,(2.5+/-1.4)e+06,(2.5+/-1.4)e+06,(2.5+/-1.4)e+06,(2.5+/-1.4)e+06,(2.5+/-1.4)e+06,(2.5+/-1.4)e+06,(2.5+/-1.4)e+06,(2.5+/-1.4)e+06,(2.5+/-1.4)e+06,(2.5+/-1.4)e+06,(2.5+/-1.4)e+06,(2.5+/-1.4)e+06,(2.5+/-1.4)e+06,(2.5+/-1.4)e+06,(2.5+/-1.4)e+06,(2.5+/-1.4)e+06,(2.5+/-1.4)e+06,(2.5+/-1.4)e+06,(2.5+/-1.4)e+06,(2.5+/-1.4)e+06,(2.5+/-1.4)e+06,(2.5+/-1.4)e+06,(2.5+/-1.4)e+06,(2.5+/-1.4)e+06,(2.5+/-1.4)e+06,(2.5+/-1.4)e+06,(2.5+/-1.4)e+06,(2.5+/-1.4)e+06,(2.5+/-1.4)e+06,(2.5+/-1.4)e+06,(2.5+/-1.4)e+06,(2.5+/-1.4)e+06,(2.5+/-1.4)e+06,(2.5+/-1.4)e+06,(2.5+/-1.4)e+06
Lesotho,87840,278813,0,0,0.0+/-0,0.0+/-0,0.0+/-0,0.0+/-0,0.0+/-0,0.0+/-0,0.0+/-0,0.0+/-0,0.0+/-0,0.0+/-0,0.0+/-0,0.0+/-0,0.0+/-0,0.0+/-0,0.0+/-0,0.0+/-0,0.0+/-0,0.0+/-0,0.0+/-0,0.0+/-0,0.0+/-0,0.0+/-0,0.0+/-0,0.0+/-0,0.0+/-0,0.0+/-0,0.0+/-0,0.0+/-0,0.0+/-0,0.0+/-0,0.0+/-0,0.0+/-0,0.0+/-0,0.0+/-0,0.0+/-0,0.0+/-0,0.0+/-0,0.0+/-0,0.0+/-0,0.0+/-0,0.0+/-0,0.0+/-0,0.0+/-0,0.0+/-0,0.0+/-0,0.0+/-0,0.0+/-0,0.0+/-0,0.0+/-0,0.0+/-0,0.0+/-0
Lithuania,199115,446343,0,0,(1.7+/-0.9)e+06,(1.7+/-0.9)e+06,(1.7+/-0.9)e+06,(1.7+/-0.9)e+06,(1.7+/-0.9)e+06,(1.7+/-0.9)e+06,(1.7+/-0.9)e+06,(1.7+/-0.9)e+06,(1.7+/-0.9)e+06,(1.7+/-0.9)e+06,(1.7+/-0.9)e+06,(1.7+/-0.9)e+06,(1.7+/-0.9)e+06,(1.7+/-0.9)e+06,(1.7+/-0.9)e+06,(1.7+/-0.9)e+06,(1.7+/-0.9)e+06,(1.7+/-0.9)e+06,(1.7+/-0.9)e+06,(1.7+/-0.9)e+06,(1.7+/-0.9)e+06,(1.7+/-0.9)e+06,(1.7+/-0.9)e+06,(1.7+/-0.9)e+06,(1.7+/-0.9)e+06,(1.7+/-0.9)e+06,(1.7+/-0.9)e+06,(1.7+/-0.9)e+06,(1.7+/-0.9)e+06,(1.7+/-0.9)e+06,(1.7+/-0.9)e+06,(1.7+/-0.9)e+06,(1.7+/-0.9)e+06,(1.7+/-0.9)e+06,(1.7+/-0.9)e+06,(1.7+/-0.9)e+06,(1.7+/-0.9)e+06,(1.7+/-0.9)e+06,(1.7+/-0.9)e+06,(1.7+/-0.9)e+06,(1.7+/-0.9)e+06,(1.7+/-0.9)e+06,(1.7+/-0.9)e+06,(1.7+/-0.9)e+06,(1.7+/-0.9)e+06,(1.7+/-0.9)e+06,(1.7+/-0.9)e+06,(1.7+/-0.9)e+06,(1.7+/-0.9)e+06,(1.7+/-0.9)e+06,(1.7+/-0.9)e+06
Luxembourg,30337,66311,0,0,(2.9+/-1.6)e+05,(2.9+/-1.6)e+05,(2.9+/-1.6)e+05,(2.9+/-1.6)e+05,(2.9+/-1.6)e+05,(2.9+/-1.6)e+05,(2.9+/-1.6)e+05,(2.9+/-1.6)e+05,(2.9+/-1.6)e+05,(2.9+/-1.6)e+05,(2.9+/-1.6)e+05,(2.9+/-1.6)e+05,(2.9+/-1.6)e+05,(2.9+/-1.6)e+05,(2.9+/-1.6)e+05,(2.9+/-1.6)e+05,(2.9+/-1.6)e+05,(2.9+/-1.6)e+05,(2.9+/-1.6)e+05,(2.9+/-1.6)e+05,(2.9+/-1.6)e+05,(2.9+/-1.6)e+05,(2.9+/-1.6)e+05,(2.9+/-1.6)e+05,(2.9+/-1.6)e+05,(2.9+/-1.6)e+05,(2.9+/-1.6)e+05,(2.9+/-1.6)e+05,(2.9+/-1.6)e+05,(2.9+/-1.6)e+05,(2.9+/-1.6)e+05,(2.9+/-1.6)e+05,(2.9+/-1.6)e+05,(2.9+/-1.6)e+05,(2.9+/-1.6)e+05,(2.9+/-1.6)e+05,(2.9+/-1.6)e+05,(2.9+/-1.6)e+05,(2.9+/-1.6)e+05,(2.9+/-1.6)e+05,(2.9+/-1.6)e+05,(2.9+/-1.6)e+05,(2.9+/-1.6)e+05,(2.9+/-1.6)e+05,(2.9+/-1.6)e+05,(2.9+/-1.6)e+05,(2.9+/-1.6)e+05,(2.9+/-1.6)e+05,(2.9+/-1.6)e+05,(2.9+/-1.6)e+05,(2.9+/-1.6)e+05
Latvia,126879,272462,0,0,(7+/-4)e+05,(7+/-4)e+05,(7+/-4)e+05,(7+/-4)e+05,(7+/-4)e+05,(7+/-4)e+05,(7+/-4)e+05,(7+/-4)e+05,(7+/-4)e+05,(7+/-4)e+05,(7+/-4)e+05,(7+/-4)e+05,(7+/-4)e+05,(7+/-4)e+05,(7+/-4)e+05,(7+/-4)e+05,(7+/-4)e+05,(7+/-4)e+05,(7+/-4)e+05,(7+/-4)e+05,(7+/-4)e+05,(7+/-4)e+05,(7+/-4)e+05,(7+/-4)e+05,(7+/-4)e+05,(7+/-4)e+05,(7+/-4)e+05,(7+/-4)e+05,(7+/-4)e+05,(7+/-4)e+05,(7+/-4)e+05,(7+/-4)e+05,(7+/-4)e+05,(7+/-4)e+05,(7+/-4)e+05,(7+/-4)e+05,(7+/-4)e+05,(7+/-4)e+05,(7+/-4)e+05,(7+/-4)e+05,(7+/-4)e+05,(7+/-4)e+05,(7+/-4)e+05,(7+/-4)e+05,(7+/-4)e+05,(7+/-4)e+05,(7+/-4)e+05,(7+/-4)e+05,(7+/-4)e+05,(7+/-4)e+05,(7+/-4)e+05
Macau,34156,79282,0,0,0.0+/-0,0.0+/-0,0.0+/-0,0.0+/-0,0.0+/-0,0.0+/-0,0.0+/-0,0.0+/-0,0.0+/-0,0.0+/-0,0.0+/-0,0.0+/-0,0.0+/-0,0.0+/-0,0.0+/-0,0.0+/-0,0.0+/-0,0.0+/-0,0.0+/-0,0.0+/-0,0.0+/-0,0.0+/-0,0.0+/-0,0.0+/-0,0.0+/-0,0.0+/-0,0.0+/-0,0.0+/-0,0.0+/-0,0.0+/-0,0.0+/-0,0.0+/-0,0.0+/-0,0.0+/-0,0.0+/-0,0.0+/-0,0.0+/-0,0.0+/-0,0.0+/-0,0.0+/-0,0.0+/-0,0.0+/-0,0.0+/-0,0.0+/-0,0.0+/-0,0.0+/-0,0.0+/-0,0.0+/-0,0.0+/-0,0.0+/-0,0.0+/-0
Saint-Martin,0,0,0,0,0.0+/-0,0.0+/-0,0.0+/-0,0.0+/-0,0.0+/-0,0.0+/-0,0.0+/-0,0.0+/-0,0.0+/-0,0.0+/-0,0.0+/-0,0.0+/-0,0.0+/-0,0.0+/-0,0.0+/-0,0.0+/-0,0.0+/-0,0.0+/-0,0.0+/-0,0.0+/-0,0.0+/-0,0.0+/-0,0.0+/-0,0.0+/-0,0.0+/-0,0.0+/-0,0.0+/-0,0.0+/-0,0.0+/-0,0.0+/-0,0.0+/-0,0.0+/-0,0.0+/-0,0.0+/-0,0.0+/-0,0.0+/-0,0.0+/-0,0.0+/-0,0.0+/-0,0.0+/-0,0.0+/-0,0.0+/-0,0.0+/-0,0.0+/-0,0.0+/-0,0.0+/-0,0.0+/-0,0.0+/-0,0.0+/-0,0.0+/-0,0.0+/-0
Morocco,2043863,4630748,0,0,(3.9+/-2.1)e+06,(3.9+/-2.1)e+06,(3.9+/-2.1)e+06,(3.9+/-2.1)e+06,(3.9+/-2.1)e+06,(3.9+/-2.1)e+06,(3.9+/-2.1)e+06,(3.9+/-2.1)e+06,(3.9+/-2.1)e+06,(3.9+/-2.1)e+06,(3.9+/-2.1)e+06,(3.9+/-2.1)e+06,(3.9+/-2.1)e+06,(3.9+/-2.1)e+06,(3.9+/-2.1)e+06,(3.9+/-2.1)e+06,(3.9+/-2.1)e+06,(3.9+/-2.1)e+06,(3.9+/-2.1)e+06,(3.9+/-2.1)e+06,(3.9+/-2.1)e+06,(3.9+/-2.1)e+06,(3.9+/-2.1)e+06,(3.9+/-2.1)e+06,(3.9+/-2.1)e+06,(3.9+/-2.1)e+06,(3.9+/-2.1)e+06,(3.9+/-2.1)e+06,(3.9+/-2.1)e+06,(3.9+/-2.1)e+06,(3.9+/-2.1)e+06,(3.9+/-2.1)e+06,(3.9+/-2.1)e+06,(3.9+/-2.1)e+06,(3.9+/-2.1)e+06,(3.9+/-2.1)e+06,(3.9+/-2.1)e+06,(3.9+/-2.1)e+06,(3.9+/-2.1)e+06,(3.9+/-2.1)e+06,(3.9+/-2.1)e+06,(3.9+/-2.1)e+06,(3.9+/-2.1)e+06,(3.9+/-2.1)e+06,(3.9+/-2.1)e+06,(3.9+/-2.1)e+06,(3.9+/-2.1)e+06,(3.9+/-2.1)e+06,(3.9+/-2.1)e+06,(3.9+/-2.1)e+06,(3.9+/-2.1)e+06
Monaco,8906,24757,0,0,0.0+/-0,0.0+/-0,0.0+/-0,0.0+/-0,0.0+/-0,0.0+/-0,0.0+/-0,0.0+/-0,0.0+/-0,0.0+/-0,0.0+/-0,0.0+/-0,0.0+/-0,0.0+/-0,0.0+/-0,0.0+/-0,0.0+/-0,0.0+/-0,0.0+/-0,0.0+/-0,0.0+/-0,0.0+/-0,0.0+/-0,0.0+/-0,0.0+/-0,0.0+/-0,0.0+/-0,0.0+/-0,0.0+/-0,0.0+/-0,0.0+/-0,0.0+/-0,0.0+/-0,0.0+/-0,0.0+/-0,0.0+/-0,0.0+/-0,0.0+/-0,0.0+/-0,0.0+/-0,0.0+/-0,0.0+/-0,0.0+/-0,0.0+/-0,0.0+/-0,0.0+/-0,0.0+/-0,0.0+/-0,0.0+/-0,0.0+/-0,0.0+/-0
Moldova,191518,415148,0,0,(2.1+/-1.2)e+05,(2.1+/-1.2)e+05,(2.1+/-1.2)e+05,(2.1+/-1.2)e+05,(2.1+/-1.2)e+05,(2.1+/-1.2)e+05,(2.1+/-1.2)e+05,(2.1+/-1.2)e+05,(2.1+/-1.2)e+05,(2.1+/-1.2)e+05,(2.1+/-1.2)e+05,(2.1+/-1.2)e+05,(2.1+/-1.2)e+05,(2.1+/-1.2)e+05,(2.1+/-1.2)e+05,(2.1+/-1.2)e+05,(2.1+/-1.2)e+05,(2.1+/-1.2)e+05,(2.1+/-1.2)e+05,(2.1+/-1.2)e+05,(2.1+/-1.2)e+05,(2.1+/-1.2)e+05,(2.1+/-1.2)e+05,(2.1+/-1.2)e+05,(2.1+/-1.2)e+05,(2.1+/-1.2)e+05,(2.1+/-1.2)e+05,(2.1+/-1.2)e+05,(2.1+/-1.2)e+05,(2.1+/-1.2)e+05,(2.1+/-1.2)e+05,(2.1+/-1.2)e+05,(2.1+/-1.2)e+05,(2.1+/-1.2)e+05,(2.1+/-1.2)e+05,(2.1+/-1.2)e+05,(2.1+/-1.2)e+05,(2.1+/-1.2)e+05,(2.1+/-1.2)e+05,(2.1+/-1.2)e+05,(2.1+/-1.2)e+05,(2.1+/-1.2)e+05,(2.1+/-1.2)e+05,(2.1+/-1.2)e+05,(2.1+/-1.2)e+05,(2.1+/-1.2)e+05,(2.1+/-1.2)e+05,(2.1+/-1.2)e+05,(2.1+/-1.2)e+05,(2.1+/-1.2)e+05,(2.1+/-1.2)e+05
Madagascar,2507546,4088474,0,0,0.0+/-0,0.0+/-0,0.0+/-0,0.0+/-0,0.0+/-0,0.0+/-0,0.0+/-0,0.0+/-0,0.0+/-0,0.0+/-0,0.0+/-0,0.0+/-0,0.0+/-0,0.0+/-0,0.0+/-0,0.0+/-0,0.0+/-0,0.0+/-0,0.0+/-0,0.0+/-0,0.0+/-0,0.0+/-0,0.0+/-0,0.0+/-0,0.0+/-0,0.0+/-0,0.0+/-0,0.0+/-0,0.0+/-0,0.0+/-0,0.0+/-0,0.0+/-0,0.0+/-0,0.0+/-0,0.0+/-0,0.0+/-0,0.0+/-0,0.0+/-0,0.0+/-0,0.0+/-0,0.0+/-0,0.0+/-0,0.0+/-0,0.0+/-0,0.0+/-0,0.0+/-0,0.0+/-0,0.0+/-0,0.0+/-0,0.0+/-0,0.0+/-0
Maldives,29927,71258,0,0,(1.7+/-0.9)e+04,(1.7+/-0.9)e+04,(1.7+/-0.9)e+04,(1.7+/-0.9)e+04,(1.7+/-0.9)e+04,(1.7+/-0.9)e+04,(1.7+/-0.9)e+04,(1.7+/-0.9)e+04,(1.7+/-0.9)e+04,(1.7+/-0.9)e+04,(1.7+/-0.9)e+04,(1.7+/-0.9)e+04,(1.7+/-0.9)e+04,(1.7+/-0.9)e+04,(1.7+/-0.9)e+04,(1.7+/-0.9)e+04,(1.7+/-0.9)e+04,(1.7+/-0.9)e+04,(1.7+/-0.9)e+04,(1.7+/-0.9)e+04,(1.7+/-0.9)e+04,(1.7+/-0.9)e+04,(1.7+/-0.9)e+04,(1.7+/-0.9)e+04,(1.7+/-0.9)e+04,(1.7+/-0.9)e+04,(1.7+/-0.9)e+04,(1.7+/-0.9)e+04,(1.7+/-0.9)e+04,(1.7+/-0.9)e+04,(1.7+/-0.9)e+04,(1.7+/-0.9)e+04,(1.7+/-0.9)e+04,(1.7+/-0.9)e+04,(1.7+/-0.9)e+04,(1.7+/-0.9)e+04,(1.7+/-0.9)e+04,(1.7+/-0.9)e+04,(1.7+/-0.9)e+04,(1.7+/-0.9)e+04,(1.7+/-0.9)e+04,(1.7+/-0.9)e+04,(1.7+/-0.9)e+04,(1.7+/-0.9)e+04,(1.7+/-0.9)e+04,(1.7+/-0.9)e+04,(1.7+/-0.9)e+04,(1.7+/-0.9)e+04,(1.7+/-0.9)e+04,(1.7+/-0.9)e+04,(1.7+/-0.9)e+04
Mexico,7871614,24222207,0,0,(7+/-4)e+07,(7+/-4)e+07,(7+/-4)e+07,(7+/-4)e+07,(7+/-4)e+07,(7+/-4)e+07,(7+/-4)e+07,(7+/-4)e+07,(7+/-4)e+07,(7+/-4)e+07,(7+/-4)e+07,(7+/-4)e+07,(7+/-4)e+07,(7+/-4)e+07,(7+/-4)e+07,(7+/-4)e+07,(7+/-4)e+07,(7+/-4)e+07,(7+/-4)e+07,(7+/-4)e+07,(7+/-4)e+07,(7+/-4)e+07,(7+/-4)e+07,(7+/-4)e+07,(7+/-4)e+07,(7+/-4)e+07,(7+/-4)e+07,(7+/-4)e+07,(7+/-4)e+07,(7+/-4)e+07,(7+/-4)e+07,(7+/-4)e+07,(7+/-4)e+07,(7+/-4)e+07,(7+/-4)e+07,(7+/-4)e+07,(7+/-4)e+07,(7+/-4)e+07,(7+/-4)e+07,(7+/-4)e+07,(7+/-4)e+07,(7+/-4)e+07,(7+/-4)e+07,(7+/-4)e+07,(7+/-4)e+07,(7+/-4)e+07,(7+/-4)e+07,(7+/-4)e+07,(7+/-4)e+07,(7+/-4)e+07,(7+/-4)e+07
Marshall Islands,1931,4766,0,0,0.0+/-0,0.0+/-0,0.0+/-0,0.0+/-0,0.0+/-0,0.0+/-0,0.0+/-0,0.0+/-0,0.0+/-0,0.0+/-0,0.0+/-0,0.0+/-0,0.0+/-0,0.0+/-0,0.0+/-0,0.0+/-0,0.0+/-0,0.0+/-0,0.0+/-0,0.0+/-0,0.0+/-0,0.0+/-0,0.0+/-0,0.0+/-0,0.0+/-0,0.0+/-0,0.0+/-0,0.0+/-0,0.0+/-0,0.0+/-0,0.0+/-0,0.0+/-0,0.0+/-0,0.0+/-0,0.0+/-0,0.0+/-0,0.0+/-0,0.0+/-0,0.0+/-0,0.0+/-0,0.0+/-0,0.0+/-0,0.0+/-0,0.0+/-0,0.0+/-0,0.0+/-0,0.0+/-0,0.0+/-0,0.0+/-0,0.0+/-0,0.0+/-0
North Macedonia,125360,286142,0,0,(3.3+/-1.9)e+05,(3.3+/-1.9)e+05,(3.3+/-1.9)e+05,(3.3+/-1.9)e+05,(3.3+/-1.9)e+05,(3.3+/-1.9)e+05,(3.3+/-1.9)e+05,(3.3+/-1.9)e+05,(3.3+/-1.9)e+05,(3.3+/-1.9)e+05,(3.3+/-1.9)e+05,(3.3+/-1.9)e+05,(3.3+/-1.9)e+05,(3.3+/-1.9)e+05,(3.3+/-1.9)e+05,(3.3+/-1.9)e+05,(3.3+/-1.9)e+05,(3.3+/-1.9)e+05,(3.3+/-1.9)e+05,(3.3+/-1.9)e+05,(3.3+/-1.9)e+05,(3.3+/-1.9)e+05,(3.3+/-1.9)e+05,(3.3+/-1.9)e+05,(3.3+/-1.9)e+05,(3.3+/-1.9)e+05,(3.3+/-1.9)e+05,(3.3+/-1.9)e+05,(3.3+/-1.9)e+05,(3.3+/-1.9)e+05,(3.3+/-1.9)e+05,(3.3+/-1.9)e+05,(3.3+/-1.9)e+05,(3.3+/-1.9)e+05,(3.3+/-1.9)e+05,(3.3+/-1.9)e+05,(3.3+/-1.9)e+05,(3.3+/-1.9)e+05,(3.3+/-1.9)e+05,(3.3+/-1.9)e+05,(3.3+/-1.9)e+05,(3.3+/-1.9)e+05,(3.3+/-1.9)e+05,(3.3+/-1.9)e+05,(3.3+/-1.9)e+05,(3.3+/-1.9)e+05,(3.3+/-1.9)e+05,(3.3+/-1.9)e+05,(3.3+/-1.9)e+05,(3.3+/-1.9)e+05,(3.3+/-1.9)e+05
Mali,1335754,2927545,0,0,0.0+/-0,0.0+/-0,0.0+/-0,0.0+/-0,0.0+/-0,0.0+/-0,0.0+/-0,0.0+/-0,0.0+/-0,0.0+/-0,0.0+/-0,0.0+/-0,0.0+/-0,0.0+/-0,0.0+/-0,0.0+/-0,0.0+/-0,0.0+/-0,0.0+/-0,0.0+/-0,0.0+/-0,0.0+/-0,0.0+/-0,0.0+/-0,0.0+/-0,0.0+/-0,0.0+/-0,0.0+/-0,0.0+/-0,0.0+/-0,0.0+/-0,0.0+/-0,0.0+/-0,0.0+/-0,0.0+/-0,0.0+/-0,0.0+/-0,0.0+/-0,0.0+/-0,0.0+/-0,0.0+/-0,0.0+/-0,0.0+/-0,0.0+/-0,0.0+/-0,0.0+/-0,0.0+/-0,0.0+/-0,0.0+/-0,0.0+/-0,0.0+/-0
Malta,41019,102172,0,0,(2.1+/-1.2)e+05,(2.1+/-1.2)e+05,(2.1+/-1.2)e+05,(2.1+/-1.2)e+05,(2.1+/-1.2)e+05,(2.1+/-1.2)e+05,(2.1+/-1.2)e+05,(2.1+/-1.2)e+05,(2.1+/-1.2)e+05,(2.1+/-1.2)e+05,(2.1+/-1.2)e+05,(2.1+/-1.2)e+05,(2.1+/-1.2)e+05,(2.1+/-1.2)e+05,(2.1+/-1.2)e+05,(2.1+/-1.2)e+05,(2.1+/-1.2)e+05,(2.1+/-1.2)e+05,(2.1+/-1.2)e+05,(2.1+/-1.2)e+05,(2.1+/-1.2)e+05,(2.1+/-1.2)e+05,(2.1+/-1.2)e+05,(2.1+/-1.2)e+05,(2.1+/-1.2)e+05,(2.1+/-1.2)e+05,(2.1+/-1.2)e+05,(2.1+/-1.2)e+05,(2.1+/-1.2)e+05,(2.1+/-1.2)e+05,(2.1+/-1.2)e+05,(2.1+/-1.2)e+05,(2.1+/-1.2)e+05,(2.1+/-1.2)e+05,(2.1+/-1.2)e+05,(2.1+/-1.2)e+05,(2.1+/-1.2)e+05,(2.1+/-1.2)e+05,(2.1+/-1.2)e+05,(2.1+/-1.2)e+05,(2.1+/-1.2)e+05,(2.1+/-1.2)e+05,(2.1+/-1.2)e+05,(2.1+/-1.2)e+05,(2.1+/-1.2)e+05,(2.1+/-1.2)e+05,(2.1+/-1.2)e+05,(2.1+/-1.2)e+05,(2.1+/-1.2)e+05,(2.1+/-1.2)e+05,(2.1+/-1.2)e+05
Myanmar,3863021,8833817,0,0,(2.8+/-1.6)e+06,(2.8+/-1.6)e+06,(2.8+/-1.6)e+06,(2.8+/-1.6)e+06,(2.8+/-1.6)e+06,(2.8+/-1.6)e+06,(2.8+/-1.6)e+06,(2.8+/-1.6)e+06,(2.8+/-1.6)e+06,(2.8+/-1.6)e+06,(2.8+/-1.6)e+06,(2.8+/-1.6)e+06,(2.8+/-1.6)e+06,(2.8+/-1.6)e+06,(2.8+/-1.6)e+06,(2.8+/-1.6)e+06,(2.8+/-1.6)e+06,(2.8+/-1.6)e+06,(2.8+/-1.6)e+06,(2.8+/-1.6)e+06,(2.8+/-1.6)e+06,(2.8+/-1.6)e+06,(2.8+/-1.6)e+06,(2.8+/-1.6)e+06,(2.8+/-1.6)e+06,(2.8+/-1.6)e+06,(2.8+/-1.6)e+06,(2.8+/-1.6)e+06,(2.8+/-1.6)e+06,(2.8+/-1.6)e+06,(2.8+/-1.6)e+06,(2.8+/-1.6)e+06,(2.8+/-1.6)e+06,(2.8+/-1.6)e+06,(2.8+/-1.6)e+06,(2.8+/-1.6)e+06,(2.8+/-1.6)e+06,(2.8+/-1.6)e+06,(2.8+/-1.6)e+06,(2.8+/-1.6)e+06,(2.8+/-1.6)e+06,(2.8+/-1.6)e+06,(2.8+/-1.6)e+06,(2.8+/-1.6)e+06,(2.8+/-1.6)e+06,(2.8+/-1.6)e+06,(2.8+/-1.6)e+06,(2.8+/-1.6)e+06,(2.8+/-1.6)e+06,(2.8+/-1.6)e+06,(2.8+/-1.6)e+06
Montenegro,34386,86686,0,0,(4.1+/-2.3)e+04,(4.1+/-2.3)e+04,(4.1+/-2.3)e+04,(4.1+/-2.3)e+04,(4.1+/-2.3)e+04,(4.1+/-2.3)e+04,(4.1+/-2.3)e+04,(4.1+/-2.3)e+04,(4.1+/-2.3)e+04,(4.1+/-2.3)e+04,(4.1+/-2.3)e+04,(4.1+/-2.3)e+04,(4.1+/-2.3)e+04,(4.1+/-2.3)e+04,(4.1+/-2.3)e+04,(4.1+/-2.3)e+04,(4.1+/-2.3)e+04,(4.1+/-2.3)e+04,(4.1+/-2.3)e+04,(4.1+/-2.3)e+04,(4.1+/-2.3)e+04,(4.1+/-2.3)e+04,(4.1+/-2.3)e+04,(4.1+/-2.3)e+04,(4.1+/-2.3)e+04,(4.1+/-2.3)e+04,(4.1+/-2.3)e+04,(4.1+/-2.3)e+04,(4.1+/-2.3)e+04,(4.1+/-2.3)e+04,(4.1+/-2.3)e+04,(4.1+/-2.3)e+04,(4.1+/-2.3)e+04,(4.1+/-2.3)e+04,(4.1+/-2.3)e+04,(4.1+/-2.3)e+04,(4.1+/-2.3)e+04,(4.1+/-2.3)e+04,(4.1+/-2.3)e+04,(4.1+/-2.3)e+04,(4.1+/-2.3)e+04,(4.1+/-2.3)e+04,(4.1+/-2.3)e+04,(4.1+/-2.3)e+04,(4.1+/-2.3)e+04,(4.1+/-2.3)e+04,(4.1+/-2.3)e+04,(4.1+/-2.3)e+04,(4.1+/-2.3)e+04,(4.1+/-2.3)e+04,(4.1+/-2.3)e+04
Mongolia,251447,487011,0,0,(2.3+/-1.2)e+05,(2.3+/-1.2)e+05,(2.3+/-1.2)e+05,(2.3+/-1.2)e+05,(2.3+/-1.2)e+05,(2.3+/-1.2)e+05,(2.3+/-1.2)e+05,(2.3+/-1.2)e+05,(2.3+/-1.2)e+05,(2.3+/-1.2)e+05,(2.3+/-1.2)e+05,(2.3+/-1.2)e+05,(2.3+/-1.2)e+05,(2.3+/-1.2)e+05,(2.3+/-1.2)e+05,(2.3+/-1.2)e+05,(2.3+/-1.2)e+05,(2.3+/-1.2)e+05,(2.3+/-1.2)e+05,(2.3+/-1.2)e+05,(2.3+/-1.2)e+05,(2.3+/-1.2)e+05,(2.3+/-1.2)e+05,(2.3+/-1.2)e+05,(2.3+/-1.2)e+05,(2.3+/-1.2)e+05,(2.3+/-1.2)e+05,(2.3+/-1.2)e+05,(2.3+/-1.2)e+05,(2.3+/-1.2)e+05,(2.3+/-1.2)e+05,(2.3+/-1.2)e+05,(2.3+/-1.2)e+05,(2.3+/-1.2)e+05,(2.3+/-1.2)e+05,(2.3+/-1.2)e+05,(2.3+/-1.2)e+05,(2.3+/-1.2)e+05,(2.3+/-1.2)e+05,(2.3+/-1.2)e+05,(2.3+/-1.2)e+05,(2.3+/-1.2)e+05,(2.3+/-1.2)e+05,(2.3+/-1.2)e+05,(2.3+/-1.2)e+05,(2.3+/-1.2)e+05,(2.3+/-1.2)e+05,(2.3+/-1.2)e+05,(2.3+/-1.2)e+05,(2.3+/-1.2)e+05,(2.3+/-1.2)e+05
Northern Mariana Islands,2790,7069,0,0,0.0+/-0,0.0+/-0,0.0+/-0,0.0+/-0,0.0+/-0,0.0+/-0,0.0+/-0,0.0+/-0,0.0+/-0,0.0+/-0,0.0+/-0,0.0+/-0,0.0+/-0,0.0+/-0,0.0+/-0,0.0+/-0,0.0+/-0,0.0+/-0,0.0+/-0,0.0+/-0,0.0+/-0,0.0+/-0,0.0+/-0,0.0+/-0,0.0+/-0,0.0+/-0,0.0+/-0,0.0+/-0,0.0+/-0,0.0+/-0,0.0+/-0,0.0+/-0,0.0+/-0,0.0+/-0,0.0+/-0,0.0+/-0,0.0+/-0,0.0+/-0,0.0+/-0,0.0+/-0,0.0+/-0,0.0+/-0,0.0+/-0,0.0+/-0,0.0+/-0,0.0+/-0,0.0+/-0,0.0+/-0,0.0+/-0,0.0+/-0,0.0+/-0
Mozambique,615314,2159585,0,0,0.0+/-0,0.0+/-0,0.0+/-0,0.0+/-0,0.0+/-0,0.0+/-0,0.0+/-0,0.0+/-0,0.0+/-0,0.0+/-0,0.0+/-0,0.0+/-0,0.0+/-0,0.0+/-0,0.0+/-0,0.0+/-0,0.0+/-0,0.0+/-0,0.0+/-0,0.0+/-0,0.0+/-0,0.0+/-0,0.0+/-0,0.0+/-0,0.0+/-0,0.0+/-0,0.0+/-0,0.0+/-0,0.0+/-0,0.0+/-0,0.0+/-0,0.0+/-0,0.0+/-0,0.0+/-0,0.0+/-0,0.0+/-0,0.0+/-0,0.0+/-0,0.0+/-0,0.0+/-0,0.0+/-0,0.0+/-0,0.0+/-0,0.0+/-0,0.0+/-0,0.0+/-0,0.0+/-0,0.0+/-0,0.0+/-0,0.0+/-0,0.0+/-0
Mauritania,148250,488192,0,0,0.0+/-0,0.0+/-0,0.0+/-0,0.0+/-0,0.0+/-0,0.0+/-0,0.0+/-0,0.0+/-0,0.0+/-0,0.0+/-0,0.0+/-0,0.0+/-0,0.0+/-0,0.0+/-0,0.0+/-0,0.0+/-0,0.0+/-0,0.0+/-0,0.0+/-0,0.0+/-0,0.0+/-0,0.0+/-0,0.0+/-0,0.0+/-0,0.0+/-0,0.0+/-0,0.0+/-0,0.0+/-0,0.0+/-0,0.0+/-0,0.0+/-0,0.0+/-0,0.0+/-0,0.0+/-0,0.0+/-0,0.0+/-0,0.0+/-0,0.0+/-0,0.0+/-0,0.0+/-0,0.0+/-0,0.0+/-0,0.0+/-0,0.0+/-0,0.0+/-0,0.0+/-0,0.0+/-0,0.0+/-0,0.0+/-0,0.0+/-0,0.0+/-0
Mauritius,75667,206937,0,0,0.0+/-0,0.0+/-0,0.0+/-0,0.0+/-0,0.0+/-0,0.0+/-0,0.0+/-0,0.0+/-0,0.0+/-0,0.0+/-0,0.0+/-0,0.0+/-0,0.0+/-0,0.0+/-0,0.0+/-0,0.0+/-0,0.0+/-0,0.0+/-0,0.0+/-0,0.0+/-0,0.0+/-0,0.0+/-0,0.0+/-0,0.0+/-0,0.0+/-0,0.0+/-0,0.0+/-0,0.0+/-0,0.0+/-0,0.0+/-0,0.0+/-0,0.0+/-0,0.0+/-0,0.0+/-0,0.0+/-0,0.0+/-0,0.0+/-0,0.0+/-0,0.0+/-0,0.0+/-0,0.0+/-0,0.0+/-0,0.0+/-0,0.0+/-0,0.0+/-0,0.0+/-0,0.0+/-0,0.0+/-0,0.0+/-0,0.0+/-0,0.0+/-0
Malawi,1009990,2063335,0,0,0.0+/-0,0.0+/-0,0.0+/-0,0.0+/-0,0.0+/-0,0.0+/-0,0.0+/-0,0.0+/-0,0.0+/-0,0.0+/-0,0.0+/-0,0.0+/-0,0.0+/-0,0.0+/-0,0.0+/-0,0.0+/-0,0.0+/-0,0.0+/-0,0.0+/-0,0.0+/-0,0.0+/-0,0.0+/-0,0.0+/-0,0.0+/-0,0.0+/-0,0.0+/-0,0.0+/-0,0.0+/-0,0.0+/-0,0.0+/-0,0.0+/-0,0.0+/-0,0.0+/-0,0.0+/-0,0.0+/-0,0.0+/-0,0.0+/-0,0.0+/-0,0.0+/-0,0.0+/-0,0.0+/-0,0.0+/-0,0.0+/-0,0.0+/-0,0.0+/-0,0.0+/-0,0.0+/-0,0.0+/-0,0.0+/-0,0.0+/-0,0.0+/-0
Malaysia,2955845,7300593,0,0,(1.8+/-1.0)e+07,(1.8+/-1.0)e+07,(1.8+/-1.0)e+07,(1.8+/-1.0)e+07,(1.8+/-1.0)e+07,(1.8+/-1.0)e+07,(1.8+/-1.0)e+07,(1.8+/-1.0)e+07,(1.8+/-1.0)e+07,(1.8+/-1.0)e+07,(1.8+/-1.0)e+07,(1.8+/-1.0)e+07,(1.8+/-1.0)e+07,(1.8+/-1.0)e+07,(1.8+/-1.0)e+07,(1.8+/-1.0)e+07,(1.8+/-1.0)e+07,(1.8+/-1.0)e+07,(1.8+/-1.0)e+07,(1.8+/-1.0)e+07,(1.8+/-1.0)e+07,(1.8+/-1.0)e+07,(1.8+/-1.0)e+07,(1.8+/-1.0)e+07,(1.8+/-1.0)e+07,(1.8+/-1.0)e+07,(1.8+/-1.0)e+07,(1.8+/-1.0)e+07,(1.8+/-1.0)e+07,(1.8+/-1.0)e+07,(1.8+/-1.0)e+07,(1.8+/-1.0)e+07,(1.8+/-1.0)e+07,(1.8+/-1.0)e+07,(1.8+/-1.0)e+07,(1.8+/-1.0)e+07,(1.8+/-1.0)e+07,(1.8+/-1.0)e+07,(1.8+/-1.0)e+07,(1.8+/-1.0)e+07,(1.8+/-1.0)e+07,(1.8+/-1.0)e+07,(1.8+/-1.0)e+07,(1.8+/-1.0)e+07,(1.8+/-1.0)e+07,(1.8+/-1.0)e+07,(1.8+/-1.0)e+07,(1.8+/-1.0)e+07,(1.8+/-1.0)e+07,(1.8+/-1.0)e+07,(1.8+/-1.0)e+07
Namibia,154577,398290,0,0,0.0+/-0,0.0+/-0,0.0+/-0,0.0+/-0,0.0+/-0,0.0+/-0,0.0+/-0,0.0+/-0,0.0+/-0,0.0+/-0,0.0+/-0,0.0+/-0,0.0+/-0,0.0+/-0,0.0+/-0,0.0+/-0,0.0+/-0,0.0+/-0,0.0+/-0,0.0+/-0,0.0+/-0,0.0+/-0,0.0+/-0,0.0+/-0,0.0+/-0,0.0+/-0,0.0+/-0,0.0+/-0,0.0+/-0,0.0+/-0,0.0+/-0,0.0+/-0,0.0+/-0,0.0+/-0,0.0+/-0,0.0+/-0,0.0+/-0,0.0+/-0,0.0+/-0,0.0+/-0,0.0+/-0,0.0+/-0,0.0+/-0,0.0+/-0,0.0+/-0,0.0+/-0,0.0+/-0,0.0+/-0,0.0+/-0,0.0+/-0,0.0+/-0
New Caledonia,15798,38044,0,0,0.0+/-0,0.0+/-0,0.0+/-0,0.0+/-0,0.0+/-0,0.0+/-0,0.0+/-0,0.0+/-0,0.0+/-0,0.0+/-0,0.0+/-0,0.0+/-0,0.0+/-0,0.0+/-0,0.0+/-0,0.0+/-0,0.0+/-0,0.0+/-0,0.0+/-0,0.0+/-0,0.0+/-0,0.0+/-0,0.0+/-0,0.0+/-0,0.0+/-0,0.0+/-0,0.0+/-0,0.0+/-0,0.0+/-0,0.0+/-0,0.0+/-0,0.0+/-0,0.0+/-0,0.0+/-0,0.0+/-0,0.0+/-0,0.0+/-0,0.0+/-0,0.0+/-0,0.0+/-0,0.0+/-0,0.0+/-0,0.0+/-0,0.0+/-0,0.0+/-0,0.0+/-0,0.0+/-0,0.0+/-0,0.0+/-0,0.0+/-0,0.0+/-0
Niger,1286469,4236382,0,0,0.0+/-0,0.0+/-0,0.0+/-0,0.0+/-0,0.0+/-0,0.0+/-0,0.0+/-0,0.0+/-0,0.0+/-0,0.0+/-0,0.0+/-0,0.0+/-0,0.0+/-0,0.0+/-0,0.0+/-0,0.0+/-0,0.0+/-0,0.0+/-0,0.0+/-0,0.0+/-0,0.0+/-0,0.0+/-0,0.0+/-0,0.0+/-0,0.0+/-0,0.0+/-0,0.0+/-0,0.0+/-0,0.0+/-0,0.0+/-0,0.0+/-0,0.0+/-0,0.0+/-0,0.0+/-0,0.0+/-0,0.0+/-0,0.0+/-0,0.0+/-0,0.0+/-0,0.0+/-0,0.0+/-0,0.0+/-0,0.0+/-0,0.0+/-0,0.0+/-0,0.0+/-0,0.0+/-0,0.0+/-0,0.0+/-0,0.0+/-0,0.0+/-0
Nigeria,6580214,16942373,0,0,(4.0+/-2.3)e+06,(4.0+/-2.3)e+06,(4.0+/-2.3)e+06,(4.0+/-2.3)e+06,(4.0+/-2.3)e+06,(4.0+/-2.3)e+06,(4.0+/-2.3)e+06,(4.0+/-2.3)e+06,(4.0+/-2.3)e+06,(4.0+/-2.3)e+06,(4.0+/-2.3)e+06,(4.0+/-2.3)e+06,(4.0+/-2.3)e+06,(4.0+/-2.3)e+06,(4.0+/-2.3)e+06,(4.0+/-2.3)e+06,(4.0+/-2.3)e+06,(4.0+/-2.3)e+06,(4.0+/-2.3)e+06,(4.0+/-2.3)e+06,(4.0+/-2.3)e+06,(4.0+/-2.3)e+06,(4.0+/-2.3)e+06,(4.0+/-2.3)e+06,(4.0+/-2.3)e+06,(4.0+/-2.3)e+06,(4.0+/-2.3)e+06,(4.0+/-2.3)e+06,(4.0+/-2.3)e+06,(4.0+/-2.3)e+06,(4.0+/-2.3)e+06,(4.0+/-2.3)e+06,(4.0+/-2.3)e+06,(4.0+/-2.3)e+06,(4.0+/-2.3)e+06,(4.0+/-2.3)e+06,(4.0+/-2.3)e+06,(4.0+/-2.3)e+06,(4.0+/-2.3)e+06,(4.0+/-2.3)e+06,(4.0+/-2.3)e+06,(4.0+/-2.3)e+06,(4.0+/-2.3)e+06,(4.0+/-2.3)e+06,(4.0+/-2.3)e+06,(4.0+/-2.3)e+06,(4.0+/-2.3)e+06,(4.0+/-2.3)e+06,(4.0+/-2.3)e+06,(4.0+/-2.3)e+06,(4.0+/-2.3)e+06
Nicaragua,437353,1372499,0,0,(4.8+/-2.8)e+05,(4.8+/-2.8)e+05,(4.8+/-2.8)e+05,(4.8+/-2.8)e+05,(4.8+/-2.8)e+05,(4.8+/-2.8)e+05,(4.8+/-2.8)e+05,(4.8+/-2.8)e+05,(4.8+/-2.8)e+05,(4.8+/-2.8)e+05,(4.8+/-2.8)e+05,(4.8+/-2.8)e+05,(4.8+/-2.8)e+05,(4.8+/-2.8)e+05,(4.8+/-2.8)e+05,(4.8+/-2.8)e+05,(4.8+/-2.8)e+05,(4.8+/-2.8)e+05,(4.8+/-2.8)e+05,(4.8+/-2.8)e+05,(4.8+/-2.8)e+05,(4.8+/-2.8)e+05,(4.8+/-2.8)e+05,(4.8+/-2.8)e+05,(4.8+/-2.8)e+05,(4.8+/-2.8)e+05,(4.8+/-2.8)e+05,(4.8+/-2.8)e+05,(4.8+/-2.8)e+05,(4.8+/-2.8)e+05,(4.8+/-2.8)e+05,(4.8+/-2.8)e+05,(4.8+/-2.8)e+05,(4.8+/-2.8)e+05,(4.8+/-2.8)e+05,(4.8+/-2.8)e+05,(4.8+/-2.8)e+05,(4.8+/-2.8)e+05,(4.8+/-2.8)e+05,(4.8+/-2.8)e+05,(4.8+/-2.8)e+05,(4.8+/-2.8)e+05,(4.8+/-2.8)e+05,(4.8+/-2.8)e+05,(4.8+/-2.8)e+05,(4.8+/-2.8)e+05,(4.8+/-2.8)e+05,(4.8+/-2.8)e+05,(4.8+/-2.8)e+05,(4.8+/-2.8)e+05,(4.8+/-2.8)e+05
Netherlands,1282688,2998462,0,0,(1.8+/-1.0)e+07,(1.8+/-1.0)e+07,(1.8+/-1.0)e+07,(1.8+/-1.0)e+07,(1.8+/-1.0)e+07,(1.8+/-1.0)e+07,(1.8+/-1.0)e+07,(1.8+/-1.0)e+07,(1.8+/-1.0)e+07,(1.8+/-1.0)e+07,(1.8+/-1.0)e+07,(1.8+/-1.0)e+07,(1.8+/-1.0)e+07,(1.8+/-1.0)e+07,(1.8+/-1.0)e+07,(1.8+/-1.0)e+07,(1.8+/-1.0)e+07,(1.8+/-1.0)e+07,(1.8+/-1.0)e+07,(1.8+/-1.0)e+07,(1.8+/-1.0)e+07,(1.8+/-1.0)e+07,(1.8+/-1.0)e+07,(1.8+/-1.0)e+07,(1.8+/-1.0)e+07,(1.8+/-1.0)e+07,(1.8+/-1.0)e+07,(1.8+/-1.0)e+07,(1.8+/-1.0)e+07,(1.8+/-1.0)e+07,(1.8+/-1.0)e+07,(1.8+/-1.0)e+07,(1.8+/-1.0)e+07,(1.8+/-1.0)e+07,(1.8+/-1.0)e+07,(1.8+/-1.0)e+07,(1.8+/-1.0)e+07,(1.8+/-1.0)e+07,(1.8+/-1.0)e+07,(1.8+/-1.0)e+07,(1.8+/-1.0)e+07,(1.8+/-1.0)e+07,(1.8+/-1.0)e+07,(1.8+/-1.0)e+07,(1.8+/-1.0)e+07,(1.8+/-1.0)e+07,(1.8+/-1.0)e+07,(1.8+/-1.0)e+07,(1.8+/-1.0)e+07,(1.8+/-1.0)e+07,(1.8+/-1.0)e+07
Norway,467484,999401,0,0,(4.9+/-2.7)e+06,(4.9+/-2.7)e+06,(4.9+/-2.7)e+06,(4.9+/-2.7)e+06,(4.9+/-2.7)e+06,(4.9+/-2.7)e+06,(4.9+/-2.7)e+06,(4.9+/-2.7)e+06,(4.9+/-2.7)e+06,(4.9+/-2.7)e+06,(4.9+/-2.7)e+06,(4.9+/-2.7)e+06,(4.9+/-2.7)e+06,(4.9+/-2.7)e+06,(4.9+/-2.7)e+06,(4.9+/-2.7)e+06,(4.9+/-2.7)e+06,(4.9+/-2.7)e+06,(4.9+/-2.7)e+06,(4.9+/-2.7)e+06,(4.9+/-2.7)e+06,(4.9+/-2.7)e+06,(4.9+/-2.7)e+06,(4.9+/-2.7)e+06,(4.9+/-2.7)e+06,(4.9+/-2.7)e+06,(4.9+/-2.7)e+06,(4.9+/-2.7)e+06,(4.9+/-2.7)e+06,(4.9+/-2.7)e+06,(4.9+/-2.7)e+06,(4.9+/-2.7)e+06,(4.9+/-2.7)e+06,(4.9+/-2.7)e+06,(4.9+/-2.7)e+06,(4.9+/-2.7)e+06,(4.9+/-2.7)e+06,(4.9+/-2.7)e+06,(4.9+/-2.7)e+06,(4.9+/-2.7)e+06,(4.9+/-2.7)e+06,(4.9+/-2.7)e+06,(4.9+/-2.7)e+06,(4.9+/-2.7)e+06,(4.9+/-2.7)e+06,(4.9+/-2.7)e+06,(4.9+/-2.7)e+06,(4.9+/-2.7)e+06,(4.9+/-2.7)e+06,(4.9+/-2.7)e+06,(4.9+/-2.7)e+06
Nepal,1136823,3463407,0,0,(3.5+/-2.0)e+05,(3.5+/-2.0)e+05,(3.5+/-2.0)e+05,(3.5+/-2.0)e+05,(3.5+/-2.0)e+05,(3.5+/-2.0)e+05,(3.5+/-2.0)e+05,(3.5+/-2.0)e+05,(3.5+/-2.0)e+05,(3.5+/-2.0)e+05,(3.5+/-2.0)e+05,(3.5+/-2.0)e+05,(3.5+/-2.0)e+05,(3.5+/-2.0)e+05,(3.5+/-2.0)e+05,(3.5+/-2.0)e+05,(3.5+/-2.0)e+05,(3.5+/-2.0)e+05,(3.5+/-2.0)e+05,(3.5+/-2.0)e+05,(3.5+/-2.0)e+05,(3.5+/-2.0)e+05,(3.5+/-2.0)e+05,(3.5+/-2.0)e+05,(3.5+/-2.0)e+05,(3.5+/-2.0)e+05,(3.5+/-2.0)e+05,(3.5+/-2.0)e+05,(3.5+/-2.0)e+05,(3.5+/-2.0)e+05,(3.5+/-2.0)e+05,(3.5+/-2.0)e+05,(3.5+/-2.0)e+05,(3.5+/-2.0)e+05,(3.5+/-2.0)e+05,(3.5+/-2.0)e+05,(3.5+/-2.0)e+05,(3.5+/-2.0)e+05,(3.5+/-2.0)e+05,(3.5+/-2.0)e+05,(3.5+/-2.0)e+05,(3.5+/-2.0)e+05,(3.5+/-2.0)e+05,(3.5+/-2.0)e+05,(3.5+/-2.0)e+05,(3.5+/-2.0)e+05,(3.5+/-2.0)e+05,(3.5+/-2.0)e+05,(3.5+/-2.0)e+05,(3.5+/-2.0)e+05,(3.5+/-2.0)e+05
Nauru,686,1168,0,0,0.0+/-0,0.0+/-0,0.0+/-0,0.0+/-0,0.0+/-0,0.0+/-0,0.0+/-0,0.0+/-0,0.0+/-0,0.0+/-0,0.0+/-0,0.0+/-0,0.0+/-0,0.0+/-0,0.0+/-0,0.0+/-0,0.0+/-0,0.0+/-0,0.0+/-0,0.0+/-0,0.0+/-0,0.0+/-0,0.0+/-0,0.0+/-0,0.0+/-0,0.0+/-0,0.0+/-0,0.0+/-0,0.0+/-0,0.0+/-0,0.0+/-0,0.0+/-0,0.0+/-0,0.0+/-0,0.0+/-0,0.0+/-0,0.0+/-0,0.0+/-0,0.0+/-0,0.0+/-0,0.0+/-0,0.0+/-0,0.0+/-0,0.0+/-0,0.0+/-0,0.0+/-0,0.0+/-0,0.0+/-0,0.0+/-0,0.0+/-0,0.0+/-0
New Zealand,409707,912917,0,0,(3.3+/-1.8)e+06,(3.3+/-1.8)e+06,(3.3+/-1.8)e+06,(3.3+/-1.8)e+06,(3.3+/-1.8)e+06,(3.3+/-1.8)e+06,(3.3+/-1.8)e+06,(3.3+/-1.8)e+06,(3.3+/-1.8)e+06,(3.3+/-1.8)e+06,(3.3+/-1.8)e+06,(3.3+/-1.8)e+06,(3.3+/-1.8)e+06,(3.3+/-1.8)e+06,(3.3+/-1.8)e+06,(3.3+/-1.8)e+06,(3.3+/-1.8)e+06,(3.3+/-1.8)e+06,(3.3+/-1.8)e+06,(3.3+/-1.8)e+06,(3.3+/-1.8)e+06,(3.3+/-1.8)e+06,(3.3+/-1.8)e+06,(3.3+/-1.8)e+06,(3.3+/-1.8)e+06,(3.3+/-1.8)e+06,(3.3+/-1.8)e+06,(3.3+/-1.8)e+06,(3.3+/-1.8)e+06,(3.3+/-1.8)e+06,(3.3+/-1.8)e+06,(3.3+/-1.8)e+06,(3.3+/-1.8)e+06,(3.3+/-1.8)e+06,(3.3+/-1.8)e+06,(3.3+/-1.8)e+06,(3.3+/-1.8)e+06,(3.3+/-1.8)e+06,(3.3+/-1.8)e+06,(3.3+/-1.8)e+06,(3.3+/-1.8)e+06,(3.3+/-1.8)e+06,(3.3+/-1.8)e+06,(3.3+/-1.8)e+06,(3.3+/-1.8)e+06,(3.3+/-1.8)e+06,(3.3+/-1.8)e+06,(3.3+/-1.8)e+06,(3.3+/-1.8)e+06,(3.3+/-1.8)e+06,(3.3+/-1.8)e+06
Oman,322229,821365,0,0,(1.4+/-0.8)e+06,(1.4+/-0.8)e+06,(1.4+/-0.8)e+06,(1.4+/-0.8)e+06,(1.4+/-0.8)e+06,(1.4+/-0.8)e+06,(1.4+/-0.8)e+06,(1.4+/-0.8)e+06,(1.4+/-0.8)e+06,(1.4+/-0.8)e+06,(1.4+/-0.8)e+06,(1.4+/-0.8)e+06,(1.4+/-0.8)e+06,(1.4+/-0.8)e+06,(1.4+/-0.8)e+06,(1.4+/-0.8)e+06,(1.4+/-0.8)e+06,(1.4+/-0.8)e+06,(1.4+/-0.8)e+06,(1.4+/-0.8)e+06,(1.4+/-0.8)e+06,(1.4+/-0.8)e+06,(1.4+/-0.8)e+06,(1.4+/-0.8)e+06,(1.4+/-0.8)e+06,(1.4+/-0.8)e+06,(1.4+/-0.8)e+06,(1.4+/-0.8)e+06,(1.4+/-0.8)e+06,(1.4+/-0.8)e+06,(1.4+/-0.8)e+06,(1.4+/-0.8)e+06,(1.4+/-0.8)e+06,(1.4+/-0.8)e+06,(1.4+/-0.8)e+06,(1.4+/-0.8)e+06,(1.4+/-0.8)e+06,(1.4+/-0.8)e+06,(1.4+/-0.8)e+06,(1.4+/-0.8)e+06,(1.4+/-0.8)e+06,(1.4+/-0.8)e+06,(1.4+/-0.8)e+06,(1.4+/-0.8)e+06,(1.4+/-0.8)e+06,(1.4+/-0.8)e+06,(1.4+/-0.8)e+06,(1.4+/-0.8)e+06,(1.4+/-0.8)e+06,(1.4+/-0.8)e+06,(1.4+/-0.8)e+06
Pakistan,16308785,31863930,0,0,(9+/-5)e+06,(9+/-5)e+06,(9+/-5)e+06,(9+/-5)e+06,(9+/-5)e+06,(9+/-5)e+06,(9+/-5)e+06,(9+/-5)e+06,(9+/-5)e+06,(9+/-5)e+06,(9+/-5)e+06,(9+/-5)e+06,(9+/-5)e+06,(9+/-5)e+06,(9+/-5)e+06,(9+/-5)e+06,(9+/-5)e+06,(9+/-5)e+06,(9+/-5)e+06,(9+/-5)e+06,(9+/-5)e+06,(9+/-5)e+06,(9+/-5)e+06,(9+/-5)e+06,(9+/-5)e+06,(9+/-5)e+06,(9+/-5)e+06,(9+/-5)e+06,(9+/-5)e+06,(9+/-5)e+06,(9+/-5)e+06,(9+/-5)e+06,(9+/-5)e+06,(9+/-5)e+06,(9+/-5)e+06,(9+/-5)e+06,(9+/-5)e+06,(9+/-5)e+06,(9+/-5)e+06,(9+/-5)e+06,(9+/-5)e+06,(9+/-5)e+06,(9+/-5)e+06,(9+/-5)e+06,(9+/-5)e+06,(9+/-5)e+06,(9+/-5)e+06,(9+/-5)e+06,(9+/-5)e+06,(9+/-5)e+06,(9+/-5)e+06
Panama,321506,709321,0,0,(7+/-4)e+05,(7+/-4)e+05,(7+/-4)e+05,(7+/-4)e+05,(7+/-4)e+05,(7+/-4)e+05,(7+/-4)e+05,(7+/-4)e+05,(7+/-4)e+05,(7+/-4)e+05,(7+/-4)e+05,(7+/-4)e+05,(7+/-4)e+05,(7+/-4)e+05,(7+/-4)e+05,(7+/-4)e+05,(7+/-4)e+05,(7+/-4)e+05,(7+/-4)e+05,(7+/-4)e+05,(7+/-4)e+05,(7+/-4)e+05,(7+/-4)e+05,(7+/-4)e+05,(7+/-4)e+05,(7+/-4)e+05,(7+/-4)e+05,(7+/-4)e+05,(7+/-4)e+05,(7+/-4)e+05,(7+/-4)e+05,(7+/-4)e+05,(7+/-4)e+05,(7+/-4)e+05,(7+/-4)e+05,(7+/-4)e+05,(7+/-4)e+05,(7+/-4)e+05,(7+/-4)e+05,(7+/-4)e+05,(7+/-4)e+05,(7+/-4)e+05,(7+/-4)e+05,(7+/-4)e+05,(7+/-4)e+05,(7+/-4)e+05,(7+/-4)e+05,(7+/-4)e+05,(7+/-4)e+05,(7+/-4)e+05,(7+/-4)e+05
Peru,2550165,7679542,0,0,(6+/-4)e+06,(6+/-4)e+06,(6+/-4)e+06,(6+/-4)e+06,(6+/-4)e+06,(6+/-4)e+06,(6+/-4)e+06,(6+/-4)e+06,(6+/-4)e+06,(6+/-4)e+06,(6+/-4)e+06,(6+/-4)e+06,(6+/-4)e+06,(6+/-4)e+06,(6+/-4)e+06,(6+/-4)e+06,(6+/-4)e+06,(6+/-4)e+06,(6+/-4)e+06,(6+/-4)e+06,(6+/-4)e+06,(6+/-4)e+06,(6+/-4)e+06,(6+/-4)e+06,(6+/-4)e+06,(6+/-4)e+06,(6+/-4)e+06,(6+/-4)e+06,(6+/-4)e+06,(6+/-4)e+06,(6+/-4)e+06,(6+/-4)e+06,(6+/-4)e+06,(6+/-4)e+06,(6+/-4)e+06,(6+/-4)e+06,(6+/-4)e+06,(6+/-4)e+06,(6+/-4)e+06,(6+/-4)e+06,(6+/-4)e+06,(6+/-4)e+06,(6+/-4)e+06,(6+/-4)e+06,(6+/-4)e+06,(6+/-4)e+06,(6+/-4)e+06,(6+/-4)e+06,(6+/-4)e+06,(6+/-4)e+06,(6+/-4)e+06
Philippines,7430366,19228806,0,0,(1.3+/-0.7)e+07,(1.3+/-0.7)e+07,(1.3+/-0.7)e+07,(1.3+/-0.7)e+07,(1.3+/-0.7)e+07,(1.3+/-0.7)e+07,(1.3+/-0.7)e+07,(1.3+/-0.7)e+07,(1.3+/-0.7)e+07,(1.3+/-0.7)e+07,(1.3+/-0.7)e+07,(1.3+/-0.7)e+07,(1.3+/-0.7)e+07,(1.3+/-0.7)e+07,(1.3+/-0.7)e+07,(1.3+/-0.7)e+07,(1.3+/-0.7)e+07,(1.3+/-0.7)e+07,(1.3+/-0.7)e+07,(1.3+/-0.7)e+07,(1.3+/-0.7)e+07,(1.3+/-0.7)e+07,(1.3+/-0.7)e+07,(1.3+/-0.7)e+07,(1.3+/-0.7)e+07,(1.3+/-0.7)e+07,(1.3+/-0.7)e+07,(1.3+/-0.7)e+07,(1.3+/-0.7)e+07,(1.3+/-0.7)e+07,(1.3+/-0.7)e+07,(1.3+/-0.7)e+07,(1.3+/-0.7)e+07,(1.3+/-0.7)e+07,(1.3+/-0.7)e+07,(1.3+/-0.7)e+07,(1.3+/-0.7)e+07,(1.3+/-0.7)e+07,(1.3+/-0.7)e+07,(1.3+/-0.7)e+07,(1.3+/-0.7)e+07,(1.3+/-0.7)e+07,(1.3+/-0.7)e+07,(1.3+/-0.7)e+07,(1.3+/-0.7)e+07,(1.3+/-0.7)e+07,(1.3+/-0.7)e+07,(1.3+/-0.7)e+07,(1.3+/-0.7)e+07,(1.3+/-0.7)e+07,(1.3+/-0.7)e+07
Palau,976,2594,0,0,0.0+/-0,0.0+/-0,0.0+/-0,0.0+/-0,0.0+/-0,0.0+/-0,0.0+/-0,0.0+/-0,0.0+/-0,0.0+/-0,0.0+/-0,0.0+/-0,0.0+/-0,0.0+/-0,0.0+/-0,0.0+/-0,0.0+/-0,0.0+/-0,0.0+/-0,0.0+/-0,0.0+/-0,0.0+/-0,0.0+/-0,0.0+/-0,0.0+/-0,0.0+/-0,0.0+/-0,0.0+/-0,0.0+/-0,0.0+/-0,0.0+/-0,0.0+/-0,0.0+/-0,0.0+/-0,0.0+/-0,0.0+/-0,0.0+/-0,0.0+/-0,0.0+/-0,0.0+/-0,0.0+/-0,0.0+/-0,0.0+/-0,0.0+/-0,0.0+/-0,0.0+/-0,0.0+/-0,0.0+/-0,0.0+/-0,0.0+/-0,0.0+/-0
Papua New Guinea,477693,1280540,0,0,0.0+/-0,0.0+/-0,0.0+/-0,0.0+/-0,0.0+/-0,0.0+/-0,0.0+/-0,0.0+/-0,0.0+/-0,0.0+/-0,0.0+/-0,0.0+/-0,0.0+/-0,0.0+/-0,0.0+/-0,0.0+/-0,0.0+/-0,0.0+/-0,0.0+/-0,0.0+/-0,0.0+/-0,0.0+/-0,0.0+/-0,0.0+/-0,0.0+/-0,0.0+/-0,0.0+/-0,0.0+/-0,0.0+/-0,0.0+/-0,0.0+/-0,0.0+/-0,0.0+/-0,0.0+/-0,0.0+/-0,0.0+/-0,0.0+/-0,0.0+/-0,0.0+/-0,0.0+/-0,0.0+/-0,0.0+/-0,0.0+/-0,0.0+/-0,0.0+/-0,0.0+/-0,0.0+/-0,0.0+/-0,0.0+/-0,0.0+/-0,0.0+/-0
Poland,2666899,5354498,0,0,(2.1+/-1.1)e+07,(2.1+/-1.1)e+07,(2.1+/-1.1)e+07,(2.1+/-1.1)e+07,(2.1+/-1.1)e+07,(2.1+/-1.1)e+07,(2.1+/-1.1)e+07,(2.1+/-1.1)e+07,(2.1+/-1.1)e+07,(2.1+/-1.1)e+07,(2.1+/-1.1)e+07,(2.1+/-1.1)e+07,(2.1+/-1.1)e+07,(2.1+/-1.1)e+07,(2.1+/-1.1)e+07,(2.1+/-1.1)e+07,(2.1+/-1.1)e+07,(2.1+/-1.1)e+07,(2.1+/-1.1)e+07,(2.1+/-1.1)e+07,(2.1+/-1.1)e+07,(2.1+/-1.1)e+07,(2.1+/-1.1)e+07,(2.1+/-1.1)e+07,(2.1+/-1.1)e+07,(2.1+/-1.1)e+07,(2.1+/-1.1)e+07,(2.1+/-1.1)e+07,(2.1+/-1.1)e+07,(2.1+/-1.1)e+07,(2.1+/-1.1)e+07,(2.1+/-1.1)e+07,(2.1+/-1.1)e+07,(2.1+/-1.1)e+07,(2.1+/-1.1)e+07,(2.1+/-1.1)e+07,(2.1+/-1.1)e+07,(2.1+/-1.1)e+07,(2.1+/-1.1)e+07,(2.1+/-1.1)e+07,(2.1+/-1.1)e+07,(2.1+/-1.1)e+07,(2.1+/-1.1)e+07,(2.1+/-1.1)e+07,(2.1+/-1.1)e+07,(2.1+/-1.1)e+07,(2.1+/-1.1)e+07,(2.1+/-1.1)e+07,(2.1+/-1.1)e+07,(2.1+/-1.1)e+07,(2.1+/-1.1)e+07
Puerto Rico,143357,362519,0,0,0.0+/-0,0.0+/-0,0.0+/-0,0.0+/-0,0.0+/-0,0.0+/-0,0.0+/-0,0.0+/-0,0.0+/-0,0.0+/-0,0.0+/-0,0.0+/-0,0.0+/-0,0.0+/-0,0.0+/-0,0.0+/-0,0.0+/-0,0.0+/-0,0.0+/-0,0.0+/-0,0.0+/-0,0.0+/-0,0.0+/-0,0.0+/-0,0.0+/-0,0.0+/-0,0.0+/-0,0.0+/-0,0.0+/-0,0.0+/-0,0.0+/-0,0.0+/-0,0.0+/-0,0.0+/-0,0.0+/-0,0.0+/-0,0.0+/-0,0.0+/-0,0.0+/-0,0.0+/-0,0.0+/-0,0.0+/-0,0.0+/-0,0.0+/-0,0.0+/-0,0.0+/-0,0.0+/-0,0.0+/-0,0.0+/-0,0.0+/-0,0.0+/-0
North Korea,2864213,6252632,0,0,0.0+/-0,0.0+/-0,0.0+/-0,0.0+/-0,0.0+/-0,0.0+/-0,0.0+/-0,0.0+/-0,0.0+/-0,0.0+/-0,0.0+/-0,0.0+/-0,0.0+/-0,0.0+/-0,0.0+/-0,0.0+/-0,0.0+/-0,0.0+/-0,0.0+/-0,0.0+/-0,0.0+/-0,0.0+/-0,0.0+/-0,0.0+/-0,0.0+/-0,0.0+/-0,0.0+/-0,0.0+/-0,0.0+/-0,0.0+/-0,0.0+/-0,0.0+/-0,0.0+/-0,0.0+/-0,0.0+/-0,0.0+/-0,0.0+/-0,0.0+/-0,0.0+/-0,0.0+/-0,0.0+/-0,0.0+/-0,0.0+/-0,0.0+/-0,0.0+/-0,0.0+/-0,0.0+/-0,0.0+/-0,0.0+/-0,0.0+/-0,0.0+/-0
Portugal,766509,1784058,0,0,(5.5+/-3.1)e+06,(5.5+/-3.1)e+06,(5.5+/-3.1)e+06,(5.5+/-3.1)e+06,(5.5+/-3.1)e+06,(5.5+/-3.1)e+06,(5.5+/-3.1)e+06,(5.5+/-3.1)e+06,(5.5+/-3.1)e+06,(5.5+/-3.1)e+06,(5.5+/-3.1)e+06,(5.5+/-3.1)e+06,(5.5+/-3.1)e+06,(5.5+/-3.1)e+06,(5.5+/-3.1)e+06,(5.5+/-3.1)e+06,(5.5+/-3.1)e+06,(5.5+/-3.1)e+06,(5.5+/-3.1)e+06,(5.5+/-3.1)e+06,(5.5+/-3.1)e+06,(5.5+/-3.1)e+06,(5.5+/-3.1)e+06,(5.5+/-3.1)e+06,(5.5+/-3.1)e+06,(5.5+/-3.1)e+06,(5.5+/-3.1)e+06,(5.5+/-3.1)e+06,(5.5+/-3.1)e+06,(5.5+/-3.1)e+06,(5.5+/-3.1)e+06,(5.5+/-3.1)e+06,(5.5+/-3.1)e+06,(5.5+/-3.1)e+06,(5.5+/-3.1)e+06,(5.5+/-3.1)e+06,(5.5+/-3.1)e+06,(5.5+/-3.1)e+06,(5.5+/-3.1)e+06,(5.5+/-3.1)e+06,(5.5+/-3.1)e+06,(5.5+/-3.1)e+06,(5.5+/-3.1)e+06,(5.5+/-3.1)e+06,(5.5+/-3.1)e+06,(5.5+/-3.1)e+06,(5.5+/-3.1)e+06,(5.5+/-3.1)e+06,(5.5+/-3.1)e+06,(5.5+/-3.1)e+06,(5.5+/-3.1)e+06
Paraguay,506391,1403572,0,0,(1.6+/-0.9)e+06,(1.6+/-0.9)e+06,(1.6+/-0.9)e+06,(1.6+/-0.9)e+06,(1.6+/-0.9)e+06,(1.6+/-0.9)e+06,(1.6+/-0.9)e+06,(1.6+/-0.9)e+06,(1.6+/-0.9)e+06,(1.6+/-0.9)e+06,(1.6+/-0.9)e+06,(1.6+/-0.9)e+06,(1.6+/-0.9)e+06,(1.6+/-0.9)e+06,(1.6+/-0.9)e+06,(1.6+/-0.9)e+06,(1.6+/-0.9)e+06,(1.6+/-0.9)e+06,(1.6+/-0.9)e+06,(1.6+/-0.9)e+06,(1.6+/-0.9)e+06,(1.6+/-0.9)e+06,(1.6+/-0.9)e+06,(1.6+/-0.9)e+06,(1.6+/-0.9)e+06,(1.6+/-0.9)e+06,(1.6+/-0.9)e+06,(1.6+/-0.9)e+06,(1.6+/-0.9)e+06,(1.6+/-0.9)e+06,(1.6+/-0.9)e+06,(1.6+/-0.9)e+06,(1.6+/-0.9)e+06,(1.6+/-0.9)e+06,(1.6+/-0.9)e+06,(1.6+/-0.9)e+06,(1.6+/-0.9)e+06,(1.6+/-0.9)e+06,(1.6+/-0.9)e+06,(1.6+/-0.9)e+06,(1.6+/-0.9)e+06,(1.6+/-0.9)e+06,(1.6+/-0.9)e+06,(1.6+/-0.9)e+06,(1.6+/-0.9)e+06,(1.6+/-0.9)e+06,(1.6+/-0.9)e+06,(1.6+/-0.9)e+06,(1.6+/-0.9)e+06,(1.6+/-0.9)e+06,(1.6+/-0.9)e+06
Palestine,0,0,0,0,(4.1+/-2.3)e+05,(4.1+/-2.3)e+05,(4.1+/-2.3)e+05,(4.1+/-2.3)e+05,(4.1+/-2.3)e+05,(4.1+/-2.3)e+05,(4.1+/-2.3)e+05,(4.1+/-2.3)e+05,(4.1+/-2.3)e+05,(4.1+/-2.3)e+05,(4.1+/-2.3)e+05,(4.1+/-2.3)e+05,(4.1+/-2.3)e+05,(4.1+/-2.3)e+05,(4.1+/-2.3)e+05,(4.1+/-2.3)e+05,(4.1+/-2.3)e+05,(4.1+/-2.3)e+05,(4.1+/-2.3)e+05,(4.1+/-2.3)e+05,(4.1+/-2.3)e+05,(4.1+/-2.3)e+05,(4.1+/-2.3)e+05,(4.1+/-2.3)e+05,(4.1+/-2.3)e+05,(4.1+/-2.3)e+05,(4.1+/-2.3)e+05,(4.1+/-2.3)e+05,(4.1+/-2.3)e+05,(4.1+/-2.3)e+05,(4.1+/-2.3)e+05,(4.1+/-2.3)e+05,(4.1+/-2.3)e+05,(4.1+/-2.3)e+05,(4.1+/-2.3)e+05,(4.1+/-2.3)e+05,(4.1+/-2.3)e+05,(4.1+/-2.3)e+05,(4.1+/-2.3)e+05,(4.1+/-2.3)e+05,(4.1+/-2.3)e+05,(4.1+/-2.3)e+05,(4.1+/-2.3)e+05,(4.1+/-2.3)e+05,(4.1+/-2.3)e+05,(4.1+/-2.3)e+05,(4.1+/-2.3)e+05,(4.1+/-2.3)e+05,(4.1+/-2.3)e+05,(4.1+/-2.3)e+05,(4.1+/-2.3)e+05
French Polynesia,14351,34559,0,0,0.0+/-0,0.0+/-0,0.0+/-0,0.0+/-0,0.0+/-0,0.0+/-0,0.0+/-0,0.0+/-0,0.0+/-0,0.0+/-0,0.0+/-0,0.0+/-0,0.0+/-0,0.0+/-0,0.0+/-0,0.0+/-0,0.0+/-0,0.0+/-0,0.0+/-0,0.0+/-0,0.0+/-0,0.0+/-0,0.0+/-0,0.0+/-0,0.0+/-0,0.0+/-0,0.0+/-0,0.0+/-0,0.0+/-0,0.0+/-0,0.0+/-0,0.0+/-0,0.0+/-0,0.0+/-0,0.0+/-0,0.0+/-0,0.0+/-0,0.0+/-0,0.0+/-0,0.0+/-0,0.0+/-0,0.0+/-0,0.0+/-0,0.0+/-0,0.0+/-0,0.0+/-0,0.0+/-0,0.0+/-0,0.0+/-0,0.0+/-0,0.0+/-0
Qatar,253009,644923,0,0,(2.7+/-1.5)e+06,(2.7+/-1.5)e+06,(2.7+/-1.5)e+06,(2.7+/-1.5)e+06,(2.7+/-1.5)e+06,(2.7+/-1.5)e+06,(2.7+/-1.5)e+06,(2.7+/-1.5)e+06,(2.7+/-1.5)e+06,(2.7+/-1.5)e+06,(2.7+/-1.5)e+06,(2.7+/-1.5)e+06,(2.7+/-1.5)e+06,(2.7+/-1.5)e+06,(2.7+/-1.5)e+06,(2.7+/-1.5)e+06,(2.7+/-1.5)e+06,(2.7+/-1.5)e+06,(2.7+/-1.5)e+06,(2.7+/-1.5)e+06,(2.7+/-1.5)e+06,(2.7+/-1.5)e+06,(2.7+/-1.5)e+06,(2.7+/-1.5)e+06,(2.7+/-1.5)e+06,(2.7+/-1.5)e+06,(2.7+/-1.5)e+06,(2.7+/-1.5)e+06,(2.7+/-1.5)e+06,(2.7+/-1.5)e+06,(2.7+/-1.5)e+06,(2.7+/-1.5)e+06,(2.7+/-1.5)e+06,(2.7+/-1.5)e+06,(2.7+/-1.5)e+06,(2.7+/-1.5)e+06,(2.7+/-1.5)e+06,(2.7+/-1.5)e+06,(2.7+/-1.5)e+06,(2.7+/-1.5)e+06,(2.7+/-1.5)e+06,(2.7+/-1.5)e+06,(2.7+/-1.5)e+06,(2.7+/-1.5)e+06,(2.7+/-1.5)e+06,(2.7+/-1.5)e+06,(2.7+/-1.5)e+06,(2.7+/-1.5)e+06,(2.7+/-1.5)e+06,(2.7+/-1.5)e+06,(2.7+/-1.5)e+06
Romania,1434300,2983879,0,0,(8+/-4)e+06,(8+/-4)e+06,(8+/-4)e+06,(8+/-4)e+06,(8+/-4)e+06,(8+/-4)e+06,(8+/-4)e+06,(8+/-4)e+06,(8+/-4)e+06,(8+/-4)e+06,(8+/-4)e+06,(8+/-4)e+06,(8+/-4)e+06,(8+/-4)e+06,(8+/-4)e+06,(8+/-4)e+06,(8+/-4)e+06,(8+/-4)e+06,(8+/-4)e+06,(8+/-4)e+06,(8+/-4)e+06,(8+/-4)e+06,(8+/-4)e+06,(8+/-4)e+06,(8+/-4)e+06,(8+/-4)e+06,(8+/-4)e+06,(8+/-4)e+06,(8+/-4)e+06,(8+/-4)e+06,(8+/-4)e+06,(8+/-4)e+06,(8+/-4)e+06,(8+/-4)e+06,(8+/-4)e+06,(8+/-4)e+06,(8+/-4)e+06,(8+/-4)e+06,(8+/-4)e+06,(8+/-4)e+06,(8+/-4)e+06,(8+/-4)e+06,(8+/-4)e+06,(8+/-4)e+06,(8+/-4)e+06,(8+/-4)e+06,(8+/-4)e+06,(8+/-4)e+06,(8+/-4)e+06,(8+/-4)e+06,(8+/-4)e+06
Russia,11679452,23119498,0,0,(4.2+/-2.3)e+07,(4.2+/-2.3)e+07,(4.2+/-2.3)e+07,(4.2+/-2.3)e+07,(4.2+/-2.3)e+07,(4.2+/-2.3)e+07,(4.2+/-2.3)e+07,(4.2+/-2.3)e+07,(4.2+/-2.3)e+07,(4.2+/-2.3)e+07,(4.2+/-2.3)e+07,(4.2+/-2.3)e+07,(4.2+/-2.3)e+07,(4.2+/-2.3)e+07,(4.2+/-2.3)e+07,(4.2+/-2.3)e+07,(4.2+/-2.3)e+07,(4.2+/-2.3)e+07,(4.2+/-2.3)e+07,(4.2+/-2.3)e+07,(4.2+/-2.3)e+07,(4.2+/-2.3)e+07,(4.2+/-2.3)e+07,(4.2+/-2.3)e+07,(4.2+/-2.3)e+07,(4.2+/-2.3)e+07,(4.2+/-2.3)e+07,(4.2+/-2.3)e+07,(4.2+/-2.3)e+07,(4.2+/-2.3)e+07,(4.2+/-2.3)e+07,(4.2+/-2.3)e+07,(4.2+/-2.3)e+07,(4.2+/-2.3)e+07,(4.2+/-2.3)e+07,(4.2+/-2.3)e+07,(4.2+/-2.3)e+07,(4.2+/-2.3)e+07,(4.2+/-2.3)e+07,(4.2+/-2.3)e+07,(4.2+/-2.3)e+07,(4.2+/-2.3)e+07,(4.2+/-2.3)e+07,(4.2+/-2.3)e+07,(4.2+/-2.3)e+07,(4.2+/-2.3)e+07,(4.2+/-2.3)e+07,(4.2+/-2.3)e+07,(4.2+/-2.3)e+07,(4.2+/-2.3)e+07,(4.2+/-2.3)e+07
Rwanda,678009,2138118,0,0,0.0+/-0,0.0+/-0,0.0+/-0,0.0+/-0,0.0+/-0,0.0+/-0,0.0+/-0,0.0+/-0,0.0+/-0,0.0+/-0,0.0+/-0,0.0+/-0,0.0+/-0,0.0+/-0,0.0+/-0,0.0+/-0,0.0+/-0,0.0+/-0,0.0+/-0,0.0+/-0,0.0+/-0,0.0+/-0,0.0+/-0,0.0+/-0,0.0+/-0,0.0+/-0,0.0+/-0,0.0+/-0,0.0+/-0,0.0+/-0,0.0+/-0,0.0+/-0,0.0+/-0,0.0+/-0,0.0+/-0,0.0+/-0,0.0+/-0,0.0+/-0,0.0+/-0,0.0+/-0,0.0+/-0,0.0+/-0,0.0+/-0,0.0+/-0,0.0+/-0,0.0+/-0,0.0+/-0,0.0+/-0,0.0+/-0,0.0+/-0,0.0+/-0
Saudi Arabia,2052718,5232399,0,0,(2.3+/-1.3)e+07,(2.3+/-1.3)e+07,(2.3+/-1.3)e+07,(2.3+/-1.3)e+07,(2.3+/-1.3)e+07,(2.3+/-1.3)e+07,(2.3+/-1.3)e+07,(2.3+/-1.3)e+07,(2.3+/-1.3)e+07,(2.3+/-1.3)e+07,(2.3+/-1.3)e+07,(2.3+/-1.3)e+07,(2.3+/-1.3)e+07,(2.3+/-1.3)e+07,(2.3+/-1.3)e+07,(2.3+/-1.3)e+07,(2.3+/-1.3)e+07,(2.3+/-1.3)e+07,(2.3+/-1.3)e+07,(2.3+/-1.3)e+07,(2.3+/-1.3)e+07,(2.3+/-1.3)e+07,(2.3+/-1.3)e+07,(2.3+/-1.3)e+07,(2.3+/-1.3)e+07,(2.3+/-1.3)e+07,(2.3+/-1.3)e+07,(2.3+/-1.3)e+07,(2.3+/-1.3)e+07,(2.3+/-1.3)e+07,(2.3+/-1.3)e+07,(2.3+/-1.3)e+07,(2.3+/-1.3)e+07,(2.3+/-1.3)e+07,(2.3+/-1.3)e+07,(2.3+/-1.3)e+07,(2.3+/-1.3)e+07,(2.3+/-1.3)e+07,(2.3+/-1.3)e+07,(2.3+/-1.3)e+07,(2.3+/-1.3)e+07,(2.3+/-1.3)e+07,(2.3+/-1.3)e+07,(2.3+/-1.3)e+07,(2.3+/-1.3)e+07,(2.3+/-1.3)e+07,(2.3+/-1.3)e+07,(2.3+/-1.3)e+07,(2.3+/-1.3)e+07,(2.3+/-1.3)e+07,(2.3+/-1.3)e+07
Sudan,1461189,4329553,0,0,0.0+/-0,0.0+/-0,0.0+/-0,0.0+/-0,0.0+/-0,0.0+/-0,0.0+/-0,0.0+/-0,0.0+/-0,0.0+/-0,0.0+/-0,0.0+/-0,0.0+/-0,0.0+/-0,0.0+/-0,0.0+/-0,0.0+/-0,0.0+/-0,0.0+/-0,0.0+/-0,0.0+/-0,0.0+/-0,0.0+/-0,0.0+/-0,0.0+/-0,0.0+/-0,0.0+/-0,0.0+/-0,0.0+/-0,0.0+/-0,0.0+/-0,0.0+/-0,0.0+/-0,0.0+/-0,0.0+/-0,0.0+/-0,0.0+/-0,0.0+/-0,0.0+/-0,0.0+/-0,0.0+/-0,0.0+/-0,0.0+/-0,0.0+/-0,0.0+/-0,0.0+/-0,0.0+/-0,0.0+/-0,0.0+/-0,0.0+/-0,0.0+/-0
Senegal,780165,2661089,0,0,0.0+/-0,0.0+/-0,0.0+/-0,0.0+/-0,0.0+/-0,0.0+/-0,0.0+/-0,0.0+/-0,0.0+/-0,0.0+/-0,0.0+/-0,0.0+/-0,0.0+/-0,0.0+/-0,0.0+/-0,0.0+/-0,0.0+/-0,0.0+/-0,0.0+/-0,0.0+/-0,0.0+/-0,0.0+/-0,0.0+/-0,0.0+/-0,0.0+/-0,0.0+/-0,0.0+/-0,0.0+/-0,0.0+/-0,0.0+/-0,0.0+/-0,0.0+/-0,0.0+/-0,0.0+/-0,0.0+/-0,0.0+/-0,0.0+/-0,0.0+/-0,0.0+/-0,0.0+/-0,0.0+/-0,0.0+/-0,0.0+/-0,0.0+/-0,0.0+/-0,0.0+/-0,0.0+/-0,0.0+/-0,0.0+/-0,0.0+/-0,0.0+/-0
Singapore,97286,179746,0,0,(2.3+/-1.2)e+06,(2.3+/-1.2)e+06,(2.3+/-1.2)e+06,(2.3+/-1.2)e+06,(2.3+/-1.2)e+06,(2.3+/-1.2)e+06,(2.3+/-1.2)e+06,(2.3+/-1.2)e+06,(2.3+/-1.2)e+06,(2.3+/-1.2)e+06,(2.3+/-1.2)e+06,(2.3+/-1.2)e+06,(2.3+/-1.2)e+06,(2.3+/-1.2)e+06,(2.3+/-1.2)e+06,(2.3+/-1.2)e+06,(2.3+/-1.2)e+06,(2.3+/-1.2)e+06,(2.3+/-1.2)e+06,(2.3+/-1.2)e+06,(2.3+/-1.2)e+06,(2.3+/-1.2)e+06,(2.3+/-1.2)e+06,(2.3+/-1.2)e+06,(2.3+/-1.2)e+06,(2.3+/-1.2)e+06,(2.3+/-1.2)e+06,(2.3+/-1.2)e+06,(2.3+/-1.2)e+06,(2.3+/-1.2)e+06,(2.3+/-1.2)e+06,(2.3+/-1.2)e+06,(2.3+/-1.2)e+06,(2.3+/-1.2)e+06,(2.3+/-1.2)e+06,(2.3+/-1.2)e+06,(2.3+/-1.2)e+06,(2.3+/-1.2)e+06,(2.3+/-1.2)e+06,(2.3+/-1.2)e+06,(2.3+/-1.2)e+06,(2.3+/-1.2)e+06,(2.3+/-1.2)e+06,(2.3+/-1.2)e+06,(2.3+/-1.2)e+06,(2.3+/-1.2)e+06,(2.3+/-1.2)e+06,(2.3+/-1.2)e+06,(2.3+/-1.2)e+06,(2.3+/-1.2)e+06,(2.3+/-1.2)e+06
Solomon Islands,56621,137829,0,0,0.0+/-0,0.0+/-0,0.0+/-0,0.0+/-0,0.0+/-0,0.0+/-0,0.0+/-0,0.0+/-0,0.0+/-0,0.0+/-0,0.0+/-0,0.0+/-0,0.0+/-0,0.0+/-0,0.0+/-0,0.0+/-0,0.0+/-0,0.0+/-0,0.0+/-0,0.0+/-0,0.0+/-0,0.0+/-0,0.0+/-0,0.0+/-0,0.0+/-0,0.0+/-0,0.0+/-0,0.0+/-0,0.0+/-0,0.0+/-0,0.0+/-0,0.0+/-0,0.0+/-0,0.0+/-0,0.0+/-0,0.0+/-0,0.0+/-0,0.0+/-0,0.0+/-0,0.0+/-0,0.0+/-0,0.0+/-0,0.0+/-0,0.0+/-0,0.0+/-0,0.0+/-0,0.0+/-0,0.0+/-0,0.0+/-0,0.0+/-0,0.0+/-0
Sierra Leone,341731,1049682,0,0,0.0+/-0,0.0+/-0,0.0+/-0,0.0+/-0,0.0+/-0,0.0+/-0,0.0+/-0,0.0+/-0,0.0+/-0,0.0+/-0,0.0+/-0,0.0+/-0,0.0+/-0,0.0+/-0,0.0+/-0,0.0+/-0,0.0+/-0,0.0+/-0,0.0+/-0,0.0+/-0,0.0+/-0,0.0+/-0,0.0+/-0,0.0+/-0,0.0+/-0,0.0+/-0,0.0+/-0,0.0+/-0,0.0+/-0,0.0+/-0,0.0+/-0,0.0+/-0,0.0+/-0,0.0+/-0,0.0+/-0,0.0+/-0,0.0+/-0,0.0+/-0,0.0+/-0,0.0+/-0,0.0+/-0,0.0+/-0,0.0+/-0,0.0+/-0,0.0+/-0,0.0+/-0,0.0+/-0,0.0+/-0,0.0+/-0,0.0+/-0,0.0+/-0
El Salvador,404479,1310233,0,0,(1.0+/-0.6)e+06,(1.0+/-0.6)e+06,(1.0+/-0.6)e+06,(1.0+/-0.6)e+06,(1.0+/-0.6)e+06,(1.0+/-0.6)e+06,(1.0+/-0.6)e+06,(1.0+/-0.6)e+06,(1.0+/-0.6)e+06,(1.0+/-0.6)e+06,(1.0+/-0.6)e+06,(1.0+/-0.6)e+06,(1.0+/-0.6)e+06,(1.0+/-0.6)e+06,(1.0+/-0.6)e+06,(1.0+/-0.6)e+06,(1.0+/-0.6)e+06,(1.0+/-0.6)e+06,(1.0+/-0.6)e+06,(1.0+/-0.6)e+06,(1.0+/-0.6)e+06,(1.0+/-0.6)e+06,(1.0+/-0.6)e+06,(1.0+/-0.6)e+06,(1.0+/-0.6)e+06,(1.0+/-0.6)e+06,(1.0+/-0.6)e+06,(1.0+/-0.6)e+06,(1.0+/-0.6)e+06,(1.0+/-0.6)e+06,(1.0+/-0.6)e+06,(1.0+/-0.6)e+06,(1.0+/-0.6)e+06,(1.0+/-0.6)e+06,(1.0+/-0.6)e+06,(1.0+/-0.6)e+06,(1.0+/-0.6)e+06,(1.0+/-0.6)e+06,(1.0+/-0.6)e+06,(1.0+/-0.6)e+06,(1.0+/-0.6)e+06,(1.0+/-0.6)e+06,(1.0+/-0.6)e+06,(1.0+/-0.6)e+06,(1.0+/-0.6)e+06,(1.0+/-0.6)e+06,(1.0+/-0.6)e+06,(1.0+/-0.6)e+06,(1.0+/-0.6)e+06,(1.0+/-0.6)e+06,(1.0+/-0.6)e+06
San Marino,1767,4913,0,0,(9+/-5)e+04,(9+/-5)e+04,(9+/-5)e+04,(9+/-5)e+04,(9+/-5)e+04,(9+/-5)e+04,(9+/-5)e+04,(9+/-5)e+04,(9+/-5)e+04,(9+/-5)e+04,(9+/-5)e+04,(9+/-5)e+04,(9+/-5)e+04,(9+/-5)e+04,(9+/-5)e+04,(9+/-5)e+04,(9+/-5)e+04,(9+/-5)e+04,(9+/-5)e+04,(9+/-5)e+04,(9+/-5)e+04,(9+/-5)e+04,(9+/-5)e+04,(9+/-5)e+04,(9+/-5)e+04,(9+/-5)e+04,(9+/-5)e+04,(9+/-5)e+04,(9+/-5)e+04,(9+/-5)e+04,(9+/-5)e+04,(9+/-5)e+04,(9+/-5)e+04,(9+/-5)e+04,(9+/-5)e+04,(9+/-5)e+04,(9+/-5)e+04,(9+/-5)e+04,(9+/-5)e+04,(9+/-5)e+04,(9+/-5)e+04,(9+/-5)e+04,(9+/-5)e+04,(9+/-5)e+04,(9+/-5)e+04,(9+/-5)e+04,(9+/-5)e+04,(9+/-5)e+04,(9+/-5)e+04,(9+/-5)e+04,(9+/-5)e+04
Somalia,395759,988140,0,0,0.0+/-0,0.0+/-0,0.0+/-0,0.0+/-0,0.0+/-0,0.0+/-0,0.0+/-0,0.0+/-0,0.0+/-0,0.0+/-0,0.0+/-0,0.0+/-0,0.0+/-0,0.0+/-0,0.0+/-0,0.0+/-0,0.0+/-0,0.0+/-0,0.0+/-0,0.0+/-0,0.0+/-0,0.0+/-0,0.0+/-0,0.0+/-0,0.0+/-0,0.0+/-0,0.0+/-0,0.0+/-0,0.0+/-0,0.0+/-0,0.0+/-0,0.0+/-0,0.0+/-0,0.0+/-0,0.0+/-0,0.0+/-0,0.0+/-0,0.0+/-0,0.0+/-0,0.0+/-0,0.0+/-0,0.0+/-0,0.0+/-0,0.0+/-0,0.0+/-0,0.0+/-0,0.0+/-0,0.0+/-0,0.0+/-0,0.0+/-0,0.0+/-0
Serbia,533475,1043160,0,0,(1.8+/-1.0)e+06,(1.8+/-1.0)e+06,(1.8+/-1.0)e+06,(1.8+/-1.0)e+06,(1.8+/-1.0)e+06,(1.8+/-1.0)e+06,(1.8+/-1.0)e+06,(1.8+/-1.0)e+06,(1.8+/-1.0)e+06,(1.8+/-1.0)e+06,(1.8+/-1.0)e+06,(1.8+/-1.0)e+06,(1.8+/-1.0)e+06,(1.8+/-1.0)e+06,(1.8+/-1.0)e+06,(1.8+/-1.0)e+06,(1.8+/-1.0)e+06,(1.8+/-1.0)e+06,(1.8+/-1.0)e+06,(1.8+/-1.0)e+06,(1.8+/-1.0)e+06,(1.8+/-1.0)e+06,(1.8+/-1.0)e+06,(1.8+/-1.0)e+06,(1.8+/-1.0)e+06,(1.8+/-1.0)e+06,(1.8+/-1.0)e+06,(1.8+/-1.0)e+06,(1.8+/-1.0)e+06,(1.8+/-1.0)e+06,(1.8+/-1.0)e+06,(1.8+/-1.0)e+06,(1.8+/-1.0)e+06,(1.8+/-1.0)e+06,(1.8+/-1.0)e+06,(1.8+/-1.0)e+06,(1.8+/-1.0)e+06,(1.8+/-1.0)e+06,(1.8+/-1.0)e+06,(1.8+/-1.0)e+06,(1.8+/-1.0)e+06,(1.8+/-1.0)e+06,(1.8+/-1.0)e+06,(1.8+/-1.0)e+06,(1.8+/-1.0)e+06,(1.8+/-1.0)e+06,(1.8+/-1.0)e+06,(1.8+/-1.0)e+06,(1.8+/-1.0)e+06,(1.8+/-1.0)e+06,(1.8+/-1.0)e+06
South Sudan,627113,1870551,0,0,0.0+/-0,0.0+/-0,0.0+/-0,0.0+/-0,0.0+/-0,0.0+/-0,0.0+/-0,0.0+/-0,0.0+/-0,0.0+/-0,0.0+/-0,0.0+/-0,0.0+/-0,0.0+/-0,0.0+/-0,0.0+/-0,0.0+/-0,0.0+/-0,0.0+/-0,0.0+/-0,0.0+/-0,0.0+/-0,0.0+/-0,0.0+/-0,0.0+/-0,0.0+/-0,0.0+/-0,0.0+/-0,0.0+/-0,0.0+/-0,0.0+/-0,0.0+/-0,0.0+/-0,0.0+/-0,0.0+/-0,0.0+/-0,0.0+/-0,0.0+/-0,0.0+/-0,0.0+/-0,0.0+/-0,0.0+/-0,0.0+/-0,0.0+/-0,0.0+/-0,0.0+/-0,0.0+/-0,0.0+/-0,0.0+/-0,0.0+/-0,0.0+/-0
Sao Tome and Principe,4711,14947,0,0,0.0+/-0,0.0+/-0,0.0+/-0,0.0+/-0,0.0+/-0,0.0+/-0,0.0+/-0,0.0+/-0,0.0+/-0,0.0+/-0,0.0+/-0,0.0+/-0,0.0+/-0,0.0+/-0,0.0+/-0,0.0+/-0,0.0+/-0,0.0+/-0,0.0+/-0,0.0+/-0,0.0+/-0,0.0+/-0,0.0+/-0,0.0+/-0,0.0+/-0,0.0+/-0,0.0+/-0,0.0+/-0,0.0+/-0,0.0+/-0,0.0+/-0,0.0+/-0,0.0+/-0,0.0+/-0,0.0+/-0,0.0+/-0,0.0+/-0,0.0+/-0,0.0+/-0,0.0+/-0,0.0+/-0,0.0+/-0,0.0+/-0,0.0+/-0,0.0+/-0,0.0+/-0,0.0+/-0,0.0+/-0,0.0+/-0,0.0+/-0,0.0+/-0
Suriname,37066,91608,0,0,(1.5+/-0.9)e+05,(1.5+/-0.9)e+05,(1.5+/-0.9)e+05,(1.5+/-0.9)e+05,(1.5+/-0.9)e+05,(1.5+/-0.9)e+05,(1.5+/-0.9)e+05,(1.5+/-0.9)e+05,(1.5+/-0.9)e+05,(1.5+/-0.9)e+05,(1.5+/-0.9)e+05,(1.5+/-0.9)e+05,(1.5+/-0.9)e+05,(1.5+/-0.9)e+05,(1.5+/-0.9)e+05,(1.5+/-0.9)e+05,(1.5+/-0.9)e+05,(1.5+/-0.9)e+05,(1.5+/-0.9)e+05,(1.5+/-0.9)e+05,(1.5+/-0.9)e+05,(1.5+/-0.9)e+05,(1.5+/-0.9)e+05,(1.5+/-0.9)e+05,(1.5+/-0.9)e+05,(1.5+/-0.9)e+05,(1.5+/-0.9)e+05,(1.5+/-0.9)e+05,(1.5+/-0.9)e+05,(1.5+/-0.9)e+05,(1.5+/-0.9)e+05,(1.5+/-0.9)e+05,(1.5+/-0.9)e+05,(1.5+/-0.9)e+05,(1.5+/-0.9)e+05,(1.5+/-0.9)e+05,(1.5+/-0.9)e+05,(1.5+/-0.9)e+05,(1.5+/-0.9)e+05,(1.5+/-0.9)e+05,(1.5+/-0.9)e+05,(1.5+/-0.9)e+05,(1.5+/-0.9)e+05,(1.5+/-0.9)e+05,(1.5+/-0.9)e+05,(1.5+/-0.9)e+05,(1.5+/-0.9)e+05,(1.5+/-0.9)e+05,(1.5+/-0.9)e+05,(1.5+/-0.9)e+05,(1.5+/-0.9)e+05
Slovakia,475672,972024,0,0,(5.0+/-2.7)e+06,(5.0+/-2.7)e+06,(5.0+/-2.7)e+06,(5.0+/-2.7)e+06,(5.0+/-2.7)e+06,(5.0+/-2.7)e+06,(5.0+/-2.7)e+06,(5.0+/-2.7)e+06,(5.0+/-2.7)e+06,(5.0+/-2.7)e+06,(5.0+/-2.7)e+06,(5.0+/-2.7)e+06,(5.0+/-2.7)e+06,(5.0+/-2.7)e+06,(5.0+/-2.7)e+06,(5.0+/-2.7)e+06,(5.0+/-2.7)e+06,(5.0+/-2.7)e+06,(5.0+/-2.7)e+06,(5.0+/-2.7)e+06,(5.0+/-2.7)e+06,(5.0+/-2.7)e+06,(5.0+/-2.7)e+06,(5.0+/-2.7)e+06,(5.0+/-2.7)e+06,(5.0+/-2.7)e+06,(5.0+/-2.7)e+06,(5.0+/-2.7)e+06,(5.0+/-2.7)e+06,(5.0+/-2.7)e+06,(5.0+/-2.7)e+06,(5.0+/-2.7)e+06,(5.0+/-2.7)e+06,(5.0+/-2.7)e+06,(5.0+/-2.7)e+06,(5.0+/-2.7)e+06,(5.0+/-2.7)e+06,(5.0+/-2.7)e+06,(5.0+/-2.7)e+06,(5.0+/-2.7)e+06,(5.0+/-2.7)e+06,(5.0+/-2.7)e+06,(5.0+/-2.7)e+06,(5.0+/-2.7)e+06,(5.0+/-2.7)e+06,(5.0+/-2.7)e+06,(5.0+/-2.7)e+06,(5.0+/-2.7)e+06,(5.0+/-2.7)e+06,(5.0+/-2.7)e+06,(5.0+/-2.7)e+06
Slovenia,165521,343043,0,0,(2.2+/-1.2)e+06,(2.2+/-1.2)e+06,(2.2+/-1.2)e+06,(2.2+/-1.2)e+06,(2.2+/-1.2)e+06,(2.2+/-1.2)e+06,(2.2+/-1.2)e+06,(2.2+/-1.2)e+06,(2.2+/-1.2)e+06,(2.2+/-1.2)e+06,(2.2+/-1.2)e+06,(2.2+/-1.2)e+06,(2.2+/-1.2)e+06,(2.2+/-1.2)e+06,(2.2+/-1.2)e+06,(2.2+/-1.2)e+06,(2.2+/-1.2)e+06,(2.2+/-1.2)e+06,(2.2+/-1.2)e+06,(2.2+/-1.2)e+06,(2.2+/-1.2)e+06,(2.2+/-1.2)e+06,(2.2+/-1.2)e+06,(2.2+/-1.2)e+06,(2.2+/-1.2)e+06,(2.2+/-1.2)e+06,(2.2+/-1.2)e+06,(2.2+/-1.2)e+06,(2.2+/-1.2)e+06,(2.2+/-1.2)e+06,(2.2+/-1.2)e+06,(2.2+/-1.2)e+06,(2.2+/-1.2)e+06,(2.2+/-1.2)e+06,(2.2+/-1.2)e+06,(2.2+/-1.2)e+06,(2.2+/-1.2)e+06,(2.2+/-1.2)e+06,(2.2+/-1.2)e+06,(2.2+/-1.2)e+06,(2.2+/-1.2)e+06,(2.2+/-1.2)e+06,(2.2+/-1.2)e+06,(2.2+/-1.2)e+06,(2.2+/-1.2)e+06,(2.2+/-1.2)e+06,(2.2+/-1.2)e+06,(2.2+/-1.2)e+06,(2.2+/-1.2)e+06,(2.2+/-1.2)e+06,(2.2+/-1.2)e+06
Sweden,855345,1654912,0,0,(1.3+/-0.7)e+07,(1.3+/-0.7)e+07,(1.3+/-0.7)e+07,(1.3+/-0.7)e+07,(1.3+/-0.7)e+07,(1.3+/-0.7)e+07,(1.3+/-0.7)e+07,(1.3+/-0.7)e+07,(1.3+/-0.7)e+07,(1.3+/-0.7)e+07,(1.3+/-0.7)e+07,(1.3+/-0.7)e+07,(1.3+/-0.7)e+07,(1.3+/-0.7)e+07,(1.3+/-0.7)e+07,(1.3+/-0.7)e+07,(1.3+/-0.7)e+07,(1.3+/-0.7)e+07,(1.3+/-0.7)e+07,(1.3+/-0.7)e+07,(1.3+/-0.7)e+07,(1.3+/-0.7)e+07,(1.3+/-0.7)e+07,(1.3+/-0.7)e+07,(1.3+/-0.7)e+07,(1.3+/-0.7)e+07,(1.3+/-0.7)e+07,(1.3+/-0.7)e+07,(1.3+/-0.7)e+07,(1.3+/-0.7)e+07,(1.3+/-0.7)e+07,(1.3+/-0.7)e+07,(1.3+/-0.7)e+07,(1.3+/-0.7)e+07,(1.3+/-0.7)e+07,(1.3+/-0.7)e+07,(1.3+/-0.7)e+07,(1.3+/-0.7)e+07,(1.3+/-0.7)e+07,(1.3+/-0.7)e+07,(1.3+/-0.7)e+07,(1.3+/-0.7)e+07,(1.3+/-0.7)e+07,(1.3+/-0.7)e+07,(1.3+/-0.7)e+07,(1.3+/-0.7)e+07,(1.3+/-0.7)e+07,(1.3+/-0.7)e+07,(1.3+/-0.7)e+07,(1.3+/-0.7)e+07,(1.3+/-0.7)e+07
Eswatini,52748,157898,0,0,0.0+/-0,0.0+/-0,0.0+/-0,0.0+/-0,0.0+/-0,0.0+/-0,0.0+/-0,0.0+/-0,0.0+/-0,0.0+/-0,0.0+/-0,0.0+/-0,0.0+/-0,0.0+/-0,0.0+/-0,0.0+/-0,0.0+/-0,0.0+/-0,0.0+/-0,0.0+/-0,0.0+/-0,0.0+/-0,0.0+/-0,0.0+/-0,0.0+/-0,0.0+/-0,0.0+/-0,0.0+/-0,0.0+/-0,0.0+/-0,0.0+/-0,0.0+/-0,0.0+/-0,0.0+/-0,0.0+/-0,0.0+/-0,0.0+/-0,0.0+/-0,0.0+/-0,0.0+/-0,0.0+/-0,0.0+/-0,0.0+/-0,0.0+/-0,0.0+/-0,0.0+/-0,0.0+/-0,0.0+/-0,0.0+/-0,0.0+/-0,0.0+/-0
Sint Maarten,3330,7235,0,0,0.0+/-0,0.0+/-0,0.0+/-0,0.0+/-0,0.0+/-0,0.0+/-0,0.0+/-0,0.0+/-0,0.0+/-0,0.0+/-0,0.0+/-0,0.0+/-0,0.0+/-0,0.0+/-0,0.0+/-0,0.0+/-0,0.0+/-0,0.0+/-0,0.0+/-0,0.0+/-0,0.0+/-0,0.0+/-0,0.0+/-0,0.0+/-0,0.0+/-0,0.0+/-0,0.0+/-0,0.0+/-0,0.0+/-0,0.0+/-0,0.0+/-0,0.0+/-0,0.0+/-0,0.0+/-0,0.0+/-0,0.0+/-0,0.0+/-0,0.0+/-0,0.0+/-0,0.0+/-0,0.0+/-0,0.0+/-0,0.0+/-0,0.0+/-0,0.0+/-0,0.0+/-0,0.0+/-0,0.0+/-0,0.0+/-0,0.0+/-0,0.0+/-0
Seychelles,14719,34651,0,0,0.0+/-0,0.0+/-0,0.0+/-0,0.0+/-0,0.0+/-0,0.0+/-0,0.0+/-0,0.0+/-0,0.0+/-0,0.0+/-0,0.0+/-0,0.0+/-0,0.0+/-0,0.0+/-0,0.0+/-0,0.0+/-0,0.0+/-0,0.0+/-0,0.0+/-0,0.0+/-0,0.0+/-0,0.0+/-0,0.0+/-0,0.0+/-0,0.0+/-0,0.0+/-0,0.0+/-0,0.0+/-0,0.0+/-0,0.0+/-0,0.0+/-0,0.0+/-0,0.0+/-0,0.0+/-0,0.0+/-0,0.0+/-0,0.0+/-0,0.0+/-0,0.0+/-0,0.0+/-0,0.0+/-0,0.0+/-0,0.0+/-0,0.0+/-0,0.0+/-0,0.0+/-0,0.0+/-0,0.0+/-0,0.0+/-0,0.0+/-0,0.0+/-0
Syria,955711,2727070,0,0,0.0+/-0,0.0+/-0,0.0+/-0,0.0+/-0,0.0+/-0,0.0+/-0,0.0+/-0,0.0+/-0,0.0+/-0,0.0+/-0,0.0+/-0,0.0+/-0,0.0+/-0,0.0+/-0,0.0+/-0,0.0+/-0,0.0+/-0,0.0+/-0,0.0+/-0,0.0+/-0,0.0+/-0,0.0+/-0,0.0+/-0,0.0+/-0,0.0+/-0,0.0+/-0,0.0+/-0,0.0+/-0,0.0+/-0,0.0+/-0,0.0+/-0,0.0+/-0,0.0+/-0,0.0+/-0,0.0+/-0,0.0+/-0,0.0+/-0,0.0+/-0,0.0+/-0,0.0+/-0,0.0+/-0,0.0+/-0,0.0+/-0,0.0+/-0,0.0+/-0,0.0+/-0,0.0+/-0,0.0+/-0,0.0+/-0,0.0+/-0,0.0+/-0
Turks and Caicos Islands,0,0,0,0,0.0+/-0,0.0+/-0,0.0+/-0,0.0+/-0,0.0+/-0,0.0+/-0,0.0+/-0,0.0+/-0,0.0+/-0,0.0+/-0,0.0+/-0,0.0+/-0,0.0+/-0,0.0+/-0,0.0+/-0,0.0+/-0,0.0+/-0,0.0+/-0,0.0+/-0,0.0+/-0,0.0+/-0,0.0+/-0,0.0+/-0,0.0+/-0,0.0+/-0,0.0+/-0,0.0+/-0,0.0+/-0,0.0+/-0,0.0+/-0,0.0+/-0,0.0+/-0,0.0+/-0,0.0+/-0,0.0+/-0,0.0+/-0,0.0+/-0,0.0+/-0,0.0+/-0,0.0+/-0,0.0+/-0,0.0+/-0,0.0+/-0,0.0+/-0,0.0+/-0,0.0+/-0,0.0+/-0,0.0+/-0,0.0+/-0,0.0+/-0,0.0+/-0
Chad,799255,2551262,0,0,0.0+/-0,0.0+/-0,0.0+/-0,0.0+/-0,0.0+/-0,0.0+/-0,0.0+/-0,0.0+/-0,0.0+/-0,0.0+/-0,0.0+/-0,0.0+/-0,0.0+/-0,0.0+/-0,0.0+/-0,0.0+/-0,0.0+/-0,0.0+/-0,0.0+/-0,0.0+/-0,0.0+/-0,0.0+/-0,0.0+/-0,0.0+/-0,0.0+/-0,0.0+/-0,0.0+/-0,0.0+/-0,0.0+/-0,0.0+/-0,0.0+/-0,0.0+/-0,0.0+/-0,0.0+/-0,0.0+/-0,0.0+/-0,0.0+/-0,0.0+/-0,0.0+/-0,0.0+/-0,0.0+/-0,0.0+/-0,0.0+/-0,0.0+/-0,0.0+/-0,0.0+/-0,0.0+/-0,0.0+/-0,0.0+/-0,0.0+/-0,0.0+/-0
Togo,418739,1424157,0,0,0.0+/-0,0.0+/-0,0.0+/-0,0.0+/-0,0.0+/-0,0.0+/-0,0.0+/-0,0.0+/-0,0.0+/-0,0.0+/-0,0.0+/-0,0.0+/-0,0.0+/-0,0.0+/-0,0.0+/-0,0.0+/-0,0.0+/-0,0.0+/-0,0.0+/-0,0.0+/-0,0.0+/-0,0.0+/-0,0.0+/-0,0.0+/-0,0.0+/-0,0.0+/-0,0.0+/-0,0.0+/-0,0.0+/-0,0.0+/-0,0.0+/-0,0.0+/-0,0.0+/-0,0.0+/-0,0.0+/-0,0.0+/-0,0.0+/-0,0.0+/-0,0.0+/-0,0.0+/-0,0.0+/-0,0.0+/-0,0.0+/-0,0.0+/-0,0.0+/-0,0.0+/-0,0.0+/-0,0.0+/-0,0.0+/-0,0.0+/-0,0.0+/-0
Thailand,7279894,16317256,0,0,(2.6+/-1.4)e+07,(2.6+/-1.4)e+07,(2.6+/-1.4)e+07,(2.6+/-1.4)e+07,(2.6+/-1.4)e+07,(2.6+/-1.4)e+07,(2.6+/-1.4)e+07,(2.6+/-1.4)e+07,(2.6+/-1.4)e+07,(2.6+/-1.4)e+07,(2.6+/-1.4)e+07,(2.6+/-1.4)e+07,(2.6+/-1.4)e+07,(2.6+/-1.4)e+07,(2.6+/-1.4)e+07,(2.6+/-1.4)e+07,(2.6+/-1.4)e+07,(2.6+/-1.4)e+07,(2.6+/-1.4)e+07,(2.6+/-1.4)e+07,(2.6+/-1.4)e+07,(2.6+/-1.4)e+07,(2.6+/-1.4)e+07,(2.6+/-1.4)e+07,(2.6+/-1.4)e+07,(2.6+/-1.4)e+07,(2.6+/-1.4)e+07,(2.6+/-1.4)e+07,(2.6+/-1.4)e+07,(2.6+/-1.4)e+07,(2.6+/-1.4)e+07,(2.6+/-1.4)e+07,(2.6+/-1.4)e+07,(2.6+/-1.4)e+07,(2.6+/-1.4)e+07,(2.6+/-1.4)e+07,(2.6+/-1.4)e+07,(2.6+/-1.4)e+07,(2.6+/-1.4)e+07,(2.6+/-1.4)e+07,(2.6+/-1.4)e+07,(2.6+/-1.4)e+07,(2.6+/-1.4)e+07,(2.6+/-1.4)e+07,(2.6+/-1.4)e+07,(2.6+/-1.4)e+07,(2.6+/-1.4)e+07,(2.6+/-1.4)e+07,(2.6+/-1.4)e+07,(2.6+/-1.4)e+07,(2.6+/-1.4)e+07
Tajikistan,366771,910822,0,0,(2.6+/-1.4)e+05,(2.6+/-1.4)e+05,(2.6+/-1.4)e+05,(2.6+/-1.4)e+05,(2.6+/-1.4)e+05,(2.6+/-1.4)e+05,(2.6+/-1.4)e+05,(2.6+/-1.4)e+05,(2.6+/-1.4)e+05,(2.6+/-1.4)e+05,(2.6+/-1.4)e+05,(2.6+/-1.4)e+05,(2.6+/-1.4)e+05,(2.6+/-1.4)e+05,(2.6+/-1.4)e+05,(2.6+/-1.4)e+05,(2.6+/-1.4)e+05,(2.6+/-1.4)e+05,(2.6+/-1.4)e+05,(2.6+/-1.4)e+05,(2.6+/-1.4)e+05,(2.6+/-1.4)e+05,(2.6+/-1.4)e+05,(2.6+/-1.4)e+05,(2.6+/-1.4)e+05,(2.6+/-1.4)e+05,(2.6+/-1.4)e+05,(2.6+/-1.4)e+05,(2.6+/-1.4)e+05,(2.6+/-1.4)e+05,(2.6+/-1.4)e+05,(2.6+/-1.4)e+05,(2.6+/-1.4)e+05,(2.6+/-1.4)e+05,(2.6+/-1.4)e+05,(2.6+/-1.4)e+05,(2.6+/-1.4)e+05,(2.6+/-1.4)e+05,(2.6+/-1.4)e+05,(2.6+/-1.4)e+05,(2.6+/-1.4)e+05,(2.6+/-1.4)e+05,(2.6+/-1.4)e+05,(2.6+/-1.4)e+05,(2.6+/-1.4)e+05,(2.6+/-1.4)e+05,(2.6+/-1.4)e+05,(2.6+/-1.4)e+05,(2.6+/-1.4)e+05,(2.6+/-1.4)e+05,(2.6+/-1.4)e+05
Turkmenistan,306473,625534,0,0,(4.0+/-2.2)e+05,(4.0+/-2.2)e+05,(4.0+/-2.2)e+05,(4.0+/-2.2)e+05,(4.0+/-2.2)e+05,(4.0+/-2.2)e+05,(4.0+/-2.2)e+05,(4.0+/-2.2)e+05,(4.0+/-2.2)e+05,(4.0+/-2.2)e+05,(4.0+/-2.2)e+05,(4.0+/-2.2)e+05,(4.0+/-2.2)e+05,(4.0+/-2.2)e+05,(4.0+/-2.2)e+05,(4.0+/-2.2)e+05,(4.0+/-2.2)e+05,(4.0+/-2.2)e+05,(4.0+/-2.2)e+05,(4.0+/-2.2)e+05,(4.0+/-2.2)e+05,(4.0+/-2.2)e+05,(4.0+/-2.2)e+05,(4.0+/-2.2)e+05,(4.0+/-2.2)e+05,(4.0+/-2.2)e+05,(4.0+/-2.2)e+05,(4.0+/-2.2)e+05,(4.0+/-2.2)e+05,(4.0+/-2.2)e+05,(4.0+/-2.2)e+05,(4.0+/-2.2)e+05,(4.0+/-2.2)e+05,(4.0+/-2.2)e+05,(4.0+/-2.2)e+05,(4.0+/-2.2)e+05,(4.0+/-2.2)e+05,(4.0+/-2.2)e+05,(4.0+/-2.2)e+05,(4.0+/-2.2)e+05,(4.0+/-2.2)e+05,(4.0+/-2.2)e+05,(4.0+/-2.2)e+05,(4.0+/-2.2)e+05,(4.0+/-2.2)e+05,(4.0+/-2.2)e+05,(4.0+/-2.2)e+05,(4.0+/-2.2)e+05,(4.0+/-2.2)e+05,(4.0+/-2.2)e+05,(4.0+/-2.2)e+05
Timor-Leste,68503,158360,0,0,(4.3+/-2.4)e+03,(4.3+/-2.4)e+03,(4.3+/-2.4)e+03,(4.3+/-2.4)e+03,(4.3+/-2.4)e+03,(4.3+/-2.4)e+03,(4.3+/-2.4)e+03,(4.3+/-2.4)e+03,(4.3+/-2.4)e+03,(4.3+/-2.4)e+03,(4.3+/-2.4)e+03,(4.3+/-2.4)e+03,(4.3+/-2.4)e+03,(4.3+/-2.4)e+03,(4.3+/-2.4)e+03,(4.3+/-2.4)e+03,(4.3+/-2.4)e+03,(4.3+/-2.4)e+03,(4.3+/-2.4)e+03,(4.3+/-2.4)e+03,(4.3+/-2.4)e+03,(4.3+/-2.4)e+03,(4.3+/-2.4)e+03,(4.3+/-2.4)e+03,(4.3+/-2.4)e+03,(4.3+/-2.4)e+03,(4.3+/-2.4)e+03,(4.3+/-2.4)e+03,(4.3+/-2.4)e+03,(4.3+/-2.4)e+03,(4.3+/-2.4)e+03,(4.3+/-2.4)e+03,(4.3+/-2.4)e+03,(4.3+/-2.4)e+03,(4.3+/-2.4)e+03,(4.3+/-2.4)e+03,(4.3+/-2.4)e+03,(4.3+/-2.4)e+03,(4.3+/-2.4)e+03,(4.3+/-2.4)e+03,(4.3+/-2.4)e+03,(4.3+/-2.4)e+03,(4.3+/-2.4)e+03,(4.3+/-2.4)e+03,(4.3+/-2.4)e+03,(4.3+/-2.4)e+03,(4.3+/-2.4)e+03,(4.3+/-2.4)e+03,(4.3+/-2.4)e+03,(4.3+/-2.4)e+03,(4.3+/-2.4)e+03
Tonga,3678,10753,0,0,0.0+/-0,0.0+/-0,0.0+/-0,0.0+/-0,0.0+/-0,0.0+/-0,0.0+/-0,0.0+/-0,0.0+/-0,0.0+/-0,0.0+/-0,0.0+/-0,0.0+/-0,0.0+/-0,0.0+/-0,0.0+/-0,0.0+/-0,0.0+/-0,0.0+/-0,0.0+/-0,0.0+/-0,0.0+/-0,0.0+/-0,0.0+/-0,0.0+/-0,0.0+/-0,0.0+/-0,0.0+/-0,0.0+/-0,0.0+/-0,0.0+/-0,0.0+/-0,0.0+/-0,0.0+/-0,0.0+/-0,0.0+/-0,0.0+/-0,0.0+/-0,0.0+/-0,0.0+/-0,0.0+/-0,0.0+/-0,0.0+/-0,0.0+/-0,0.0+/-0,0.0+/-0,0.0+/-0,0.0+/-0,0.0+/-0,0.0+/-0,0.0+/-0
Trinidad and Tobago,71499,188458,0,0,(9+/-5)e+05,(9+/-5)e+05,(9+/-5)e+05,(9+/-5)e+05,(9+/-5)e+05,(9+/-5)e+05,(9+/-5)e+05,(9+/-5)e+05,(9+/-5)e+05,(9+/-5)e+05,(9+/-5)e+05,(9+/-5)e+05,(9+/-5)e+05,(9+/-5)e+05,(9+/-5)e+05,(9+/-5)e+05,(9+/-5)e+05,(9+/-5)e+05,(9+/-5)e+05,(9+/-5)e+05,(9+/-5)e+05,(9+/-5)e+05,(9+/-5)e+05,(9+/-5)e+05,(9+/-5)e+05,(9+/-5)e+05,(9+/-5)e+05,(9+/-5)e+05,(9+/-5)e+05,(9+/-5)e+05,(9+/-5)e+05,(9+/-5)e+05,(9+/-5)e+05,(9+/-5)e+05,(9+/-5)e+05,(9+/-5)e+05,(9+/-5)e+05,(9+/-5)e+05,(9+/-5)e+05,(9+/-5)e+05,(9+/-5)e+05,(9+/-5)e+05,(9+/-5)e+05,(9+/-5)e+05,(9+/-5)e+05,(9+/-5)e+05,(9+/-5)e+05,(9+/-5)e+05,(9+/-5)e+05,(9+/-5)e+05,(9+/-5)e+05
Tunisia,719580,1559020,0,0,(1.4+/-0.8)e+06,(1.4+/-0.8)e+06,(1.4+/-0.8)e+06,(1.4+/-0.8)e+06,(1.4+/-0.8)e+06,(1.4+/-0.8)e+06,(1.4+/-0.8)e+06,(1.4+/-0.8)e+06,(1.4+/-0.8)e+06,(1.4+/-0.8)e+06,(1.4+/-0.8)e+06,(1.4+/-0.8)e+06,(1.4+/-0.8)e+06,(1.4+/-0.8)e+06,(1.4+/-0.8)e+06,(1.4+/-0.8)e+06,(1.4+/-0.8)e+06,(1.4+/-0.8)e+06,(1.4+/-0.8)e+06,(1.4+/-0.8)e+06,(1.4+/-0.8)e+06,(1.4+/-0.8)e+06,(1.4+/-0.8)e+06,(1.4+/-0.8)e+06,(1.4+/-0.8)e+06,(1.4+/-0.8)e+06,(1.4+/-0.8)e+06,(1.4+/-0.8)e+06,(1.4+/-0.8)e+06,(1.4+/-0.8)e+06,(1.4+/-0.8)e+06,(1.4+/-0.8)e+06,(1.4+/-0.8)e+06,(1.4+/-0.8)e+06,(1.4+/-0.8)e+06,(1.4+/-0.8)e+06,(1.4+/-0.8)e+06,(1.4+/-0.8)e+06,(1.4+/-0.8)e+06,(1.4+/-0.8)e+06,(1.4+/-0.8)e+06,(1.4+/-0.8)e+06,(1.4+/-0.8)e+06,(1.4+/-0.8)e+06,(1.4+/-0.8)e+06,(1.4+/-0.8)e+06,(1.4+/-0.8)e+06,(1.4+/-0.8)e+06,(1.4+/-0.8)e+06,(1.4+/-0.8)e+06,(1.4+/-0.8)e+06
Türkiye,5752370,13275591,0,0,(4.0+/-2.2)e+07,(4.0+/-2.2)e+07,(4.0+/-2.2)e+07,(4.0+/-2.2)e+07,(4.0+/-2.2)e+07,(4.0+/-2.2)e+07,(4.0+/-2.2)e+07,(4.0+/-2.2)e+07,(4.0+/-2.2)e+07,(4.0+/-2.2)e+07,(4.0+/-2.2)e+07,(4.0+/-2.2)e+07,(4.0+/-2.2)e+07,(4.0+/-2.2)e+07,(4.0+/-2.2)e+07,(4.0+/-2.2)e+07,(4.0+/-2.2)e+07,(4.0+/-2.2)e+07,(4.0+/-2.2)e+07,(4.0+/-2.2)e+07,(4.0+/-2.2)e+07,(4.0+/-2.2)e+07,(4.0+/-2.2)e+07,(4.0+/-2.2)e+07,(4.0+/-2.2)e+07,(4.0+/-2.2)e+07,(4.0+/-2.2)e+07,(4.0+/-2.2)e+07,(4.0+/-2.2)e+07,(4.0+/-2.2)e+07,(4.0+/-2.2)e+07,(4.0+/-2.2)e+07,(4.0+/-2.2)e+07,(4.0+/-2.2)e+07,(4.0+/-2.2)e+07,(4.0+/-2.2)e+07,(4.0+/-2.2)e+07,(4.0+/-2.2)e+07,(4.0+/-2.2)e+07,(4.0+/-2.2)e+07,(4.0+/-2.2)e+07,(4.0+/-2.2)e+07,(4.0+/-2.2)e+07,(4.0+/-2.2)e+07,(4.0+/-2.2)e+07,(4.0+/-2.2)e+07,(4.0+/-2.2)e+07,(4.0+/-2.2)e+07,(4.0+/-2.2)e+07,(4.0+/-2.2)e+07,(4.0+/-2.2)e+07
Tuvalu,1207,2381,0,0,0.0+/-0,0.0+/-0,0.0+/-0,0.0+/-0,0.0+/-0,0.0+/-0,0.0+/-0,0.0+/-0,0.0+/-0,0.0+/-0,0.0+/-0,0.0+/-0,0.0+/-0,0.0+/-0,0.0+/-0,0.0+/-0,0.0+/-0,0.0+/-0,0.0+/-0,0.0+/-0,0.0+/-0,0.0+/-0,0.0+/-0,0.0+/-0,0.0+/-0,0.0+/-0,0.0+/-0,0.0+/-0,0.0+/-0,0.0+/-0,0.0+/-0,0.0+/-0,0.0+/-0,0.0+/-0,0.0+/-0,0.0+/-0,0.0+/-0,0.0+/-0,0.0+/-0,0.0+/-0,0.0+/-0,0.0+/-0,0.0+/-0,0.0+/-0,0.0+/-0,0.0+/-0,0.0+/-0,0.0+/-0,0.0+/-0,0.0+/-0,0.0+/-0
Tanzania,8127248,11761159,0,0,0.0+/-0,0.0+/-0,0.0+/-0,0.0+/-0,0.0+/-0,0.0+/-0,0.0+/-0,0.0+/-0,0.0+/-0,0.0+/-0,0.0+/-0,0.0+/-0,0.0+/-0,0.0+/-0,0.0+/-0,0.0+/-0,0.0+/-0,0.0+/-0,0.0+/-0,0.0+/-0,0.0+/-0,0.0+/-0,0.0+/-0,0.0+/-0,0.0+/-0,0.0+/-0,0.0+/-0,0.0+/-0,0.0+/-0,0.0+/-0,0.0+/-0,0.0+/-0,0.0+/-0,0.0+/-0,0.0+/-0,0.0+/-0,0.0+/-0,0.0+/-0,0.0+/-0,0.0+/-0,0.0+/-0,0.0+/-0,0.0+/-0,0.0+/-0,0.0+/-0,0.0+/-0,0.0+/-0,0.0+/-0,0.0+/-0,0.0+/-0,0.0+/-0
Uganda,1975617,5216317,0,0,0.0+/-0,0.0+/-0,0.0+/-0,0.0+/-0,0.0+/-0,0.0+/-0,0.0+/-0,0.0+/-0,0.0+/-0,0.0+/-0,0.0+/-0,0.0+/-0,0.0+/-0,0.0+/-0,0.0+/-0,0.0+/-0,0.0+/-0,0.0+/-0,0.0+/-0,0.0+/-0,0.0+/-0,0.0+/-0,0.0+/-0,0.0+/-0,0.0+/-0,0.0+/-0,0.0+/-0,0.0+/-0,0.0+/-0,0.0+/-0,0.0+/-0,0.0+/-0,0.0+/-0,0.0+/-0,0.0+/-0,0.0+/-0,0.0+/-0,0.0+/-0,0.0+/-0,0.0+/-0,0.0+/-0,0.0+/-0,0.0+/-0,0.0+/-0,0.0+/-0,0.0+/-0,0.0+/-0,0.0+/-0,0.0+/-0,0.0+/-0,0.0+/-0
Ukraine,3651787,8044542,0,0,(2.4+/-1.3)e+06,(2.4+/-1.3)e+06,(2.4+/-1.3)e+06,(2.4+/-1.3)e+06,(2.4+/-1.3)e+06,(2.4+/-1.3)e+06,(2.4+/-1.3)e+06,(2.4+/-1.3)e+06,(2.4+/-1.3)e+06,(2.4+/-1.3)e+06,(2.4+/-1.3)e+06,(2.4+/-1.3)e+06,(2.4+/-1.3)e+06,(2.4+/-1.3)e+06,(2.4+/-1.3)e+06,(2.4+/-1.3)e+06,(2.4+/-1.3)e+06,(2.4+/-1.3)e+06,(2.4+/-1.3)e+06,(2.4+/-1.3)e+06,(2.4+/-1.3)e+06,(2.4+/-1.3)e+06,(2.4+/-1.3)e+06,(2.4+/-1.3)e+06,(2.4+/-1.3)e+06,(2.4+/-1.3)e+06,(2.4+/-1.3)e+06,(2.4+/-1.3)e+06,(2.4+/-1.3)e+06,(2.4+/-1.3)e+06,(2.4+/-1.3)e+06,(2.4+/-1.3)e+06,(2.4+/-1.3)e+06,(2.4+/-1.3)e+06,(2.4+/-1.3)e+06,(2.4+/-1.3)e+06,(2.4+/-1.3)e+06,(2.4+/-1.3)e+06,(2.4+/-1.3)e+06,(2.4+/-1.3)e+06,(2.4+/-1.3)e+06,(2.4+/-1.3)e+06,(2.4+/-1.3)e+06,(2.4+/-1.3)e+06,(2.4+/-1.3)e+06,(2.4+/-1.3)e+06,(2.4+/-1.3)e+06,(2.4+/-1.3)e+06,(2.4+/-1.3)e+06,(2.4+/-1.3)e+06,(2.4+/-1.3)e+06
Uruguay,234226,653717,0,0,(1.3+/-0.7)e+06,(1.3+/-0.7)e+06,(1.3+/-0.7)e+06,(1.3+/-0.7)e+06,(1.3+/-0.7)e+06,(1.3+/-0.7)e+06,(1.3+/-0.7)e+06,(1.3+/-0.7)e+06,(1.3+/-0.7)e+06,(1.3+/-0.7)e+06,(1.3+/-0.7)e+06,(1.3+/-0.7)e+06,(1.3+/-0.7)e+06,(1.3+/-0.7)e+06,(1.3+/-0.7)e+06,(1.3+/-0.7)e+06,(1.3+/-0.7)e+06,(1.3+/-0.7)e+06,(1.3+/-0.7)e+06,(1.3+/-0.7)e+06,(1.3+/-0.7)e+06,(1.3+/-0.7)e+06,(1.3+/-0.7)e+06,(1.3+/-0.7)e+06,(1.3+/-0.7)e+06,(1.3+/-0.7)e+06,(1.3+/-0.7)e+06,(1.3+/-0.7)e+06,(1.3+/-0.7)e+06,(1.3+/-0.7)e+06,(1.3+/-0.7)e+06,(1.3+/-0.7)e+06,(1.3+/-0.7)e+06,(1.3+/-0.7)e+06,(1.3+/-0.7)e+06,(1.3+/-0.7)e+06,(1.3+/-0.7)e+06,(1.3+/-0.7)e+06,(1.3+/-0.7)e+06,(1.3+/-0.7)e+06,(1.3+/-0.7)e+06,(1.3+/-0.7)e+06,(1.3+/-0.7)e+06,(1.3+/-0.7)e+06,(1.3+/-0.7)e+06,(1.3+/-0.7)e+06,(1.3+/-0.7)e+06,(1.3+/-0.7)e+06,(1.3+/-0.7)e+06,(1.3+/-0.7)e+06,(1.3+/-0.7)e+06
United States,23868907,52622624,0,0,(3.8+/-2.1)e+08,(3.8+/-2.1)e+08,(3.8+/-2.1)e+08,(3.8+/-2.1)e+08,(3.8+/-2.1)e+08,(3.8+/-2.1)e+08,(3.8+/-2.1)e+08,(3.8+/-2.1)e+08,(3.8+/-2.1)e+08,(3.8+/-2.1)e+08,(3.8+/-2.1)e+08,(3.8+/-2.1)e+08,(3.8+/-2.1)e+08,(3.8+/-2.1)e+08,(3.8+/-2.1)e+08,(3.8+/-2.1)e+08,(3.8+/-2.1)e+08,(3.8+/-2.1)e+08,(3.8+/-2.1)e+08,(3.8+/-2.1)e+08,(3.8+/-2.1)e+08,(3.8+/-2.1)e+08,(3.8+/-2.1)e+08,(3.8+/-2.1)e+08,(3.8+/-2.1)e+08,(3.8+/-2.1)e+08,(3.8+/-2.1)e+08,(3.8+/-2.1)e+08,(3.8+/-2.1)e+08,(3.8+/-2.1)e+08,(3.8+/-2.1)e+08,(3.8+/-2.1)e+08,(3.8+/-2.1)e+08,(3.8+/-2.1)e+08,(3.8+/-2.1)e+08,(3.8+/-2.1)e+08,(3.8+/-2.1)e+08,(3.8+/-2.1)e+08,(3.8+/-2.1)e+08,(3.8+/-2.1)e+08,(3.8+/-2.1)e+08,(3.8+/-2.1)e+08,(3.8+/-2.1)e+08,(3.8+/-2.1)e+08,(3.8+/-2.1)e+08,(3.8+/-2.1)e+08,(3.8+/-2.1)e+08,(3.8+/-2.1)e+08,(3.8+/-2.1)e+08,(3.8+/-2.1)e+08,(3.8+/-2.1)e+08
Uzbekistan,1917814,4159989,0,0,(2.9+/-1.6)e+06,(2.9+/-1.6)e+06,(2.9+/-1.6)e+06,(2.9+/-1.6)e+06,(2.9+/-1.6)e+06,(2.9+/-1.6)e+06,(2.9+/-1.6)e+06,(2.9+/-1.6)e+06,(2.9+/-1.6)e+06,(2.9+/-1.6)e+06,(2.9+/-1.6)e+06,(2.9+/-1.6)e+06,(2.9+/-1.6)e+06,(2.9+/-1.6)e+06,(2.9+/-1.6)e+06,(2.9+/-1.6)e+06,(2.9+/-1.6)e+06,(2.9+/-1.6)e+06,(2.9+/-1.6)e+06,(2.9+/-1.6)e+06,(2.9+/-1.6)e+06,(2.9+/-1.6)e+06,(2.9+/-1.6)e+06,(2.9+/-1.6)e+06,(2.9+/-1.6)e+06,(2.9+/-1.6)e+06,(2.9+/-1.6)e+06,(2.9+/-1.6)e+06,(2.9+/-1.6)e+06,(2.9+/-1.6)e+06,(2.9+/-1.6)e+06,(2.9+/-1.6)e+06,(2.9+/-1.6)e+06,(2.9+/-1.6)e+06,(2.9+/-1.6)e+06,(2.9+/-1.6)e+06,(2.9+/-1.6)e+06,(2.9+/-1.6)e+06,(2.9+/-1.6)e+06,(2.9+/-1.6)e+06,(2.9+/-1.6)e+06,(2.9+/-1.6)e+06,(2.9+/-1.6)e+06,(2.9+/-1.6)e+06,(2.9+/-1.6)e+06,(2.9+/-1.6)e+06,(2.9+/-1.6)e+06,(2.9+/-1.6)e+06,(2.9+/-1.6)e+06,(2.9+/-1.6)e+06,(2.9+/-1.6)e+06
St. Vincent and the Grenadines,7917,12909,0,0,(4.6+/-2.5)e+03,(4.6+/-2.5)e+03,(4.6+/-2.5)e+03,(4.6+/-2.5)e+03,(4.6+/-2.5)e+03,(4.6+/-2.5)e+03,(4.6+/-2.5)e+03,(4.6+/-2.5)e+03,(4.6+/-2.5)e+03,(4.6+/-2.5)e+03,(4.6+/-2.5)e+03,(4.6+/-2.5)e+03,(4.6+/-2.5)e+03,(4.6+/-2.5)e+03,(4.6+/-2.5)e+03,(4.6+/-2.5)e+03,(4.6+/-2.5)e+03,(4.6+/-2.5)e+03,(4.6+/-2.5)e+03,(4.6+/-2.5)e+03,(4.6+/-2.5)e+03,(4.6+/-2.5)e+03,(4.6+/-2.5)e+03,(4.6+/-2.5)e+03,(4.6+/-2.5)e+03,(4.6+/-2.5)e+03,(4.6+/-2.5)e+03,(4.6+/-2.5)e+03,(4.6+/-2.5)e+03,(4.6+/-2.5)e+03,(4.6+/-2.5)e+03,(4.6+/-2.5)e+03,(4.6+/-2.5)e+03,(4.6+/-2.5)e+03,(4.6+/-2.5)e+03,(4.6+/-2.5)e+03,(4.6+/-2.5)e+03,(4.6+/-2.5)e+03,(4.6+/-2.5)e+03,(4.6+/-2.5)e+03,(4.6+/-2.5)e+03,(4.6+/-2.5)e+03,(4.6+/-2.5)e+03,(4.6+/-2.5)e+03,(4.6+/-2.5)e+03,(4.6+/-2.5)e+03,(4.6+/-2.5)e+03,(4.6+/-2.5)e+03,(4.6+/-2.5)e+03,(4.6+/-2.5)e+03,(4.6+/-2.5)e+03
Venezuela,1528852,4231920,0,0,0.0+/-0,0.0+/-0,0.0+/-0,0.0+/-0,0.0+/-0,0.0+/-0,0.0+/-0,0.0+/-0,0.0+/-0,0.0+/-0,0.0+/-0,0.0+/-0,0.0+/-0,0.0+/-0,0.0+/-0,0.0+/-0,0.0+/-0,0.0+/-0,0.0+/-0,0.0+/-0,0.0+/-0,0.0+/-0,0.0+/-0,0.0+/-0,0.0+/-0,0.0+/-0,0.0+/-0,0.0+/-0,0.0+/-0,0.0+/-0,0.0+/-0,0.0+/-0,0.0+/-0,0.0+/-0,0.0+/-0,0.0+/-0,0.0+/-0,0.0+/-0,0.0+/-0,0.0+/-0,0.0+/-0,0.0+/-0,0.0+/-0,0.0+/-0,0.0+/-0,0.0+/-0,0.0+/-0,0.0+/-0,0.0+/-0,0.0+/-0,0.0+/-0
British Virgin Islands,3065,7566,0,0,0.0+/-0,0.0+/-0,0.0+/-0,0.0+/-0,0.0+/-0,0.0+/-0,0.0+/-0,0.0+/-0,0.0+/-0,0.0+/-0,0.0+/-0,0.0+/-0,0.0+/-0,0.0+/-0,0.0+/-0,0.0+/-0,0.0+/-0,0.0+/-0,0.0+/-0,0.0+/-0,0.0+/-0,0.0+/-0,0.0+/-0,0.0+/-0,0.0+/-0,0.0+/-0,0.0+/-0,0.0+/-0,0.0+/-0,0.0+/-0,0.0+/-0,0.0+/-0,0.0+/-0,0.0+/-0,0.0+/-0,0.0+/-0,0.0+/-0,0.0+/-0,0.0+/-0,0.0+/-0,0.0+/-0,0.0+/-0,0.0+/-0,0.0+/-0,0.0+/-0,0.0+/-0,0.0+/-0,0.0+/-0,0.0+/-0,0.0+/-0,0.0+/-0
United States Virgin Islands,6577,16233,0,0,0.0+/-0,0.0+/-0,0.0+/-0,0.0+/-0,0.0+/-0,0.0+/-0,0.0+/-0,0.0+/-0,0.0+/-0,0.0+/-0,0.0+/-0,0.0+/-0,0.0+/-0,0.0+/-0,0.0+/-0,0.0+/-0,0.0+/-0,0.0+/-0,0.0+/-0,0.0+/-0,0.0+/-0,0.0+/-0,0.0+/-0,0.0+/-0,0.0+/-0,0.0+/-0,0.0+/-0,0.0+/-0,0.0+/-0,0.0+/-0,0.0+/-0,0.0+/-0,0.0+/-0,0.0+/-0,0.0+/-0,0.0+/-0,0.0+/-0,0.0+/-0,0.0+/-0,0.0+/-0,0.0+/-0,0.0+/-0,0.0+/-0,0.0+/-0,0.0+/-0,0.0+/-0,0.0+/-0,0.0+/-0,0.0+/-0,0.0+/-0,0.0+/-0
Vietnam,8668531,21262311,0,0,(1.9+/-1.0)e+07,(1.9+/-1.0)e+07,(1.9+/-1.0)e+07,(1.9+/-1.0)e+07,(1.9+/-1.0)e+07,(1.9+/-1.0)e+07,(1.9+/-1.0)e+07,(1.9+/-1.0)e+07,(1.9+/-1.0)e+07,(1.9+/-1.0)e+07,(1.9+/-1.0)e+07,(1.9+/-1.0)e+07,(1.9+/-1.0)e+07,(1.9+/-1.0)e+07,(1.9+/-1.0)e+07,(1.9+/-1.0)e+07,(1.9+/-1.0)e+07,(1.9+/-1.0)e+07,(1.9+/-1.0)e+07,(1.9+/-1.0)e+07,(1.9+/-1.0)e+07,(1.9+/-1.0)e+07,(1.9+/-1.0)e+07,(1.9+/-1.0)e+07,(1.9+/-1.0)e+07,(1.9+/-1.0)e+07,(1.9+/-1.0)e+07,(1.9+/-1.0)e+07,(1.9+/-1.0)e+07,(1.9+/-1.0)e+07,(1.9+/-1.0)e+07,(1.9+/-1.0)e+07,(1.9+/-1.0)e+07,(1.9+/-1.0)e+07,(1.9+/-1.0)e+07,(1.9+/-1.0)e+07,(1.9+/-1.0)e+07,(1.9+/-1.0)e+07,(1.9+/-1.0)e+07,(1.9+/-1.0)e+07,(1.9+/-1.0)e+07,(1.9+/-1.0)e+07,(1.9+/-1.0)e+07,(1.9+/-1.0)e+07,(1.9+/-1.0)e+07,(1.9+/-1.0)e+07,(1.9+/-1.0)e+07,(1.9+/-1.0)e+07,(1.9+/-1.0)e+07,(1.9+/-1.0)e+07,(1.9+/-1.0)e+07
Vanuatu,13692,33190,0,0,0.0+/-0,0.0+/-0,0.0+/-0,0.0+/-0,0.0+/-0,0.0+/-0,0.0+/-0,0.0+/-0,0.0+/-0,0.0+/-0,0.0+/-0,0.0+/-0,0.0+/-0,0.0+/-0,0.0+/-0,0.0+/-0,0.0+/-0,0.0+/-0,0.0+/-0,0.0+/-0,0.0+/-0,0.0+/-0,0.0+/-0,0.0+/-0,0.0+/-0,0.0+/-0,0.0+/-0,0.0+/-0,0.0+/-0,0.0+/-0,0.0+/-0,0.0+/-0,0.0+/-0,0.0+/-0,0.0+/-0,0.0+/-0,0.0+/-0,0.0+/-0,0.0+/-0,0.0+/-0,0.0+/-0,0.0+/-0,0.0+/-0,0.0+/-0,0.0+/-0,0.0+/-0,0.0+/-0,0.0+/-0,0.0+/-0,0.0+/-0,0.0+/-0
Samoa,6898,16611,0,0,0.0+/-0,0.0+/-0,0.0+/-0,0.0+/-0,0.0+/-0,0.0+/-0,0.0+/-0,0.0+/-0,0.0+/-0,0.0+/-0,0.0+/-0,0.0+/-0,0.0+/-0,0.0+/-0,0.0+/-0,0.0+/-0,0.0+/-0,0.0+/-0,0.0+/-0,0.0+/-0,0.0+/-0,0.0+/-0,0.0+/-0,0.0+/-0,0.0+/-0,0.0+/-0,0.0+/-0,0.0+/-0,0.0+/-0,0.0+/-0,0.0+/-0,0.0+/-0,0.0+/-0,0.0+/-0,0.0+/-0,0.0+/-0,0.0+/-0,0.0+/-0,0.0+/-0,0.0+/-0,0.0+/-0,0.0+/-0,0.0+/-0,0.0+/-0,0.0+/-0,0.0+/-0,0.0+/-0,0.0+/-0,0.0+/-0,0.0+/-0,0.0+/-0
Kosovo,56955,173151,0,0,(2.3+/-1.3)e+05,(2.3+/-1.3)e+05,(2.3+/-1.3)e+05,(2.3+/-1.3)e+05,(2.3+/-1.3)e+05,(2.3+/-1.3)e+05,(2.3+/-1.3)e+05,(2.3+/-1.3)e+05,(2.3+/-1.3)e+05,(2.3+/-1.3)e+05,(2.3+/-1.3)e+05,(2.3+/-1.3)e+05,(2.3+/-1.3)e+05,(2.3+/-1.3)e+05,(2.3+/-1.3)e+05,(2.3+/-1.3)e+05,(2.3+/-1.3)e+05,(2.3+/-1.3)e+05,(2.3+/-1.3)e+05,(2.3+/-1.3)e+05,(2.3+/-1.3)e+05,(2.3+/-1.3)e+05,(2.3+/-1.3)e+05,(2.3+/-1.3)e+05,(2.3+/-1.3)e+05,(2.3+/-1.3)e+05,(2.3+/-1.3)e+05,(2.3+/-1.3)e+05,(2.3+/-1.3)e+05,(2.3+/-1.3)e+05,(2.3+/-1.3)e+05,(2.3+/-1.3)e+05,(2.3+/-1.3)e+05,(2.3+/-1.3)e+05,(2.3+/-1.3)e+05,(2.3+/-1.3)e+05,(2.3+/-1.3)e+05,(2.3+/-1.3)e+05,(2.3+/-1.3)e+05,(2.3+/-1.3)e+05,(2.3+/-1.3)e+05,(2.3+/-1.3)e+05,(2.3+/-1.3)e+05,(2.3+/-1.3)e+05,(2.3+/-1.3)e+05,(2.3+/-1.3)e+05,(2.3+/-1.3)e+05,(2.3+/-1.3)e+05,(2.3+/-1.3)e+05,(2.3+/-1.3)e+05,(2.3+/-1.3)e+05
Yemen,892076,2409340,0,0,0.0+/-0,0.0+/-0,0.0+/-0,0.0+/-0,0.0+/-0,0.0+/-0,0.0+/-0,0.0+/-0,0.0+/-0,0.0+/-0,0.0+/-0,0.0+/-0,0.0+/-0,0.0+/-0,0.0+/-0,0.0+/-0,0.0+/-0,0.0+/-0,0.0+/-0,0.0+/-0,0.0+/-0,0.0+/-0,0.0+/-0,0.0+/-0,0.0+/-0,0.0+/-0,0.0+/-0,0.0+/-0,0.0+/-0,0.0+/-0,0.0+/-0,0.0+/-0,0.0+/-0,0.0+/-0,0.0+/-0,0.0+/-0,0.0+/-0,0.0+/-0,0.0+/-0,0.0+/-0,0.0+/-0,0.0+/-0,0.0+/-0,0.0+/-0,0.0+/-0,0.0+/-0,0.0+/-0,0.0+/-0,0.0+/-0,0.0+/-0,0.0+/-0
South Africa,2984546,9294658,0,0,(8+/-4)e+06,(8+/-4)e+06,(8+/-4)e+06,(8+/-4)e+06,(8+/-4)e+06,(8+/-4)e+06,(8+/-4)e+06,(8+/-4)e+06,(8+/-4)e+06,(8+/-4)e+06,(8+/-4)e+06,(8+/-4)e+06,(8+/-4)e+06,(8+/-4)e+06,(8+/-4)e+06,(8+/-4)e+06,(8+/-4)e+06,(8+/-4)e+06,(8+/-4)e+06,(8+/-4)e+06,(8+/-4)e+06,(8+/-4)e+06,(8+/-4)e+06,(8+/-4)e+06,(8+/-4)e+06,(8+/-4)e+06,(8+/-4)e+06,(8+/-4)e+06,(8+/-4)e+06,(8+/-4)e+06,(8+/-4)e+06,(8+/-4)e+06,(8+/-4)e+06,(8+/-4)e+06,(8+/-4)e+06,(8+/-4)e+06,(8+/-4)e+06,(8+/-4)e+06,(8+/-4)e+06,(8+/-4)e+06,(8+/-4)e+06,(8+/-4)e+06,(8+/-4)e+06,(8+/-4)e+06,(8+/-4)e+06,(8+/-4)e+06,(8+/-4)e+06,(8+/-4)e+06,(8+/-4)e+06,(8+/-4)e+06,(8+/-4)e+06
Zambia,485805,1639768,0,0,0.0+/-0,0.0+/-0,0.0+/-0,0.0+/-0,0.0+/-0,0.0+/-0,0.0+/-0,0.0+/-0,0.0+/-0,0.0+/-0,0.0+/-0,0.0+/-0,0.0+/-0,0.0+/-0,0.0+/-0,0.0+/-0,0.0+/-0,0.0+/-0,0.0+/-0,0.0+/-0,0.0+/-0,0.0+/-0,0.0+/-0,0.0+/-0,0.0+/-0,0.0+/-0,0.0+/-0,0.0+/-0,0.0+/-0,0.0+/-0,0.0+/-0,0.0+/-0,0.0+/-0,0.0+/-0,0.0+/-0,0.0+/-0,0.0+/-0,0.0+/-0,0.0+/-0,0.0+/-0,0.0+/-0,0.0+/-0,0.0+/-0,0.0+/-0,0.0+/-0,0.0+/-0,0.0+/-0,0.0+/-0,0.0+/-0,0.0+/-0,0.0+/-0
Zimbabwe,492356,1465226,0,0,0.0+/-0,0.0+/-0,0.0+/-0,0.0+/-0,0.0+/-0,0.0+/-0,0.0+/-0,0.0+/-0,0.0+/-0,0.0+/-0,0.0+/-0,0.0+/-0,0.0+/-0,0.0+/-0,0.0+/-0,0.0+/-0,0.0+/-0,0.0+/-0,0.0+/-0,0.0+/-0,0.0+/-0,0.0+/-0,0.0+/-0,0.0+/-0,0.0+/-0,0.0+/-0,0.0+/-0,0.0+/-0,0.0+/-0,0.0+/-0,0.0+/-0,0.0+/-0,0.0+/-0,0.0+/-0,0.0+/-0,0.0+/-0,0.0+/-0,0.0+/-0,0.0+/-0,0.0+/-0,0.0+/-0,0.0+/-0,0.0+/-0,0.0+/-0,0.0+/-0,0.0+/-0,0.0+/-0,0.0+/-0,0.0+/-0,0.0+/-0,0.0+/-0
Australia and New Zealand,2366325,5272682,0,0,(1.7+/-0.9)e+07,(1.7+/-0.9)e+07,(1.7+/-0.9)e+07,(1.7+/-0.9)e+07,(1.7+/-0.9)e+07,(1.7+/-0.9)e+07,(1.7+/-0.9)e+07,(1.7+/-0.9)e+07,(1.7+/-0.9)e+07,(1.7+/-0.9)e+07,(1.7+/-0.9)e+07,(1.7+/-0.9)e+07,(1.7+/-0.9)e+07,(1.7+/-0.9)e+07,(1.7+/-0.9)e+07,(1.7+/-0.9)e+07,(1.7+/-0.9)e+07,(1.7+/-0.9)e+07,(1.7+/-0.9)e+07,(1.7+/-0.9)e+07,(1.7+/-0.9)e+07,(1.7+/-0.9)e+07,(1.7+/-0.9)e+07,(1.7+/-0.9)e+07,(1.7+/-0.9)e+07,(1.7+/-0.9)e+07,(1.7+/-0.9)e+07,(1.7+/-0.9)e+07,(1.7+/-0.9)e+07,(1.7+/-0.9)e+07,(1.7+/-0.9)e+07,(1.7+/-0.9)e+07,(1.7+/-0.9)e+07,(1.7+/-0.9)e+07,(1.7+/-0.9)e+07,(1.7+/-0.9)e+07,(1.7+/-0.9)e+07,(1.7+/-0.9)e+07,(1.7+/-0.9)e+07,(1.7+/-0.9)e+07,(1.7+/-0.9)e+07,(1.7+/-0.9)e+07,(1.7+/-0.9)e+07,(1.7+/-0.9)e+07,(1.7+/-0.9)e+07,(1.7+/-0.9)e+07,(1.7+/-0.9)e+07,(1.7+/-0.9)e+07,(1.7+/-0.9)e+07,(1.7+/-0.9)e+07,(1.7+/-0.9)e+07
Caribbean,2247673,6734286,0,0,(6.2+/-3.3)e+06,(6.2+/-3.3)e+06,(6.2+/-3.3)e+06,(6.2+/-3.3)e+06,(6.2+/-3.3)e+06,(6.2+/-3.3)e+06,(6.2+/-3.3)e+06,(6.2+/-3.3)e+06,(6.2+/-3.3)e+06,(6.2+/-3.3)e+06,(6.2+/-3.3)e+06,(6.2+/-3.3)e+06,(6.2+/-3.3)e+06,(6.2+/-3.3)e+06,(6.2+/-3.3)e+06,(6.2+/-3.3)e+06,(6.2+/-3.3)e+06,(6.2+/-3.3)e+06,(6.2+/-3.3)e+06,(6.2+/-3.3)e+06,(6.2+/-3.3)e+06,(6.2+/-3.3)e+06,(6.2+/-3.3)e+06,(6.2+/-3.3)e+06,(6.2+/-3.3)e+06,(6.2+/-3.3)e+06,(6.2+/-3.3)e+06,(6.2+/-3.3)e+06,(6.2+/-3.3)e+06,(6.2+/-3.3)e+06,(6.2+/-3.3)e+06,(6.2+/-3.3)e+06,(6.2+/-3.3)e+06,(6.2+/-3.3)e+06,(6.2+/-3.3)e+06,(6.2+/-3.3)e+06,(6.2+/-3.3)e+06,(6.2+/-3.3)e+06,(6.2+/-3.3)e+06,(6.2+/-3.3)e+06,(6.2+/-3.3)e+06,(6.2+/-3.3)e+06,(6.2+/-3.3)e+06,(6.2+/-3.3)e+06,(6.2+/-3.3)e+06,(6.2+/-3.3)e+06,(6.2+/-3.3)e+06,(6.2+/-3.3)e+06,(6.2+/-3.3)e+06,(6.2+/-3.3)e+06,(6.2+/-3.3)e+06
Central America,10923315,33415901,0,0,(7+/-4)e+07,(7+/-4)e+07,(7+/-4)e+07,(7+/-4)e+07,(7+/-4)e+07,(7+/-4)e+07,(7+/-4)e+07,(7+/-4)e+07,(7+/-4)e+07,(7+/-4)e+07,(7+/-4)e+07,(7+/-4)e+07,(7+/-4)e+07,(7+/-4)e+07,(7+/-4)e+07,(7+/-4)e+07,(7+/-4)e+07,(7+/-4)e+07,(7+/-4)e+07,(7+/-4)e+07,(7+/-4)e+07,(7+/-4)e+07,(7+/-4)e+07,(7+/-4)e+07,(7+/-4)e+07,(7+/-4)e+07,(7+/-4)e+07,(7+/-4)e+07,(7+/-4)e+07,(7+/-4)e+07,(7+/-4)e+07,(7+/-4)e+07,(7+/-4)e+07,(7+/-4)e+07,(7+/-4)e+07,(7+/-4)e+07,(7+/-4)e+07,(7+/-4)e+07,(7+/-4)e+07,(7+/-4)e+07,(7+/-4)e+07,(7+/-4)e+07,(7+/-4)e+07,(7+/-4)e+07,(7+/-4)e+07,(7+/-4)e+07,(7+/-4)e+07,(7+/-4)e+07,(7+/-4)e+07,(7+/-4)e+07,(7+/-4)e+07
Central Asia,4395986,9548737,0,0,(8+/-4)e+06,(8+/-4)e+06,(8+/-4)e+06,(8+/-4)e+06,(8+/-4)e+06,(8+/-4)e+06,(8+/-4)e+06,(8+/-4)e+06,(8+/-4)e+06,(8+/-4)e+06,(8+/-4)e+06,(8+/-4)e+06,(8+/-4)e+06,(8+/-4)e+06,(8+/-4)e+06,(8+/-4)e+06,(8+/-4)e+06,(8+/-4)e+06,(8+/-4)e+06,(8+/-4)e+06,(8+/-4)e+06,(8+/-4)e+06,(8+/-4)e+06,(8+/-4)e+06,(8+/-4)e+06,(8+/-4)e+06,(8+/-4)e+06,(8+/-4)e+06,(8+/-4)e+06,(8+/-4)e+06,(8+/-4)e+06,(8+/-4)e+06,(8+/-4)e+06,(8+/-4)e+06,(8+/-4)e+06,(8+/-4)e+06,(8+/-4)e+06,(8+/-4)e+06,(8+/-4)e+06,(8+/-4)e+06,(8+/-4)e+06,(8+/-4)e+06,(8+/-4)e+06,(8+/-4)e+06,(8+/-4)e+06,(8+/-4)e+06,(8+/-4)e+06,(8+/-4)e+06,(8+/-4)e+06,(8+/-4)e+06,(8+/-4)e+06
Eastern Africa,25738733,54309550,0,0,0.0+/-0,0.0+/-0,0.0+/-0,0.0+/-0,0.0+/-0,0.0+/-0,0.0+/-0,0.0+/-0,0.0+/-0,0.0+/-0,0.0+/-0,0.0+/-0,0.0+/-0,0.0+/-0,0.0+/-0,0.0+/-0,0.0+/-0,0.0+/-0,0.0+/-0,0.0+/-0,0.0+/-0,0.0+/-0,0.0+/-0,0.0+/-0,0.0+/-0,0.0+/-0,0.0+/-0,0.0+/-0,0.0+/-0,0.0+/-0,0.0+/-0,0.0+/-0,0.0+/-0,0.0+/-0,0.0+/-0,0.0+/-0,0.0+/-0,0.0+/-0,0.0+/-0,0.0+/-0,0.0+/-0,0.0+/-0,0.0+/-0,0.0+/-0,0.0+/-0,0.0+/-0,0.0+/-0,0.0+/-0,0.0+/-0,0.0+/-0,0.0+/-0
Eastern Asia,134092816,329015714,0,0,(1.1+/-0.6)e+09,(1.1+/-0.6)e+09,(1.1+/-0.6)e+09,(1.1+/-0.6)e+09,(1.1+/-0.6)e+09,(1.1+/-0.6)e+09,(1.1+/-0.6)e+09,(1.1+/-0.6)e+09,(1.1+/-0.6)e+09,(1.1+/-0.6)e+09,(1.1+/-0.6)e+09,(1.1+/-0.6)e+09,(1.1+/-0.6)e+09,(1.1+/-0.6)e+09,(1.1+/-0.6)e+09,(1.1+/-0.6)e+09,(1.1+/-0.6)e+09,(1.1+/-0.6)e+09,(1.1+/-0.6)e+09,(1.1+/-0.6)e+09,(1.1+/-0.6)e+09,(1.1+/-0.6)e+09,(1.1+/-0.6)e+09,(1.1+/-0.6)e+09,(1.1+/-0.6)e+09,(1.1+/-0.6)e+09,(1.1+/-0.6)e+09,(1.1+/-0.6)e+09,(1.1+/-0.6)e+09,(1.1+/-0.6)e+09,(1.1+/-0.6)e+09,(1.1+/-0.6)e+09,(1.1+/-0.6)e+09,(1.1+/-0.6)e+09,(1.1+/-0.6)e+09,(1.1+/-0.6)e+09,(1.1+/-0.6)e+09,(1.1+/-0.6)e+09,(1.1+/-0.6)e+09,(1.1+/-0.6)e+09,(1.1+/-0.6)e+09,(1.1+/-0.6)e+09,(1.1+/-0.6)e+09,(1.1+/-0.6)e+09,(1.1+/-0.6)e+09,(1.1+/-0.6)e+09,(1.1+/-0.6)e+09,(1.1+/-0.6)e+09,(1.1+/-0.6)e+09,(1.1+/-0.6)e+09,(1.1+/-0.6)e+09
Eastern Europe,23045903,46852503,0,0,(1.0+/-0.5)e+08,(1.0+/-0.5)e+08,(1.0+/-0.5)e+08,(1.0+/-0.5)e+08,(1.0+/-0.5)e+08,(1.0+/-0.5)e+08,(1.0+/-0.5)e+08,(1.0+/-0.5)e+08,(1.0+/-0.5)e+08,(1.0+/-0.5)e+08,(1.0+/-0.5)e+08,(1.0+/-0.5)e+08,(1.0+/-0.5)e+08,(1.0+/-0.5)e+08,(1.0+/-0.5)e+08,(1.0+/-0.5)e+08,(1.0+/-0.5)e+08,(1.0+/-0.5)e+08,(1.0+/-0.5)e+08,(1.0+/-0.5)e+08,(1.0+/-0.5)e+08,(1.0+/-0.5)e+08,(1.0+/-0.5)e+08,(1.0+/-0.5)e+08,(1.0+/-0.5)e+08,(1.0+/-0.5)e+08,(1.0+/-0.5)e+08,(1.0+/-0.5)e+08,(1.0+/-0.5)e+08,(1.0+/-0.5)e+08,(1.0+/-0.5)e+08,(1.0+/-0.5)e+08,(1.0+/-0.5)e+08,(1.0+/-0.5)e+08,(1.0+/-0.5)e+08,(1.0+/-0.5)e+08,(1.0+/-0.5)e+08,(1.0+/-0.5)e+08,(1.0+/-0.5)e+08,(1.0+/-0.5)e+08,(1.0+/-0.5)e+08,(1.0+/-0.5)e+08,(1.0+/-0.5)e+08,(1.0+/-0.5)e+08,(1.0+/-0.5)e+08,(1.0+/-0.5)e+08,(1.0+/-0.5)e+08,(1.0+/-0.5)e+08,(1.0+/-0.5)e+08,(1.0+/-0.5)e+08,(1.0+/-0.5)e+08
Melanesia,619305,1612683,0,0,(8+/-4)e+04,(8+/-4)e+04,(8+/-4)e+04,(8+/-4)e+04,(8+/-4)e+04,(8+/-4)e+04,(8+/-4)e+04,(8+/-4)e+04,(8+/-4)e+04,(8+/-4)e+04,(8+/-4)e+04,(8+/-4)e+04,(8+/-4)e+04,(8+/-4)e+04,(8+/-4)e+04,(8+/-4)e+04,(8+/-4)e+04,(8+/-4)e+04,(8+/-4)e+04,(8+/-4)e+04,(8+/-4)e+04,(8+/-4)e+04,(8+/-4)e+04,(8+/-4)e+04,(8+/-4)e+04,(8+/-4)e+04,(8+/-4)e+04,(8+/-4)e+04,(8+/-4)e+04,(8+/-4)e+04,(8+/-4)e+04,(8+/-4)e+04,(8+/-4)e+04,(8+/-4)e+04,(8+/-4)e+04,(8+/-4)e+04,(8+/-4)e+04,(8+/-4)e+04,(8+/-4)e+04,(8+/-4)e+04,(8+/-4)e+04,(8+/-4)e+04,(8+/-4)e+04,(8+/-4)e+04,(8+/-4)e+04,(8+/-4)e+04,(8+/-4)e+04,(8+/-4)e+04,(8+/-4)e+04,(8+/-4)e+04,(8+/-4)e+04
Micronesia,22462,58646,0,0,0.0+/-0,0.0+/-0,0.0+/-0,0.0+/-0,0.0+/-0,0.0+/-0,0.0+/-0,0.0+/-0,0.0+/-0,0.0+/-0,0.0+/-0,0.0+/-0,0.0+/-0,0.0+/-0,0.0+/-0,0.0+/-0,0.0+/-0,0.0+/-0,0.0+/-0,0.0+/-0,0.0+/-0,0.0+/-0,0.0+/-0,0.0+/-0,0.0+/-0,0.0+/-0,0.0+/-0,0.0+/-0,0.0+/-0,0.0+/-0,0.0+/-0,0.0+/-0,0.0+/-0,0.0+/-0,0.0+/-0,0.0+/-0,0.0+/-0,0.0+/-0,0.0+/-0,0.0+/-0,0.0+/-0,0.0+/-0,0.0+/-0,0.0+/-0,0.0+/-0,0.0+/-0,0.0+/-0,0.0+/-0,0.0+/-0,0.0+/-0,0.0+/-0
Middle Africa,9369410,19642360,0,0,0.0+/-0,0.0+/-0,0.0+/-0,0.0+/-0,0.0+/-0,0.0+/-0,0.0+/-0,0.0+/-0,0.0+/-0,0.0+/-0,0.0+/-0,0.0+/-0,0.0+/-0,0.0+/-0,0.0+/-0,0.0+/-0,0.0+/-0,0.0+/-0,0.0+/-0,0.0+/-0,0.0+/-0,0.0+/-0,0.0+/-0,0.0+/-0,0.0+/-0,0.0+/-0,0.0+/-0,0.0+/-0,0.0+/-0,0.0+/-0,0.0+/-0,0.0+/-0,0.0+/-0,0.0+/-0,0.0+/-0,0.0+/-0,0.0+/-0,0.0+/-0,0.0+/-0,0.0+/-0,0.0+/-0,0.0+/-0,0.0+/-0,0.0+/-0,0.0+/-0,0.0+/-0,0.0+/-0,0.0+/-0,0.0+/-0,0.0+/-0,0.0+/-0
Northern Africa,12017413,29083184,0,0,(2.0+/-1.1)e+07,(2.0+/-1.1)e+07,(2.0+/-1.1)e+07,(2.0+/-1.1)e+07,(2.0+/-1.1)e+07,(2.0+/-1.1)e+07,(2.0+/-1.1)e+07,(2.0+/-1.1)e+07,(2.0+/-1.1)e+07,(2.0+/-1.1)e+07,(2.0+/-1.1)e+07,(2.0+/-1.1)e+07,(2.0+/-1.1)e+07,(2.0+/-1.1)e+07,(2.0+/-1.1)e+07,(2.0+/-1.1)e+07,(2.0+/-1.1)e+07,(2.0+/-1.1)e+07,(2.0+/-1.1)e+07,(2.0+/-1.1)e+07,(2.0+/-1.1)e+07,(2.0+/-1.1)e+07,(2.0+/-1.1)e+07,(2.0+/-1.1)e+07,(2.0+/-1.1)e+07,(2.0+/-1.1)e+07,(2.0+/-1.1)e+07,(2.0+/-1.1)e+07,(2.0+/-1.1)e+07,(2.0+/-1.1)e+07,(2.0+/-1.1)e+07,(2.0+/-1.1)e+07,(2.0+/-1.1)e+07,(2.0+/-1.1)e+07,(2.0+/-1.1)e+07,(2.0+/-1.1)e+07,(2.0+/-1.1)e+07,(2.0+/-1.1)e+07,(2.0+/-1.1)e+07,(2.0+/-1.1)e+07,(2.0+/-1.1)e+07,(2.0+/-1.1)e+07,(2.0+/-1.1)e+07,(2.0+/-1.1)e+07,(2.0+/-1.1)e+07,(2.0+/-1.1)e+07,(2.0+/-1.1)e+07,(2.0+/-1.1)e+07,(2.0+/-1.1)e+07,(2.0+/-1.1)e+07,(2.0+/-1.1)e+07
Northern America,27021498,59574957,0,0,(4.0+/-2.2)e+08,(4.0+/-2.2)e+08,(4.0+/-2.2)e+08,(4.0+/-2.2)e+08,(4.0+/-2.2)e+08,(4.0+/-2.2)e+08,(4.0+/-2.2)e+08,(4.0+/-2.2)e+08,(4.0+/-2.2)e+08,(4.0+/-2.2)e+08,(4.0+/-2.2)e+08,(4.0+/-2.2)e+08,(4.0+/-2.2)e+08,(4.0+/-2.2)e+08,(4.0+/-2.2)e+08,(4.0+/-2.2)e+08,(4.0+/-2.2)e+08,(4.0+/-2.2)e+08,(4.0+/-2.2)e+08,(4.0+/-2.2)e+08,(4.0+/-2.2)e+08,(4.0+/-2.2)e+08,(4.0+/-2.2)e+08,(4.0+/-2.2)e+08,(4.0+/-2.2)e+08,(4.0+/-2.2)e+08,(4.0+/-2.2)e+08,(4.0+/-2.2)e+08,(4.0+/-2.2)e+08,(4.0+/-2.2)e+08,(4.0+/-2.2)e+08,(4.0+/-2.2)e+08,(4.0+/-2.2)e+08,(4.0+/-2.2)e+08,(4.0+/-2.2)e+08,(4.0+/-2.2)e+08,(4.0+/-2.2)e+08,(4.0+/-2.2)e+08,(4.0+/-2.2)e+08,(4.0+/-2.2)e+08,(4.0+/-2.2)e+08,(4.0+/-2.2)e+08,(4.0+/-2.2)e+08,(4.0+/-2.2)e+08,(4.0+/-2.2)e+08,(4.0+/-2.2)e+08,(4.0+/-2.2)e+08,(4.0+/-2.2)e+08,(4.0+/-2.2)e+08,(4.0+/-2.2)e+08,(4.0+/-2.2)e+08
Northern Europe,7473021,16386328,0,0,(4.1+/-2.2)e+08,(4.1+/-2.2)e+08,(4.1+/-2.2)e+08,(4.1+/-2.2)e+08,(4.1+/-2.2)e+08,(4.1+/-2.2)e+08,(4.1+/-2.2)e+08,(4.1+/-2.2)e+08,(4.1+/-2.2)e+08,(4.1+/-2.2)e+08,(4.1+/-2.2)e+08,(4.1+/-2.2)e+08,(4.1+/-2.2)e+08,(4.1+/-2.2)e+08,(4.1+/-2.2)e+08,(4.1+/-2.2)e+08,(4.1+/-2.2)e+08,(4.1+/-2.2)e+08,(4.1+/-2.2)e+08,(4.1+/-2.2)e+08,(4.1+/-2.2)e+08,(4.1+/-2.2)e+08,(4.1+/-2.2)e+08,(4.1+/-2.2)e+08,(4.1+/-2.2)e+08,(4.1+/-2.2)e+08,(4.1+/-2.2)e+08,(4.1+/-2.2)e+08,(4.1+/-2.2)e+08,(4.1+/-2.2)e+08,(4.1+/-2.2)e+08,(4.1+/-2.2)e+08,(4.1+/-2.2)e+08,(4.1+/-2.2)e+08,(4.1+/-2.2)e+08,(4.1+/-2.2)e+08,(4.1+/-2.2)e+08,(4.1+/-2.2)e+08,(4.1+/-2.2)e+08,(4.1+/-2.2)e+08,(4.1+/-2.2)e+08,(4.1+/-2.2)e+08,(4.1+/-2.2)e+08,(4.1+/-2.2)e+08,(4.1+/-2.2)e+08,(4.1+/-2.2)e+08,(4.1+/-2.2)e+08,(4.1+/-2.2)e+08,(4.1+/-2.2)e+08,(4.1+/-2.2)e+08,(4.1+/-2.2)e+08
Polynesia,33568,81723,0,0,0.0+/-0,0.0+/-0,0.0+/-0,0.0+/-0,0.0+/-0,0.0+/-0,0.0+/-0,0.0+/-0,0.0+/-0,0.0+/-0,0.0+/-0,0.0+/-0,0.0+/-0,0.0+/-0,0.0+/-0,0.0+/-0,0.0+/-0,0.0+/-0,0.0+/-0,0.0+/-0,0.0+/-0,0.0+/-0,0.0+/-0,0.0+/-0,0.0+/-0,0.0+/-0,0.0+/-0,0.0+/-0,0.0+/-0,0.0+/-0,0.0+/-0,0.0+/-0,0.0+/-0,0.0+/-0,0.0+/-0,0.0+/-0,0.0+/-0,0.0+/-0,0.0+/-0,0.0+/-0,0.0+/-0,0.0+/-0,0.0+/-0,0.0+/-0,0.0+/-0,0.0+/-0,0.0+/-0,0.0+/-0,0.0+/-0,0.0+/-0,0.0+/-0
South America,29355571,83849131,0,0,(1.0+/-0.5)e+08,(1.0+/-0.5)e+08,(1.0+/-0.5)e+08,(1.0+/-0.5)e+08,(1.0+/-0.5)e+08,(1.0+/-0.5)e+08,(1.0+/-0.5)e+08,(1.0+/-0.5)e+08,(1.0+/-0.5)e+08,(1.0+/-0.5)e+08,(1.0+/-0.5)e+08,(1.0+/-0.5)e+08,(1.0+/-0.5)e+08,(1.0+/-0.5)e+08,(1.0+/-0.5)e+08,(1.0+/-0.5)e+08,(1.0+/-0.5)e+08,(1.0+/-0.5)e+08,(1.0+/-0.5)e+08,(1.0+/-0.5)e+08,(1.0+/-0.5)e+08,(1.0+/-0.5)e+08,(1.0+/-0.5)e+08,(1.0+/-0.5)e+08,(1.0+/-0.5)e+08,(1.0+/-0.5)e+08,(1.0+/-0.5)e+08,(1.0+/-0.5)e+08,(1.0+/-0.5)e+08,(1.0+/-0.5)e+08,(1.0+/-0.5)e+08,(1.0+/-0.5)e+08,(1.0+/-0.5)e+08,(1.0+/-0.5)e+08,(1.0+/-0.5)e+08,(1.0+/-0.5)e+08,(1.0+/-0.5)e+08,(1.0+/-0.5)e+08,(1.0+/-0.5)e+08,(1.0+/-0.5)e+08,(1.0+/-0.5)e+08,(1.0+/-0.5)e+08,(1.0+/-0.5)e+08,(1.0+/-0.5)e+08,(1.0+/-0.5)e+08,(1.0+/-0.5)e+08,(1.0+/-0.5)e+08,(1.0+/-0.5)e+08,(1.0+/-0.5)e+08,(1.0+/-0.5)e+08,(1.0+/-0.5)e+08
South-eastern Asia,54372904,138751581,0,0,(1.3+/-0.7)e+08,(1.3+/-0.7)e+08,(1.3+/-0.7)e+08,(1.3+/-0.7)e+08,(1.3+/-0.7)e+08,(1.3+/-0.7)e+08,(1.3+/-0.7)e+08,(1.3+/-0.7)e+08,(1.3+/-0.7)e+08,(1.3+/-0.7)e+08,(1.3+/-0.7)e+08,(1.3+/-0.7)e+08,(1.3+/-0.7)e+08,(1.3+/-0.7)e+08,(1.3+/-0.7)e+08,(1.3+/-0.7)e+08,(1.3+/-0.7)e+08,(1.3+/-0.7)e+08,(1.3+/-0.7)e+08,(1.3+/-0.7)e+08,(1.3+/-0.7)e+08,(1.3+/-0.7)e+08,(1.3+/-0.7)e+08,(1.3+/-0.7)e+08,(1.3+/-0.7)e+08,(1.3+/-0.7)e+08,(1.3+/-0.7)e+08,(1.3+/-0.7)e+08,(1.3+/-0.7)e+08,(1.3+/-0.7)e+08,(1.3+/-0.7)e+08,(1.3+/-0.7)e+08,(1.3+/-0.7)e+08,(1.3+/-0.7)e+08,(1.3+/-0.7)e+08,(1.3+/-0.7)e+08,(1.3+/-0.7)e+08,(1.3+/-0.7)e+08,(1.3+/-0.7)e+08,(1.3+/-0.7)e+08,(1.3+/-0.7)e+08,(1.3+/-0.7)e+08,(1.3+/-0.7)e+08,(1.3+/-0.7)e+08,(1.3+/-0.7)e+08,(1.3+/-0.7)e+08,(1.3+/-0.7)e+08,(1.3+/-0.7)e+08,(1.3+/-0.7)e+08,(1.3+/-0.7)e+08,(1.3+/-0.7)e+08
Southern Africa,3414558,10510151,0,0,(8+/-4)e+06,(8+/-4)e+06,(8+/-4)e+06,(8+/-4)e+06,(8+/-4)e+06,(8+/-4)e+06,(8+/-4)e+06,(8+/-4)e+06,(8+/-4)e+06,(8+/-4)e+06,(8+/-4)e+06,(8+/-4)e+06,(8+/-4)e+06,(8+/-4)e+06,(8+/-4)e+06,(8+/-4)e+06,(8+/-4)e+06,(8+/-4)e+06,(8+/-4)e+06,(8+/-4)e+06,(8+/-4)e+06,(8+/-4)e+06,(8+/-4)e+06,(8+/-4)e+06,(8+/-4)e+06,(8+/-4)e+06,(8+/-4)e+06,(8+/-4)e+06,(8+/-4)e+06,(8+/-4)e+06,(8+/-4)e+06,(8+/-4)e+06,(8+/-4)e+06,(8+/-4)e+06,(8+/-4)e+06,(8+/-4)e+06,(8+/-4)e+06,(8+/-4)e+06,(8+/-4)e+06,(8+/-4)e+06,(8+/-4)e+06,(8+/-4)e+06,(8+/-4)e+06,(8+/-4)e+06,(8+/-4)e+06,(8+/-4)e+06,(8+/-4)e+06,(8+/-4)e+06,(8+/-4)e+06,(8+/-4)e+06,(8+/-4)e+06
Southern Asia,152774494,291437630,0,0,(1.3+/-0.7)e+08,(1.3+/-0.7)e+08,(1.3+/-0.7)e+08,(1.3+/-0.7)e+08,(1.3+/-0.7)e+08,(1.3+/-0.7)e+08,(1.3+/-0.7)e+08,(1.3+/-0.7)e+08,(1.3+/-0.7)e+08,(1.3+/-0.7)e+08,(1.3+/-0.7)e+08,(1.3+/-0.7)e+08,(1.3+/-0.7)e+08,(1.3+/-0.7)e+08,(1.3+/-0.7)e+08,(1.3+/-0.7)e+08,(1.3+/-0.7)e+08,(1.3+/-0.7)e+08,(1.3+/-0.7)e+08,(1.3+/-0.7)e+08,(1.3+/-0.7)e+08,(1.3+/-0.7)e+08,(1.3+/-0.7)e+08,(1.3+/-0.7)e+08,(1.3+/-0.7)e+08,(1.3+/-0.7)e+08,(1.3+/-0.7)e+08,(1.3+/-0.7)e+08,(1.3+/-0.7)e+08,(1.3+/-0.7)e+08,(1.3+/-0.7)e+08,(1.3+/-0.7)e+08,(1.3+/-0.7)e+08,(1.3+/-0.7)e+08,(1.3+/-0.7)e+08,(1.3+/-0.7)e+08,(1.3+/-0.7)e+08,(1.3+/-0.7)e+08,(1.3+/-0.7)e+08,(1.3+/-0.7)e+08,(1.3+/-0.7)e+08,(1.3+/-0.7)e+08,(1.3+/-0.7)e+08,(1.3+/-0.7)e+08,(1.3+/-0.7)e+08,(1.3+/-0.7)e+08,(1.3+/-0.7)e+08,(1.3+/-0.7)e+08,(1.3+/-0.7)e+08,(1.3+/-0.7)e+08,(1.3+/-0.7)e+08
Southern Europe,10239028,24154381,0,0,(1.1+/-0.6)e+08,(1.1+/-0.6)e+08,(1.1+/-0.6)e+08,(1.1+/-0.6)e+08,(1.1+/-0.6)e+08,(1.1+/-0.6)e+08,(1.1+/-0.6)e+08,(1.1+/-0.6)e+08,(1.1+/-0.6)e+08,(1.1+/-0.6)e+08,(1.1+/-0.6)e+08,(1.1+/-0.6)e+08,(1.1+/-0.6)e+08,(1.1+/-0.6)e+08,(1.1+/-0.6)e+08,(1.1+/-0.6)e+08,(1.1+/-0.6)e+08,(1.1+/-0.6)e+08,(1.1+/-0.6)e+08,(1.1+/-0.6)e+08,(1.1+/-0.6)e+08,(1.1+/-0.6)e+08,(1.1+/-0.6)e+08,(1.1+/-0.6)e+08,(1.1+/-0.6)e+08,(1.1+/-0.6)e+08,(1.1+/-0.6)e+08,(1.1+/-0.6)e+08,(1.1+/-0.6)e+08,(1.1+/-0.6)e+08,(1.1+/-0.6)e+08,(1.1+/-0.6)e+08,(1.1+/-0.6)e+08,(1.1+/-0.6)e+08,(1.1+/-0.6)e+08,(1.1+/-0.6)e+08,(1.1+/-0.6)e+08,(1.1+/-0.6)e+08,(1.1+/-0.6)e+08,(1.1+/-0.6)e+08,(1.1+/-0.6)e+08,(1.1+/-0.6)e+08,(1.1+/-0.6)e+08,(1.1+/-0.6)e+08,(1.1+/-0.6)e+08,(1.1+/-0.6)e+08,(1.1+/-0.6)e+08,(1.1+/-0.6)e+08,(1.1+/-0.6)e+08,(1.1+/-0.6)e+08,(1.1+/-0.6)e+08
Western Africa,17250115,47388443,0,0,(4.0+/-2.3)e+06,(4.0+/-2.3)e+06,(4.0+/-2.3)e+06,(4.0+/-2.3)e+06,(4.0+/-2.3)e+06,(4.0+/-2.3)e+06,(4.0+/-2.3)e+06,(4.0+/-2.3)e+06,(4.0+/-2.3)e+06,(4.0+/-2.3)e+06,(4.0+/-2.3)e+06,(4.0+/-2.3)e+06,(4.0+/-2.3)e+06,(4.0+/-2.3)e+06,(4.0+/-2.3)e+06,(4.0+/-2.3)e+06,(4.0+/-2.3)e+06,(4.0+/-2.3)e+06,(4.0+/-2.3)e+06,(4.0+/-2.3)e+06,(4.0+/-2.3)e+06,(4.0+/-2.3)e+06,(4.0+/-2.3)e+06,(4.0+/-2.3)e+06,(4.0+/-2.3)e+06,(4.0+/-2.3)e+06,(4.0+/-2.3)e+06,(4.0+/-2.3)e+06,(4.0+/-2.3)e+06,(4.0+/-2.3)e+06,(4.0+/-2.3)e+06,(4.0+/-2.3)e+06,(4.0+/-2.3)e+06,(4.0+/-2.3)e+06,(4.0+/-2.3)e+06,(4.0+/-2.3)e+06,(4.0+/-2.3)e+06,(4.0+/-2.3)e+06,(4.0+/-2.3)e+06,(4.0+/-2.3)e+06,(4.0+/-2.3)e+06,(4.0+/-2.3)e+06,(4.0+/-2.3)e+06,(4.0+/-2.3)e+06,(4.0+/-2.3)e+06,(4.0+/-2.3)e+06,(4.0+/-2.3)e+06,(4.0+/-2.3)e+06,(4.0+/-2.3)e+06,(4.0+/-2.3)e+06,(4.0+/-2.3)e+06
Western Asia,15940382,39023753,0,0,(9+/-5)e+07,(9+/-5)e+07,(9+/-5)e+07,(9+/-5)e+07,(9+/-5)e+07,(9+/-5)e+07,(9+/-5)e+07,(9+/-5)e+07,(9+/-5)e+07,(9+/-5)e+07,(9+/-5)e+07,(9+/-5)e+07,(9+/-5)e+07,(9+/-5)e+07,(9+/-5)e+07,(9+/-5)e+07,(9+/-5)e+07,(9+/-5)e+07,(9+/-5)e+07,(9+/-5)e+07,(9+/-5)e+07,(9+/-5)e+07,(9+/-5)e+07,(9+/-5)e+07,(9+/-5)e+07,(9+/-5)e+07,(9+/-5)e+07,(9+/-5)e+07,(9+/-5)e+07,(9+/-5)e+07,(9+/-5)e+07,(9+/-5)e+07,(9+/-5)e+07,(9+/-5)e+07,(9+/-5)e+07,(9+/-5)e+07,(9+/-5)e+07,(9+/-5)e+07,(9+/-5)e+07,(9+/-5)e+07,(9+/-5)e+07,(9+/-5)e+07,(9+/-5)e+07,(9+/-5)e+07,(9+/-5)e+07,(9+/-5)e+07,(9+/-5)e+07,(9+/-5)e+07,(9+/-5)e+07,(9+/-5)e+07,(9+/-5)e+07
Western Europe,14939189,31147282,0,0,(2.5+/-1.3)e+08,(2.5+/-1.3)e+08,(2.5+/-1.3)e+08,(2.5+/-1.3)e+08,(2.5+/-1.3)e+08,(2.5+/-1.3)e+08,(2.5+/-1.3)e+08,(2.5+/-1.3)e+08,(2.5+/-1.3)e+08,(2.5+/-1.3)e+08,(2.5+/-1.3)e+08,(2.5+/-1.3)e+08,(2.5+/-1.3)e+08,(2.5+/-1.3)e+08,(2.5+/-1.3)e+08,(2.5+/-1.3)e+08,(2.5+/-1.3)e+08,(2.5+/-1.3)e+08,(2.5+/-1.3)e+08,(2.5+/-1.3)e+08,(2.5+/-1.3)e+08,(2.5+/-1.3)e+08,(2.5+/-1.3)e+08,(2.5+/-1.3)e+08,(2.5+/-1.3)e+08,(2.5+/-1.3)e+08,(2.5+/-1.3)e+08,(2.5+/-1.3)e+08,(2.5+/-1.3)e+08,(2.5+/-1.3)e+08,(2.5+/-1.3)e+08,(2.5+/-1.3)e+08,(2.5+/-1.3)e+08,(2.5+/-1.3)e+08,(2.5+/-1.3)e+08,(2.5+/-1.3)e+08,(2.5+/-1.3)e+08,(2.5+/-1.3)e+08,(2.5+/-1.3)e+08,(2.5+/-1.3)e+08,(2.5+/-1.3)e+08,(2.5+/-1.3)e+08,(2.5+/-1.3)e+08,(2.5+/-1.3)e+08,(2.5+/-1.3)e+08,(2.5+/-1.3)e+08,(2.5+/-1.3)e+08,(2.5+/-1.3)e+08,(2.5+/-1.3)e+08,(2.5+/-1.3)e+08,(2.5+/-1.3)e+08
Global,557653669,1277851606,0,0,(2.9+/-1.5)e+09,(2.9+/-1.5)e+09,(2.9+/-1.5)e+09,(2.9+/-1.5)e+09,(2.9+/-1.5)e+09,(2.9+/-1.5)e+09,(2.9+/-1.5)e+09,(2.9+/-1.5)e+09,(2.9+/-1.5)e+09,(2.9+/-1.5)e+09,(2.9+/-1.5)e+09,(2.9+/-1.5)e+09,(2.9+/-1.5)e+09,(2.9+/-1.5)e+09,(2.9+/-1.5)e+09,(2.9+/-1.5)e+09,(2.9+/-1.5)e+09,(2.9+/-1.5)e+09,(2.9+/-1.5)e+09,(2.9+/-1.5)e+09,(2.9+/-1.5)e+09,(2.9+/-1.5)e+09,(2.9+/-1.5)e+09,(2.9+/-1.5)e+09,(2.9+/-1.5)e+09,(2.9+/-1.5)e+09,(2.9+/-1.5)e+09,(2.9+/-1.5)e+09,(2.9+/-1.5)e+09,(2.9+/-1.5)e+09,(2.9+/-1.5)e+09,(2.9+/-1.5)e+09,(2.9+/-1.5)e+09,(2.9+/-1.5)e+09,(2.9+/-1.5)e+09,(2.9+/-1.5)e+09,(2.9+/-1.5)e+09,(2.9+/-1.5)e+09,(2.9+/-1.5)e+09,(2.9+/-1.5)e+09,(2.9+/-1.5)e+09,(2.9+/-1.5)e+09,(2.9+/-1.5)e+09,(2.9+/-1.5)e+09,(2.9+/-1.5)e+09,(2.9+/-1.5)e+09,(2.9+/-1.5)e+09,(2.9+/-1.5)e+09,(2.9+/-1.5)e+09,(2.9+/-1.5)e+09,(2.9+/-1.5)e+09
