,0,1,2,3,4,5,6,7,8,9,10,11,12,13,14,15,16,17,18,19,20,21,22,23,24,25,26,27,28,29,30,31,32,33,34,35,36,37,38,39,40,41,42,43,44,45,46,47,48,49,50,51,52,53,54
Aruba,7780,19199,0,0,0,0,(6.6+/-2.3)e+03,(6.6+/-2.3)e+03,(6.6+/-2.3)e+03,(6.6+/-2.3)e+03,(6.6+/-2.3)e+03,(6.6+/-2.3)e+03,(6.6+/-2.3)e+03,(6.6+/-2.3)e+03,(6.6+/-2.3)e+03,(6.6+/-2.3)e+03,(6.6+/-2.3)e+03,(6.6+/-2.3)e+03,(6.6+/-2.3)e+03,(6.6+/-2.3)e+03,(6.6+/-2.3)e+03,(6.6+/-2.3)e+03,(6.6+/-2.3)e+03,(6.6+/-2.3)e+03,(6.6+/-2.3)e+03,(6.6+/-2.3)e+03,(6.6+/-2.3)e+03,(6.6+/-2.3)e+03,(6.6+/-2.3)e+03,(6.6+/-2.3)e+03,(6.6+/-2.3)e+03,(6.6+/-2.3)e+03,(6.6+/-2.3)e+03,(6.6+/-2.3)e+03,(6.6+/-2.3)e+03,(6.6+/-2.3)e+03,(6.6+/-2.3)e+03,(6.6+/-2.3)e+03,(6.6+/-2.3)e+03,(6.6+/-2.3)e+03,(6.6+/-2.3)e+03,(6.6+/-2.3)e+03,(6.6+/-2.3)e+03,(6.6+/-2.3)e+03,(6.6+/-2.3)e+03,(6.6+/-2.3)e+03,(6.6+/-2.3)e+03,(6.6+/-2.3)e+03,(6.6+/-2.3)e+03,(6.6+/-2.3)e+03,(6.6+/-2.3)e+03,(6.6+/-2.3)e+03,(6.6+/-2.3)e+03,(6.6+/-2.3)e+03,(6.6+/-2.3)e+03
Afghanistan,1131504,2811747,0,0,0,0,(6.6+/-2.3)e+03,(6.6+/-2.3)e+03,(6.6+/-2.3)e+03,(6.6+/-2.3)e+03,(6.6+/-2.3)e+03,(6.6+/-2.3)e+03,(6.6+/-2.3)e+03,(6.6+/-2.3)e+03,(6.6+/-2.3)e+03,(6.6+/-2.3)e+03,(6.6+/-2.3)e+03,(6.6+/-2.3)e+03,(6.6+/-2.3)e+03,(6.6+/-2.3)e+03,(6.6+/-2.3)e+03,(6.6+/-2.3)e+03,(6.6+/-2.3)e+03,(6.6+/-2.3)e+03,(6.6+/-2.3)e+03,(6.6+/-2.3)e+03,(6.6+/-2.3)e+03,(6.6+/-2.3)e+03,(6.6+/-2.3)e+03,(6.6+/-2.3)e+03,(6.6+/-2.3)e+03,(6.6+/-2.3)e+03,(6.6+/-2.3)e+03,(6.6+/-2.3)e+03,(6.6+/-2.3)e+03,(6.6+/-2.3)e+03,(6.6+/-2.3)e+03,(6.6+/-2.3)e+03,(6.6+/-2.3)e+03,(6.6+/-2.3)e+03,(6.6+/-2.3)e+03,(6.6+/-2.3)e+03,(6.6+/-2.3)e+03,(6.6+/-2.3)e+03,(6.6+/-2.3)e+03,(6.6+/-2.3)e+03,(6.6+/-2.3)e+03,(6.6+/-2.3)e+03,(6.6+/-2.3)e+03,(6.6+/-2.3)e+03,(6.6+/-2.3)e+03,(6.6+/-2.3)e+03,(6.6+/-2.3)e+03,(6.6+/-2.3)e+03,(6.6+/-2.3)e+03
Angola,1197635,4410067,0,0,0,0,(6.6+/-2.3)e+03,(6.6+/-2.3)e+03,(6.6+/-2.3)e+03,(6.6+/-2.3)e+03,(6.6+/-2.3)e+03,(6.6+/-2.3)e+03,(6.6+/-2.3)e+03,(6.6+/-2.3)e+03,(6.6+/-2.3)e+03,(6.6+/-2.3)e+03,(6.6+/-2.3)e+03,(6.6+/-2.3)e+03,(6.6+/-2.3)e+03,(6.6+/-2.3)e+03,(6.6+/-2.3)e+03,(6.6+/-2.3)e+03,(6.6+/-2.3)e+03,(6.6+/-2.3)e+03,(6.6+/-2.3)e+03,(6.6+/-2.3)e+03,(6.6+/-2.3)e+03,(6.6+/-2.3)e+03,(6.6+/-2.3)e+03,(6.6+/-2.3)e+03,(6.6+/-2.3)e+03,(6.6+/-2.3)e+03,(6.6+/-2.3)e+03,(6.6+/-2.3)e+03,(6.6+/-2.3)e+03,(6.6+/-2.3)e+03,(6.6+/-2.3)e+03,(6.6+/-2.3)e+03,(6.6+/-2.3)e+03,(6.6+/-2.3)e+03,(6.6+/-2.3)e+03,(6.6+/-2.3)e+03,(6.6+/-2.3)e+03,(6.6+/-2.3)e+03,(6.6+/-2.3)e+03,(6.6+/-2.3)e+03,(6.6+/-2.3)e+03,(6.6+/-2.3)e+03,(6.6+/-2.3)e+03,(6.6+/-2.3)e+03,(6.6+/-2.3)e+03,(6.6+/-2.3)e+03,(6.6+/-2.3)e+03,(6.6+/-2.3)e+03,(6.6+/-2.3)e+03
Albania,206910,463254,0,0,0,0,(6.6+/-2.3)e+03,(6.6+/-2.3)e+03,(6.6+/-2.3)e+03,(6.6+/-2.3)e+03,(6.6+/-2.3)e+03,(6.6+/-2.3)e+03,(6.6+/-2.3)e+03,(6.6+/-2.3)e+03,(6.6+/-2.3)e+03,(6.6+/-2.3)e+03,(6.6+/-2.3)e+03,(6.6+/-2.3)e+03,(6.6+/-2.3)e+03,(6.6+/-2.3)e+03,(6.6+/-2.3)e+03,(6.6+/-2.3)e+03,(6.6+/-2.3)e+03,(6.6+/-2.3)e+03,(6.6+/-2.3)e+03,(6.6+/-2.3)e+03,(6.6+/-2.3)e+03,(6.6+/-2.3)e+03,(6.6+/-2.3)e+03,(6.6+/-2.3)e+03,(6.6+/-2.3)e+03,(6.6+/-2.3)e+03,(6.6+/-2.3)e+03,(6.6+/-2.3)e+03,(6.6+/-2.3)e+03,(6.6+/-2.3)e+03,(6.6+/-2.3)e+03,(6.6+/-2.3)e+03,(6.6+/-2.3)e+03,(6.6+/-2.3)e+03,(6.6+/-2.3)e+03,(6.6+/-2.3)e+03,(6.6+/-2.3)e+03,(6.6+/-2.3)e+03,(6.6+/-2.3)e+03,(6.6+/-2.3)e+03,(6.6+/-2.3)e+03,(6.6+/-2.3)e+03,(6.6+/-2.3)e+03,(6.6+/-2.3)e+03,(6.6+/-2.3)e+03,(6.6+/-2.3)e+03,(6.6+/-2.3)e+03,(6.6+/-2.3)e+03,(6.6+/-2.3)e+03
Andorra,5739,15955,0,0,0,0,(6.6+/-2.3)e+03,(6.6+/-2.3)e+03,(6.6+/-2.3)e+03,(6.6+/-2.3)e+03,(6.6+/-2.3)e+03,(6.6+/-2.3)e+03,(6.6+/-2.3)e+03,(6.6+/-2.3)e+03,(6.6+/-2.3)e+03,(6.6+/-2.3)e+03,(6.6+/-2.3)e+03,(6.6+/-2.3)e+03,(6.6+/-2.3)e+03,(6.6+/-2.3)e+03,(6.6+/-2.3)e+03,(6.6+/-2.3)e+03,(6.6+/-2.3)e+03,(6.6+/-2.3)e+03,(6.6+/-2.3)e+03,(6.6+/-2.3)e+03,(6.6+/-2.3)e+03,(6.6+/-2.3)e+03,(6.6+/-2.3)e+03,(6.6+/-2.3)e+03,(6.6+/-2.3)e+03,(6.6+/-2.3)e+03,(6.6+/-2.3)e+03,(6.6+/-2.3)e+03,(6.6+/-2.3)e+03,(6.6+/-2.3)e+03,(6.6+/-2.3)e+03,(6.6+/-2.3)e+03,(6.6+/-2.3)e+03,(6.6+/-2.3)e+03,(6.6+/-2.3)e+03,(6.6+/-2.3)e+03,(6.6+/-2.3)e+03,(6.6+/-2.3)e+03,(6.6+/-2.3)e+03,(6.6+/-2.3)e+03,(6.6+/-2.3)e+03,(6.6+/-2.3)e+03,(6.6+/-2.3)e+03,(6.6+/-2.3)e+03,(6.6+/-2.3)e+03,(6.6+/-2.3)e+03,(6.6+/-2.3)e+03,(6.6+/-2.3)e+03,(6.6+/-2.3)e+03
United Arab Emirates,846149,2156843,0,0,0,0,(6.6+/-2.3)e+03,(6.6+/-2.3)e+03,(6.6+/-2.3)e+03,(6.6+/-2.3)e+03,(6.6+/-2.3)e+03,(6.6+/-2.3)e+03,(6.6+/-2.3)e+03,(6.6+/-2.3)e+03,(6.6+/-2.3)e+03,(6.6+/-2.3)e+03,(6.6+/-2.3)e+03,(6.6+/-2.3)e+03,(6.6+/-2.3)e+03,(6.6+/-2.3)e+03,(6.6+/-2.3)e+03,(6.6+/-2.3)e+03,(6.6+/-2.3)e+03,(6.6+/-2.3)e+03,(6.6+/-2.3)e+03,(6.6+/-2.3)e+03,(6.6+/-2.3)e+03,(6.6+/-2.3)e+03,(6.6+/-2.3)e+03,(6.6+/-2.3)e+03,(6.6+/-2.3)e+03,(6.6+/-2.3)e+03,(6.6+/-2.3)e+03,(6.6+/-2.3)e+03,(6.6+/-2.3)e+03,(6.6+/-2.3)e+03,(6.6+/-2.3)e+03,(6.6+/-2.3)e+03,(6.6+/-2.3)e+03,(6.6+/-2.3)e+03,(6.6+/-2.3)e+03,(6.6+/-2.3)e+03,(6.6+/-2.3)e+03,(6.6+/-2.3)e+03,(6.6+/-2.3)e+03,(6.6+/-2.3)e+03,(6.6+/-2.3)e+03,(6.6+/-2.3)e+03,(6.6+/-2.3)e+03,(6.6+/-2.3)e+03,(6.6+/-2.3)e+03,(6.6+/-2.3)e+03,(6.6+/-2.3)e+03,(6.6+/-2.3)e+03,(6.6+/-2.3)e+03
Argentina,2516635,8179552,0,0,0,0,(1.8+/-0.7)e+05,(1.8+/-0.7)e+05,(1.8+/-0.7)e+05,(1.8+/-0.7)e+05,(1.8+/-0.7)e+05,(1.8+/-0.7)e+05,(1.8+/-0.7)e+05,(1.8+/-0.7)e+05,(1.8+/-0.7)e+05,(1.8+/-0.7)e+05,(1.8+/-0.7)e+05,(1.8+/-0.7)e+05,(1.8+/-0.7)e+05,(1.8+/-0.7)e+05,(1.8+/-0.7)e+05,(1.8+/-0.7)e+05,(1.8+/-0.7)e+05,(1.8+/-0.7)e+05,(1.8+/-0.7)e+05,(1.8+/-0.7)e+05,(1.8+/-0.7)e+05,(1.8+/-0.7)e+05,(1.8+/-0.7)e+05,(1.8+/-0.7)e+05,(1.8+/-0.7)e+05,(1.8+/-0.7)e+05,(1.8+/-0.7)e+05,(1.8+/-0.7)e+05,(1.8+/-0.7)e+05,(1.8+/-0.7)e+05,(1.8+/-0.7)e+05,(1.8+/-0.7)e+05,(1.8+/-0.7)e+05,(1.8+/-0.7)e+05,(1.8+/-0.7)e+05,(1.8+/-0.7)e+05,(1.8+/-0.7)e+05,(1.8+/-0.7)e+05,(1.8+/-0.7)e+05,(1.8+/-0.7)e+05,(1.8+/-0.7)e+05,(1.8+/-0.7)e+05,(1.8+/-0.7)e+05,(1.8+/-0.7)e+05,(1.8+/-0.7)e+05,(1.8+/-0.7)e+05,(1.8+/-0.7)e+05,(1.8+/-0.7)e+05,(1.8+/-0.7)e+05
Armenia,208858,448854,0,0,0,0,(6.6+/-2.3)e+03,(6.6+/-2.3)e+03,(6.6+/-2.3)e+03,(6.6+/-2.3)e+03,(6.6+/-2.3)e+03,(6.6+/-2.3)e+03,(6.6+/-2.3)e+03,(6.6+/-2.3)e+03,(6.6+/-2.3)e+03,(6.6+/-2.3)e+03,(6.6+/-2.3)e+03,(6.6+/-2.3)e+03,(6.6+/-2.3)e+03,(6.6+/-2.3)e+03,(6.6+/-2.3)e+03,(6.6+/-2.3)e+03,(6.6+/-2.3)e+03,(6.6+/-2.3)e+03,(6.6+/-2.3)e+03,(6.6+/-2.3)e+03,(6.6+/-2.3)e+03,(6.6+/-2.3)e+03,(6.6+/-2.3)e+03,(6.6+/-2.3)e+03,(6.6+/-2.3)e+03,(6.6+/-2.3)e+03,(6.6+/-2.3)e+03,(6.6+/-2.3)e+03,(6.6+/-2.3)e+03,(6.6+/-2.3)e+03,(6.6+/-2.3)e+03,(6.6+/-2.3)e+03,(6.6+/-2.3)e+03,(6.6+/-2.3)e+03,(6.6+/-2.3)e+03,(6.6+/-2.3)e+03,(6.6+/-2.3)e+03,(6.6+/-2.3)e+03,(6.6+/-2.3)e+03,(6.6+/-2.3)e+03,(6.6+/-2.3)e+03,(6.6+/-2.3)e+03,(6.6+/-2.3)e+03,(6.6+/-2.3)e+03,(6.6+/-2.3)e+03,(6.6+/-2.3)e+03,(6.6+/-2.3)e+03,(6.6+/-2.3)e+03,(6.6+/-2.3)e+03
American Samoa,6748,16251,0,0,0,0,(6.6+/-2.3)e+03,(6.6+/-2.3)e+03,(6.6+/-2.3)e+03,(6.6+/-2.3)e+03,(6.6+/-2.3)e+03,(6.6+/-2.3)e+03,(6.6+/-2.3)e+03,(6.6+/-2.3)e+03,(6.6+/-2.3)e+03,(6.6+/-2.3)e+03,(6.6+/-2.3)e+03,(6.6+/-2.3)e+03,(6.6+/-2.3)e+03,(6.6+/-2.3)e+03,(6.6+/-2.3)e+03,(6.6+/-2.3)e+03,(6.6+/-2.3)e+03,(6.6+/-2.3)e+03,(6.6+/-2.3)e+03,(6.6+/-2.3)e+03,(6.6+/-2.3)e+03,(6.6+/-2.3)e+03,(6.6+/-2.3)e+03,(6.6+/-2.3)e+03,(6.6+/-2.3)e+03,(6.6+/-2.3)e+03,(6.6+/-2.3)e+03,(6.6+/-2.3)e+03,(6.6+/-2.3)e+03,(6.6+/-2.3)e+03,(6.6+/-2.3)e+03,(6.6+/-2.3)e+03,(6.6+/-2.3)e+03,(6.6+/-2.3)e+03,(6.6+/-2.3)e+03,(6.6+/-2.3)e+03,(6.6+/-2.3)e+03,(6.6+/-2.3)e+03,(6.6+/-2.3)e+03,(6.6+/-2.3)e+03,(6.6+/-2.3)e+03,(6.6+/-2.3)e+03,(6.6+/-2.3)e+03,(6.6+/-2.3)e+03,(6.6+/-2.3)e+03,(6.6+/-2.3)e+03,(6.6+/-2.3)e+03,(6.6+/-2.3)e+03,(6.6+/-2.3)e+03
Antigua and Barbuda,7072,11531,0,0,0,0,(6.6+/-2.3)e+03,(6.6+/-2.3)e+03,(6.6+/-2.3)e+03,(6.6+/-2.3)e+03,(6.6+/-2.3)e+03,(6.6+/-2.3)e+03,(6.6+/-2.3)e+03,(6.6+/-2.3)e+03,(6.6+/-2.3)e+03,(6.6+/-2.3)e+03,(6.6+/-2.3)e+03,(6.6+/-2.3)e+03,(6.6+/-2.3)e+03,(6.6+/-2.3)e+03,(6.6+/-2.3)e+03,(6.6+/-2.3)e+03,(6.6+/-2.3)e+03,(6.6+/-2.3)e+03,(6.6+/-2.3)e+03,(6.6+/-2.3)e+03,(6.6+/-2.3)e+03,(6.6+/-2.3)e+03,(6.6+/-2.3)e+03,(6.6+/-2.3)e+03,(6.6+/-2.3)e+03,(6.6+/-2.3)e+03,(6.6+/-2.3)e+03,(6.6+/-2.3)e+03,(6.6+/-2.3)e+03,(6.6+/-2.3)e+03,(6.6+/-2.3)e+03,(6.6+/-2.3)e+03,(6.6+/-2.3)e+03,(6.6+/-2.3)e+03,(6.6+/-2.3)e+03,(6.6+/-2.3)e+03,(6.6+/-2.3)e+03,(6.6+/-2.3)e+03,(6.6+/-2.3)e+03,(6.6+/-2.3)e+03,(6.6+/-2.3)e+03,(6.6+/-2.3)e+03,(6.6+/-2.3)e+03,(6.6+/-2.3)e+03,(6.6+/-2.3)e+03,(6.6+/-2.3)e+03,(6.6+/-2.3)e+03,(6.6+/-2.3)e+03,(6.6+/-2.3)e+03
Australia,1956618,4359765,0,0,0,0,(7.6+/-2.8)e+06,(7.6+/-2.8)e+06,(7.6+/-2.8)e+06,(7.6+/-2.8)e+06,(7.6+/-2.8)e+06,(7.6+/-2.8)e+06,(7.6+/-2.8)e+06,(7.6+/-2.8)e+06,(7.6+/-2.8)e+06,(7.6+/-2.8)e+06,(7.6+/-2.8)e+06,(7.6+/-2.8)e+06,(7.6+/-2.8)e+06,(7.6+/-2.8)e+06,(7.6+/-2.8)e+06,(7.6+/-2.8)e+06,(7.6+/-2.8)e+06,(7.6+/-2.8)e+06,(7.6+/-2.8)e+06,(7.6+/-2.8)e+06,(7.6+/-2.8)e+06,(7.6+/-2.8)e+06,(7.6+/-2.8)e+06,(7.6+/-2.8)e+06,(7.6+/-2.8)e+06,(7.6+/-2.8)e+06,(7.6+/-2.8)e+06,(7.6+/-2.8)e+06,(7.6+/-2.8)e+06,(7.6+/-2.8)e+06,(7.6+/-2.8)e+06,(7.6+/-2.8)e+06,(7.6+/-2.8)e+06,(7.6+/-2.8)e+06,(7.6+/-2.8)e+06,(7.6+/-2.8)e+06,(7.6+/-2.8)e+06,(7.6+/-2.8)e+06,(7.6+/-2.8)e+06,(7.6+/-2.8)e+06,(7.6+/-2.8)e+06,(7.6+/-2.8)e+06,(7.6+/-2.8)e+06,(7.6+/-2.8)e+06,(7.6+/-2.8)e+06,(7.6+/-2.8)e+06,(7.6+/-2.8)e+06,(7.6+/-2.8)e+06,(7.6+/-2.8)e+06
Austria,712114,1557540,0,0,0,0,(6.6+/-2.3)e+03,(6.6+/-2.3)e+03,(6.6+/-2.3)e+03,(6.6+/-2.3)e+03,(6.6+/-2.3)e+03,(6.6+/-2.3)e+03,(6.6+/-2.3)e+03,(6.6+/-2.3)e+03,(6.6+/-2.3)e+03,(6.6+/-2.3)e+03,(6.6+/-2.3)e+03,(6.6+/-2.3)e+03,(6.6+/-2.3)e+03,(6.6+/-2.3)e+03,(6.6+/-2.3)e+03,(6.6+/-2.3)e+03,(6.6+/-2.3)e+03,(6.6+/-2.3)e+03,(6.6+/-2.3)e+03,(6.6+/-2.3)e+03,(6.6+/-2.3)e+03,(6.6+/-2.3)e+03,(6.6+/-2.3)e+03,(6.6+/-2.3)e+03,(6.6+/-2.3)e+03,(6.6+/-2.3)e+03,(6.6+/-2.3)e+03,(6.6+/-2.3)e+03,(6.6+/-2.3)e+03,(6.6+/-2.3)e+03,(6.6+/-2.3)e+03,(6.6+/-2.3)e+03,(6.6+/-2.3)e+03,(6.6+/-2.3)e+03,(6.6+/-2.3)e+03,(6.6+/-2.3)e+03,(6.6+/-2.3)e+03,(6.6+/-2.3)e+03,(6.6+/-2.3)e+03,(6.6+/-2.3)e+03,(6.6+/-2.3)e+03,(6.6+/-2.3)e+03,(6.6+/-2.3)e+03,(6.6+/-2.3)e+03,(6.6+/-2.3)e+03,(6.6+/-2.3)e+03,(6.6+/-2.3)e+03,(6.6+/-2.3)e+03,(6.6+/-2.3)e+03
Azerbaijan,630532,1286959,0,0,0,0,(6.6+/-2.3)e+03,(6.6+/-2.3)e+03,(6.6+/-2.3)e+03,(6.6+/-2.3)e+03,(6.6+/-2.3)e+03,(6.6+/-2.3)e+03,(6.6+/-2.3)e+03,(6.6+/-2.3)e+03,(6.6+/-2.3)e+03,(6.6+/-2.3)e+03,(6.6+/-2.3)e+03,(6.6+/-2.3)e+03,(6.6+/-2.3)e+03,(6.6+/-2.3)e+03,(6.6+/-2.3)e+03,(6.6+/-2.3)e+03,(6.6+/-2.3)e+03,(6.6+/-2.3)e+03,(6.6+/-2.3)e+03,(6.6+/-2.3)e+03,(6.6+/-2.3)e+03,(6.6+/-2.3)e+03,(6.6+/-2.3)e+03,(6.6+/-2.3)e+03,(6.6+/-2.3)e+03,(6.6+/-2.3)e+03,(6.6+/-2.3)e+03,(6.6+/-2.3)e+03,(6.6+/-2.3)e+03,(6.6+/-2.3)e+03,(6.6+/-2.3)e+03,(6.6+/-2.3)e+03,(6.6+/-2.3)e+03,(6.6+/-2.3)e+03,(6.6+/-2.3)e+03,(6.6+/-2.3)e+03,(6.6+/-2.3)e+03,(6.6+/-2.3)e+03,(6.6+/-2.3)e+03,(6.6+/-2.3)e+03,(6.6+/-2.3)e+03,(6.6+/-2.3)e+03,(6.6+/-2.3)e+03,(6.6+/-2.3)e+03,(6.6+/-2.3)e+03,(6.6+/-2.3)e+03,(6.6+/-2.3)e+03,(6.6+/-2.3)e+03,(6.6+/-2.3)e+03
Burundi,155059,493514,0,0,0,0,(6.6+/-2.3)e+03,(6.6+/-2.3)e+03,(6.6+/-2.3)e+03,(6.6+/-2.3)e+03,(6.6+/-2.3)e+03,(6.6+/-2.3)e+03,(6.6+/-2.3)e+03,(6.6+/-2.3)e+03,(6.6+/-2.3)e+03,(6.6+/-2.3)e+03,(6.6+/-2.3)e+03,(6.6+/-2.3)e+03,(6.6+/-2.3)e+03,(6.6+/-2.3)e+03,(6.6+/-2.3)e+03,(6.6+/-2.3)e+03,(6.6+/-2.3)e+03,(6.6+/-2.3)e+03,(6.6+/-2.3)e+03,(6.6+/-2.3)e+03,(6.6+/-2.3)e+03,(6.6+/-2.3)e+03,(6.6+/-2.3)e+03,(6.6+/-2.3)e+03,(6.6+/-2.3)e+03,(6.6+/-2.3)e+03,(6.6+/-2.3)e+03,(6.6+/-2.3)e+03,(6.6+/-2.3)e+03,(6.6+/-2.3)e+03,(6.6+/-2.3)e+03,(6.6+/-2.3)e+03,(6.6+/-2.3)e+03,(6.6+/-2.3)e+03,(6.6+/-2.3)e+03,(6.6+/-2.3)e+03,(6.6+/-2.3)e+03,(6.6+/-2.3)e+03,(6.6+/-2.3)e+03,(6.6+/-2.3)e+03,(6.6+/-2.3)e+03,(6.6+/-2.3)e+03,(6.6+/-2.3)e+03,(6.6+/-2.3)e+03,(6.6+/-2.3)e+03,(6.6+/-2.3)e+03,(6.6+/-2.3)e+03,(6.6+/-2.3)e+03,(6.6+/-2.3)e+03
Belgium,699840,1569528,0,0,0,0,(6.6+/-2.3)e+03,(6.6+/-2.3)e+03,(6.6+/-2.3)e+03,(6.6+/-2.3)e+03,(6.6+/-2.3)e+03,(6.6+/-2.3)e+03,(6.6+/-2.3)e+03,(6.6+/-2.3)e+03,(6.6+/-2.3)e+03,(6.6+/-2.3)e+03,(6.6+/-2.3)e+03,(6.6+/-2.3)e+03,(6.6+/-2.3)e+03,(6.6+/-2.3)e+03,(6.6+/-2.3)e+03,(6.6+/-2.3)e+03,(6.6+/-2.3)e+03,(6.6+/-2.3)e+03,(6.6+/-2.3)e+03,(6.6+/-2.3)e+03,(6.6+/-2.3)e+03,(6.6+/-2.3)e+03,(6.6+/-2.3)e+03,(6.6+/-2.3)e+03,(6.6+/-2.3)e+03,(6.6+/-2.3)e+03,(6.6+/-2.3)e+03,(6.6+/-2.3)e+03,(6.6+/-2.3)e+03,(6.6+/-2.3)e+03,(6.6+/-2.3)e+03,(6.6+/-2.3)e+03,(6.6+/-2.3)e+03,(6.6+/-2.3)e+03,(6.6+/-2.3)e+03,(6.6+/-2.3)e+03,(6.6+/-2.3)e+03,(6.6+/-2.3)e+03,(6.6+/-2.3)e+03,(6.6+/-2.3)e+03,(6.6+/-2.3)e+03,(6.6+/-2.3)e+03,(6.6+/-2.3)e+03,(6.6+/-2.3)e+03,(6.6+/-2.3)e+03,(6.6+/-2.3)e+03,(6.6+/-2.3)e+03,(6.6+/-2.3)e+03,(6.6+/-2.3)e+03
Benin,936258,2873300,0,0,0,0,(6.6+/-2.3)e+03,(6.6+/-2.3)e+03,(6.6+/-2.3)e+03,(6.6+/-2.3)e+03,(6.6+/-2.3)e+03,(6.6+/-2.3)e+03,(6.6+/-2.3)e+03,(6.6+/-2.3)e+03,(6.6+/-2.3)e+03,(6.6+/-2.3)e+03,(6.6+/-2.3)e+03,(6.6+/-2.3)e+03,(6.6+/-2.3)e+03,(6.6+/-2.3)e+03,(6.6+/-2.3)e+03,(6.6+/-2.3)e+03,(6.6+/-2.3)e+03,(6.6+/-2.3)e+03,(6.6+/-2.3)e+03,(6.6+/-2.3)e+03,(6.6+/-2.3)e+03,(6.6+/-2.3)e+03,(6.6+/-2.3)e+03,(6.6+/-2.3)e+03,(6.6+/-2.3)e+03,(6.6+/-2.3)e+03,(6.6+/-2.3)e+03,(6.6+/-2.3)e+03,(6.6+/-2.3)e+03,(6.6+/-2.3)e+03,(6.6+/-2.3)e+03,(6.6+/-2.3)e+03,(6.6+/-2.3)e+03,(6.6+/-2.3)e+03,(6.6+/-2.3)e+03,(6.6+/-2.3)e+03,(6.6+/-2.3)e+03,(6.6+/-2.3)e+03,(6.6+/-2.3)e+03,(6.6+/-2.3)e+03,(6.6+/-2.3)e+03,(6.6+/-2.3)e+03,(6.6+/-2.3)e+03,(6.6+/-2.3)e+03,(6.6+/-2.3)e+03,(6.6+/-2.3)e+03,(6.6+/-2.3)e+03,(6.6+/-2.3)e+03,(6.6+/-2.3)e+03
Burkina Faso,478407,1547478,0,0,0,0,(6.6+/-2.3)e+03,(6.6+/-2.3)e+03,(6.6+/-2.3)e+03,(6.6+/-2.3)e+03,(6.6+/-2.3)e+03,(6.6+/-2.3)e+03,(6.6+/-2.3)e+03,(6.6+/-2.3)e+03,(6.6+/-2.3)e+03,(6.6+/-2.3)e+03,(6.6+/-2.3)e+03,(6.6+/-2.3)e+03,(6.6+/-2.3)e+03,(6.6+/-2.3)e+03,(6.6+/-2.3)e+03,(6.6+/-2.3)e+03,(6.6+/-2.3)e+03,(6.6+/-2.3)e+03,(6.6+/-2.3)e+03,(6.6+/-2.3)e+03,(6.6+/-2.3)e+03,(6.6+/-2.3)e+03,(6.6+/-2.3)e+03,(6.6+/-2.3)e+03,(6.6+/-2.3)e+03,(6.6+/-2.3)e+03,(6.6+/-2.3)e+03,(6.6+/-2.3)e+03,(6.6+/-2.3)e+03,(6.6+/-2.3)e+03,(6.6+/-2.3)e+03,(6.6+/-2.3)e+03,(6.6+/-2.3)e+03,(6.6+/-2.3)e+03,(6.6+/-2.3)e+03,(6.6+/-2.3)e+03,(6.6+/-2.3)e+03,(6.6+/-2.3)e+03,(6.6+/-2.3)e+03,(6.6+/-2.3)e+03,(6.6+/-2.3)e+03,(6.6+/-2.3)e+03,(6.6+/-2.3)e+03,(6.6+/-2.3)e+03,(6.6+/-2.3)e+03,(6.6+/-2.3)e+03,(6.6+/-2.3)e+03,(6.6+/-2.3)e+03,(6.6+/-2.3)e+03
Bangladesh,15374027,28627693,0,0,0,0,(1.8+/-0.7)e+06,(1.8+/-0.7)e+06,(1.8+/-0.7)e+06,(1.8+/-0.7)e+06,(1.8+/-0.7)e+06,(1.8+/-0.7)e+06,(1.8+/-0.7)e+06,(1.8+/-0.7)e+06,(1.8+/-0.7)e+06,(1.8+/-0.7)e+06,(1.8+/-0.7)e+06,(1.8+/-0.7)e+06,(1.8+/-0.7)e+06,(1.8+/-0.7)e+06,(1.8+/-0.7)e+06,(1.8+/-0.7)e+06,(1.8+/-0.7)e+06,(1.8+/-0.7)e+06,(1.8+/-0.7)e+06,(1.8+/-0.7)e+06,(1.8+/-0.7)e+06,(1.8+/-0.7)e+06,(1.8+/-0.7)e+06,(1.8+/-0.7)e+06,(1.8+/-0.7)e+06,(1.8+/-0.7)e+06,(1.8+/-0.7)e+06,(1.8+/-0.7)e+06,(1.8+/-0.7)e+06,(1.8+/-0.7)e+06,(1.8+/-0.7)e+06,(1.8+/-0.7)e+06,(1.8+/-0.7)e+06,(1.8+/-0.7)e+06,(1.8+/-0.7)e+06,(1.8+/-0.7)e+06,(1.8+/-0.7)e+06,(1.8+/-0.7)e+06,(1.8+/-0.7)e+06,(1.8+/-0.7)e+06,(1.8+/-0.7)e+06,(1.8+/-0.7)e+06,(1.8+/-0.7)e+06,(1.8+/-0.7)e+06,(1.8+/-0.7)e+06,(1.8+/-0.7)e+06,(1.8+/-0.7)e+06,(1.8+/-0.7)e+06,(1.8+/-0.7)e+06
Bulgaria,474555,1100174,0,0,0,0,(1.5+/-0.6)e+06,(1.5+/-0.6)e+06,(1.5+/-0.6)e+06,(1.5+/-0.6)e+06,(1.5+/-0.6)e+06,(1.5+/-0.6)e+06,(1.5+/-0.6)e+06,(1.5+/-0.6)e+06,(1.5+/-0.6)e+06,(1.5+/-0.6)e+06,(1.5+/-0.6)e+06,(1.5+/-0.6)e+06,(1.5+/-0.6)e+06,(1.5+/-0.6)e+06,(1.5+/-0.6)e+06,(1.5+/-0.6)e+06,(1.5+/-0.6)e+06,(1.5+/-0.6)e+06,(1.5+/-0.6)e+06,(1.5+/-0.6)e+06,(1.5+/-0.6)e+06,(1.5+/-0.6)e+06,(1.5+/-0.6)e+06,(1.5+/-0.6)e+06,(1.5+/-0.6)e+06,(1.5+/-0.6)e+06,(1.5+/-0.6)e+06,(1.5+/-0.6)e+06,(1.5+/-0.6)e+06,(1.5+/-0.6)e+06,(1.5+/-0.6)e+06,(1.5+/-0.6)e+06,(1.5+/-0.6)e+06,(1.5+/-0.6)e+06,(1.5+/-0.6)e+06,(1.5+/-0.6)e+06,(1.5+/-0.6)e+06,(1.5+/-0.6)e+06,(1.5+/-0.6)e+06,(1.5+/-0.6)e+06,(1.5+/-0.6)e+06,(1.5+/-0.6)e+06,(1.5+/-0.6)e+06,(1.5+/-0.6)e+06,(1.5+/-0.6)e+06,(1.5+/-0.6)e+06,(1.5+/-0.6)e+06,(1.5+/-0.6)e+06,(1.5+/-0.6)e+06
Bahrain,108961,277743,0,0,0,0,(6.6+/-2.3)e+03,(6.6+/-2.3)e+03,(6.6+/-2.3)e+03,(6.6+/-2.3)e+03,(6.6+/-2.3)e+03,(6.6+/-2.3)e+03,(6.6+/-2.3)e+03,(6.6+/-2.3)e+03,(6.6+/-2.3)e+03,(6.6+/-2.3)e+03,(6.6+/-2.3)e+03,(6.6+/-2.3)e+03,(6.6+/-2.3)e+03,(6.6+/-2.3)e+03,(6.6+/-2.3)e+03,(6.6+/-2.3)e+03,(6.6+/-2.3)e+03,(6.6+/-2.3)e+03,(6.6+/-2.3)e+03,(6.6+/-2.3)e+03,(6.6+/-2.3)e+03,(6.6+/-2.3)e+03,(6.6+/-2.3)e+03,(6.6+/-2.3)e+03,(6.6+/-2.3)e+03,(6.6+/-2.3)e+03,(6.6+/-2.3)e+03,(6.6+/-2.3)e+03,(6.6+/-2.3)e+03,(6.6+/-2.3)e+03,(6.6+/-2.3)e+03,(6.6+/-2.3)e+03,(6.6+/-2.3)e+03,(6.6+/-2.3)e+03,(6.6+/-2.3)e+03,(6.6+/-2.3)e+03,(6.6+/-2.3)e+03,(6.6+/-2.3)e+03,(6.6+/-2.3)e+03,(6.6+/-2.3)e+03,(6.6+/-2.3)e+03,(6.6+/-2.3)e+03,(6.6+/-2.3)e+03,(6.6+/-2.3)e+03,(6.6+/-2.3)e+03,(6.6+/-2.3)e+03,(6.6+/-2.3)e+03,(6.6+/-2.3)e+03,(6.6+/-2.3)e+03
Bahamas,29987,88071,0,0,0,0,(6.6+/-2.3)e+03,(6.6+/-2.3)e+03,(6.6+/-2.3)e+03,(6.6+/-2.3)e+03,(6.6+/-2.3)e+03,(6.6+/-2.3)e+03,(6.6+/-2.3)e+03,(6.6+/-2.3)e+03,(6.6+/-2.3)e+03,(6.6+/-2.3)e+03,(6.6+/-2.3)e+03,(6.6+/-2.3)e+03,(6.6+/-2.3)e+03,(6.6+/-2.3)e+03,(6.6+/-2.3)e+03,(6.6+/-2.3)e+03,(6.6+/-2.3)e+03,(6.6+/-2.3)e+03,(6.6+/-2.3)e+03,(6.6+/-2.3)e+03,(6.6+/-2.3)e+03,(6.6+/-2.3)e+03,(6.6+/-2.3)e+03,(6.6+/-2.3)e+03,(6.6+/-2.3)e+03,(6.6+/-2.3)e+03,(6.6+/-2.3)e+03,(6.6+/-2.3)e+03,(6.6+/-2.3)e+03,(6.6+/-2.3)e+03,(6.6+/-2.3)e+03,(6.6+/-2.3)e+03,(6.6+/-2.3)e+03,(6.6+/-2.3)e+03,(6.6+/-2.3)e+03,(6.6+/-2.3)e+03,(6.6+/-2.3)e+03,(6.6+/-2.3)e+03,(6.6+/-2.3)e+03,(6.6+/-2.3)e+03,(6.6+/-2.3)e+03,(6.6+/-2.3)e+03,(6.6+/-2.3)e+03,(6.6+/-2.3)e+03,(6.6+/-2.3)e+03,(6.6+/-2.3)e+03,(6.6+/-2.3)e+03,(6.6+/-2.3)e+03,(6.6+/-2.3)e+03
Bosnia and Herzegovina,196136,457929,0,0,0,0,(6.7+/-2.5)e+05,(6.7+/-2.5)e+05,(6.7+/-2.5)e+05,(6.7+/-2.5)e+05,(6.7+/-2.5)e+05,(6.7+/-2.5)e+05,(6.7+/-2.5)e+05,(6.7+/-2.5)e+05,(6.7+/-2.5)e+05,(6.7+/-2.5)e+05,(6.7+/-2.5)e+05,(6.7+/-2.5)e+05,(6.7+/-2.5)e+05,(6.7+/-2.5)e+05,(6.7+/-2.5)e+05,(6.7+/-2.5)e+05,(6.7+/-2.5)e+05,(6.7+/-2.5)e+05,(6.7+/-2.5)e+05,(6.7+/-2.5)e+05,(6.7+/-2.5)e+05,(6.7+/-2.5)e+05,(6.7+/-2.5)e+05,(6.7+/-2.5)e+05,(6.7+/-2.5)e+05,(6.7+/-2.5)e+05,(6.7+/-2.5)e+05,(6.7+/-2.5)e+05,(6.7+/-2.5)e+05,(6.7+/-2.5)e+05,(6.7+/-2.5)e+05,(6.7+/-2.5)e+05,(6.7+/-2.5)e+05,(6.7+/-2.5)e+05,(6.7+/-2.5)e+05,(6.7+/-2.5)e+05,(6.7+/-2.5)e+05,(6.7+/-2.5)e+05,(6.7+/-2.5)e+05,(6.7+/-2.5)e+05,(6.7+/-2.5)e+05,(6.7+/-2.5)e+05,(6.7+/-2.5)e+05,(6.7+/-2.5)e+05,(6.7+/-2.5)e+05,(6.7+/-2.5)e+05,(6.7+/-2.5)e+05,(6.7+/-2.5)e+05,(6.7+/-2.5)e+05
Belarus,737743,1454255,0,0,0,0,(6.6+/-2.3)e+03,(6.6+/-2.3)e+03,(6.6+/-2.3)e+03,(6.6+/-2.3)e+03,(6.6+/-2.3)e+03,(6.6+/-2.3)e+03,(6.6+/-2.3)e+03,(6.6+/-2.3)e+03,(6.6+/-2.3)e+03,(6.6+/-2.3)e+03,(6.6+/-2.3)e+03,(6.6+/-2.3)e+03,(6.6+/-2.3)e+03,(6.6+/-2.3)e+03,(6.6+/-2.3)e+03,(6.6+/-2.3)e+03,(6.6+/-2.3)e+03,(6.6+/-2.3)e+03,(6.6+/-2.3)e+03,(6.6+/-2.3)e+03,(6.6+/-2.3)e+03,(6.6+/-2.3)e+03,(6.6+/-2.3)e+03,(6.6+/-2.3)e+03,(6.6+/-2.3)e+03,(6.6+/-2.3)e+03,(6.6+/-2.3)e+03,(6.6+/-2.3)e+03,(6.6+/-2.3)e+03,(6.6+/-2.3)e+03,(6.6+/-2.3)e+03,(6.6+/-2.3)e+03,(6.6+/-2.3)e+03,(6.6+/-2.3)e+03,(6.6+/-2.3)e+03,(6.6+/-2.3)e+03,(6.6+/-2.3)e+03,(6.6+/-2.3)e+03,(6.6+/-2.3)e+03,(6.6+/-2.3)e+03,(6.6+/-2.3)e+03,(6.6+/-2.3)e+03,(6.6+/-2.3)e+03,(6.6+/-2.3)e+03,(6.6+/-2.3)e+03,(6.6+/-2.3)e+03,(6.6+/-2.3)e+03,(6.6+/-2.3)e+03,(6.6+/-2.3)e+03
Belize,27428,79161,0,0,0,0,(6.6+/-2.3)e+03,(6.6+/-2.3)e+03,(6.6+/-2.3)e+03,(6.6+/-2.3)e+03,(6.6+/-2.3)e+03,(6.6+/-2.3)e+03,(6.6+/-2.3)e+03,(6.6+/-2.3)e+03,(6.6+/-2.3)e+03,(6.6+/-2.3)e+03,(6.6+/-2.3)e+03,(6.6+/-2.3)e+03,(6.6+/-2.3)e+03,(6.6+/-2.3)e+03,(6.6+/-2.3)e+03,(6.6+/-2.3)e+03,(6.6+/-2.3)e+03,(6.6+/-2.3)e+03,(6.6+/-2.3)e+03,(6.6+/-2.3)e+03,(6.6+/-2.3)e+03,(6.6+/-2.3)e+03,(6.6+/-2.3)e+03,(6.6+/-2.3)e+03,(6.6+/-2.3)e+03,(6.6+/-2.3)e+03,(6.6+/-2.3)e+03,(6.6+/-2.3)e+03,(6.6+/-2.3)e+03,(6.6+/-2.3)e+03,(6.6+/-2.3)e+03,(6.6+/-2.3)e+03,(6.6+/-2.3)e+03,(6.6+/-2.3)e+03,(6.6+/-2.3)e+03,(6.6+/-2.3)e+03,(6.6+/-2.3)e+03,(6.6+/-2.3)e+03,(6.6+/-2.3)e+03,(6.6+/-2.3)e+03,(6.6+/-2.3)e+03,(6.6+/-2.3)e+03,(6.6+/-2.3)e+03,(6.6+/-2.3)e+03,(6.6+/-2.3)e+03,(6.6+/-2.3)e+03,(6.6+/-2.3)e+03,(6.6+/-2.3)e+03,(6.6+/-2.3)e+03
Bermuda,7369,18185,0,0,0,0,(6.6+/-2.3)e+03,(6.6+/-2.3)e+03,(6.6+/-2.3)e+03,(6.6+/-2.3)e+03,(6.6+/-2.3)e+03,(6.6+/-2.3)e+03,(6.6+/-2.3)e+03,(6.6+/-2.3)e+03,(6.6+/-2.3)e+03,(6.6+/-2.3)e+03,(6.6+/-2.3)e+03,(6.6+/-2.3)e+03,(6.6+/-2.3)e+03,(6.6+/-2.3)e+03,(6.6+/-2.3)e+03,(6.6+/-2.3)e+03,(6.6+/-2.3)e+03,(6.6+/-2.3)e+03,(6.6+/-2.3)e+03,(6.6+/-2.3)e+03,(6.6+/-2.3)e+03,(6.6+/-2.3)e+03,(6.6+/-2.3)e+03,(6.6+/-2.3)e+03,(6.6+/-2.3)e+03,(6.6+/-2.3)e+03,(6.6+/-2.3)e+03,(6.6+/-2.3)e+03,(6.6+/-2.3)e+03,(6.6+/-2.3)e+03,(6.6+/-2.3)e+03,(6.6+/-2.3)e+03,(6.6+/-2.3)e+03,(6.6+/-2.3)e+03,(6.6+/-2.3)e+03,(6.6+/-2.3)e+03,(6.6+/-2.3)e+03,(6.6+/-2.3)e+03,(6.6+/-2.3)e+03,(6.6+/-2.3)e+03,(6.6+/-2.3)e+03,(6.6+/-2.3)e+03,(6.6+/-2.3)e+03,(6.6+/-2.3)e+03,(6.6+/-2.3)e+03,(6.6+/-2.3)e+03,(6.6+/-2.3)e+03,(6.6+/-2.3)e+03,(6.6+/-2.3)e+03
Bolivia,1144170,2932001,0,0,0,0,(6.6+/-2.3)e+03,(6.6+/-2.3)e+03,(6.6+/-2.3)e+03,(6.6+/-2.3)e+03,(6.6+/-2.3)e+03,(6.6+/-2.3)e+03,(6.6+/-2.3)e+03,(6.6+/-2.3)e+03,(6.6+/-2.3)e+03,(6.6+/-2.3)e+03,(6.6+/-2.3)e+03,(6.6+/-2.3)e+03,(6.6+/-2.3)e+03,(6.6+/-2.3)e+03,(6.6+/-2.3)e+03,(6.6+/-2.3)e+03,(6.6+/-2.3)e+03,(6.6+/-2.3)e+03,(6.6+/-2.3)e+03,(6.6+/-2.3)e+03,(6.6+/-2.3)e+03,(6.6+/-2.3)e+03,(6.6+/-2.3)e+03,(6.6+/-2.3)e+03,(6.6+/-2.3)e+03,(6.6+/-2.3)e+03,(6.6+/-2.3)e+03,(6.6+/-2.3)e+03,(6.6+/-2.3)e+03,(6.6+/-2.3)e+03,(6.6+/-2.3)e+03,(6.6+/-2.3)e+03,(6.6+/-2.3)e+03,(6.6+/-2.3)e+03,(6.6+/-2.3)e+03,(6.6+/-2.3)e+03,(6.6+/-2.3)e+03,(6.6+/-2.3)e+03,(6.6+/-2.3)e+03,(6.6+/-2.3)e+03,(6.6+/-2.3)e+03,(6.6+/-2.3)e+03,(6.6+/-2.3)e+03,(6.6+/-2.3)e+03,(6.6+/-2.3)e+03,(6.6+/-2.3)e+03,(6.6+/-2.3)e+03,(6.6+/-2.3)e+03,(6.6+/-2.3)e+03
Brazil,14664402,41877575,0,0,0,0,(1.0+/-0.4)e+06,(1.0+/-0.4)e+06,(1.0+/-0.4)e+06,(1.0+/-0.4)e+06,(1.0+/-0.4)e+06,(1.0+/-0.4)e+06,(1.0+/-0.4)e+06,(1.0+/-0.4)e+06,(1.0+/-0.4)e+06,(1.0+/-0.4)e+06,(1.0+/-0.4)e+06,(1.0+/-0.4)e+06,(1.0+/-0.4)e+06,(1.0+/-0.4)e+06,(1.0+/-0.4)e+06,(1.0+/-0.4)e+06,(1.0+/-0.4)e+06,(1.0+/-0.4)e+06,(1.0+/-0.4)e+06,(1.0+/-0.4)e+06,(1.0+/-0.4)e+06,(1.0+/-0.4)e+06,(1.0+/-0.4)e+06,(1.0+/-0.4)e+06,(1.0+/-0.4)e+06,(1.0+/-0.4)e+06,(1.0+/-0.4)e+06,(1.0+/-0.4)e+06,(1.0+/-0.4)e+06,(1.0+/-0.4)e+06,(1.0+/-0.4)e+06,(1.0+/-0.4)e+06,(1.0+/-0.4)e+06,(1.0+/-0.4)e+06,(1.0+/-0.4)e+06,(1.0+/-0.4)e+06,(1.0+/-0.4)e+06,(1.0+/-0.4)e+06,(1.0+/-0.4)e+06,(1.0+/-0.4)e+06,(1.0+/-0.4)e+06,(1.0+/-0.4)e+06,(1.0+/-0.4)e+06,(1.0+/-0.4)e+06,(1.0+/-0.4)e+06,(1.0+/-0.4)e+06,(1.0+/-0.4)e+06,(1.0+/-0.4)e+06,(1.0+/-0.4)e+06
Barbados,17487,50402,0,0,0,0,(6.6+/-2.3)e+03,(6.6+/-2.3)e+03,(6.6+/-2.3)e+03,(6.6+/-2.3)e+03,(6.6+/-2.3)e+03,(6.6+/-2.3)e+03,(6.6+/-2.3)e+03,(6.6+/-2.3)e+03,(6.6+/-2.3)e+03,(6.6+/-2.3)e+03,(6.6+/-2.3)e+03,(6.6+/-2.3)e+03,(6.6+/-2.3)e+03,(6.6+/-2.3)e+03,(6.6+/-2.3)e+03,(6.6+/-2.3)e+03,(6.6+/-2.3)e+03,(6.6+/-2.3)e+03,(6.6+/-2.3)e+03,(6.6+/-2.3)e+03,(6.6+/-2.3)e+03,(6.6+/-2.3)e+03,(6.6+/-2.3)e+03,(6.6+/-2.3)e+03,(6.6+/-2.3)e+03,(6.6+/-2.3)e+03,(6.6+/-2.3)e+03,(6.6+/-2.3)e+03,(6.6+/-2.3)e+03,(6.6+/-2.3)e+03,(6.6+/-2.3)e+03,(6.6+/-2.3)e+03,(6.6+/-2.3)e+03,(6.6+/-2.3)e+03,(6.6+/-2.3)e+03,(6.6+/-2.3)e+03,(6.6+/-2.3)e+03,(6.6+/-2.3)e+03,(6.6+/-2.3)e+03,(6.6+/-2.3)e+03,(6.6+/-2.3)e+03,(6.6+/-2.3)e+03,(6.6+/-2.3)e+03,(6.6+/-2.3)e+03,(6.6+/-2.3)e+03,(6.6+/-2.3)e+03,(6.6+/-2.3)e+03,(6.6+/-2.3)e+03,(6.6+/-2.3)e+03
Brunei Darussalam,34110,83793,0,0,0,0,(8.0+/-3.0)e+04,(8.0+/-3.0)e+04,(8.0+/-3.0)e+04,(8.0+/-3.0)e+04,(8.0+/-3.0)e+04,(8.0+/-3.0)e+04,(8.0+/-3.0)e+04,(8.0+/-3.0)e+04,(8.0+/-3.0)e+04,(8.0+/-3.0)e+04,(8.0+/-3.0)e+04,(8.0+/-3.0)e+04,(8.0+/-3.0)e+04,(8.0+/-3.0)e+04,(8.0+/-3.0)e+04,(8.0+/-3.0)e+04,(8.0+/-3.0)e+04,(8.0+/-3.0)e+04,(8.0+/-3.0)e+04,(8.0+/-3.0)e+04,(8.0+/-3.0)e+04,(8.0+/-3.0)e+04,(8.0+/-3.0)e+04,(8.0+/-3.0)e+04,(8.0+/-3.0)e+04,(8.0+/-3.0)e+04,(8.0+/-3.0)e+04,(8.0+/-3.0)e+04,(8.0+/-3.0)e+04,(8.0+/-3.0)e+04,(8.0+/-3.0)e+04,(8.0+/-3.0)e+04,(8.0+/-3.0)e+04,(8.0+/-3.0)e+04,(8.0+/-3.0)e+04,(8.0+/-3.0)e+04,(8.0+/-3.0)e+04,(8.0+/-3.0)e+04,(8.0+/-3.0)e+04,(8.0+/-3.0)e+04,(8.0+/-3.0)e+04,(8.0+/-3.0)e+04,(8.0+/-3.0)e+04,(8.0+/-3.0)e+04,(8.0+/-3.0)e+04,(8.0+/-3.0)e+04,(8.0+/-3.0)e+04,(8.0+/-3.0)e+04,(8.0+/-3.0)e+04
Bhutan,77633,119166,0,0,0,0,(6.6+/-2.3)e+03,(6.6+/-2.3)e+03,(6.6+/-2.3)e+03,(6.6+/-2.3)e+03,(6.6+/-2.3)e+03,(6.6+/-2.3)e+03,(6.6+/-2.3)e+03,(6.6+/-2.3)e+03,(6.6+/-2.3)e+03,(6.6+/-2.3)e+03,(6.6+/-2.3)e+03,(6.6+/-2.3)e+03,(6.6+/-2.3)e+03,(6.6+/-2.3)e+03,(6.6+/-2.3)e+03,(6.6+/-2.3)e+03,(6.6+/-2.3)e+03,(6.6+/-2.3)e+03,(6.6+/-2.3)e+03,(6.6+/-2.3)e+03,(6.6+/-2.3)e+03,(6.6+/-2.3)e+03,(6.6+/-2.3)e+03,(6.6+/-2.3)e+03,(6.6+/-2.3)e+03,(6.6+/-2.3)e+03,(6.6+/-2.3)e+03,(6.6+/-2.3)e+03,(6.6+/-2.3)e+03,(6.6+/-2.3)e+03,(6.6+/-2.3)e+03,(6.6+/-2.3)e+03,(6.6+/-2.3)e+03,(6.6+/-2.3)e+03,(6.6+/-2.3)e+03,(6.6+/-2.3)e+03,(6.6+/-2.3)e+03,(6.6+/-2.3)e+03,(6.6+/-2.3)e+03,(6.6+/-2.3)e+03,(6.6+/-2.3)e+03,(6.6+/-2.3)e+03,(6.6+/-2.3)e+03,(6.6+/-2.3)e+03,(6.6+/-2.3)e+03,(6.6+/-2.3)e+03,(6.6+/-2.3)e+03,(6.6+/-2.3)e+03,(6.6+/-2.3)e+03
Botswana,134847,380492,0,0,0,0,(2.5+/-0.9)e+05,(2.5+/-0.9)e+05,(2.5+/-0.9)e+05,(2.5+/-0.9)e+05,(2.5+/-0.9)e+05,(2.5+/-0.9)e+05,(2.5+/-0.9)e+05,(2.5+/-0.9)e+05,(2.5+/-0.9)e+05,(2.5+/-0.9)e+05,(2.5+/-0.9)e+05,(2.5+/-0.9)e+05,(2.5+/-0.9)e+05,(2.5+/-0.9)e+05,(2.5+/-0.9)e+05,(2.5+/-0.9)e+05,(2.5+/-0.9)e+05,(2.5+/-0.9)e+05,(2.5+/-0.9)e+05,(2.5+/-0.9)e+05,(2.5+/-0.9)e+05,(2.5+/-0.9)e+05,(2.5+/-0.9)e+05,(2.5+/-0.9)e+05,(2.5+/-0.9)e+05,(2.5+/-0.9)e+05,(2.5+/-0.9)e+05,(2.5+/-0.9)e+05,(2.5+/-0.9)e+05,(2.5+/-0.9)e+05,(2.5+/-0.9)e+05,(2.5+/-0.9)e+05,(2.5+/-0.9)e+05,(2.5+/-0.9)e+05,(2.5+/-0.9)e+05,(2.5+/-0.9)e+05,(2.5+/-0.9)e+05,(2.5+/-0.9)e+05,(2.5+/-0.9)e+05,(2.5+/-0.9)e+05,(2.5+/-0.9)e+05,(2.5+/-0.9)e+05,(2.5+/-0.9)e+05,(2.5+/-0.9)e+05,(2.5+/-0.9)e+05,(2.5+/-0.9)e+05,(2.5+/-0.9)e+05,(2.5+/-0.9)e+05,(2.5+/-0.9)e+05
Central African Republic,245041,806929,0,0,0,0,(6.6+/-2.3)e+03,(6.6+/-2.3)e+03,(6.6+/-2.3)e+03,(6.6+/-2.3)e+03,(6.6+/-2.3)e+03,(6.6+/-2.3)e+03,(6.6+/-2.3)e+03,(6.6+/-2.3)e+03,(6.6+/-2.3)e+03,(6.6+/-2.3)e+03,(6.6+/-2.3)e+03,(6.6+/-2.3)e+03,(6.6+/-2.3)e+03,(6.6+/-2.3)e+03,(6.6+/-2.3)e+03,(6.6+/-2.3)e+03,(6.6+/-2.3)e+03,(6.6+/-2.3)e+03,(6.6+/-2.3)e+03,(6.6+/-2.3)e+03,(6.6+/-2.3)e+03,(6.6+/-2.3)e+03,(6.6+/-2.3)e+03,(6.6+/-2.3)e+03,(6.6+/-2.3)e+03,(6.6+/-2.3)e+03,(6.6+/-2.3)e+03,(6.6+/-2.3)e+03,(6.6+/-2.3)e+03,(6.6+/-2.3)e+03,(6.6+/-2.3)e+03,(6.6+/-2.3)e+03,(6.6+/-2.3)e+03,(6.6+/-2.3)e+03,(6.6+/-2.3)e+03,(6.6+/-2.3)e+03,(6.6+/-2.3)e+03,(6.6+/-2.3)e+03,(6.6+/-2.3)e+03,(6.6+/-2.3)e+03,(6.6+/-2.3)e+03,(6.6+/-2.3)e+03,(6.6+/-2.3)e+03,(6.6+/-2.3)e+03,(6.6+/-2.3)e+03,(6.6+/-2.3)e+03,(6.6+/-2.3)e+03,(6.6+/-2.3)e+03,(6.6+/-2.3)e+03
Canada,3141367,6925621,0,0,0,0,(1.0+/-0.4)e+06,(1.0+/-0.4)e+06,(1.0+/-0.4)e+06,(1.0+/-0.4)e+06,(1.0+/-0.4)e+06,(1.0+/-0.4)e+06,(1.0+/-0.4)e+06,(1.0+/-0.4)e+06,(1.0+/-0.4)e+06,(1.0+/-0.4)e+06,(1.0+/-0.4)e+06,(1.0+/-0.4)e+06,(1.0+/-0.4)e+06,(1.0+/-0.4)e+06,(1.0+/-0.4)e+06,(1.0+/-0.4)e+06,(1.0+/-0.4)e+06,(1.0+/-0.4)e+06,(1.0+/-0.4)e+06,(1.0+/-0.4)e+06,(1.0+/-0.4)e+06,(1.0+/-0.4)e+06,(1.0+/-0.4)e+06,(1.0+/-0.4)e+06,(1.0+/-0.4)e+06,(1.0+/-0.4)e+06,(1.0+/-0.4)e+06,(1.0+/-0.4)e+06,(1.0+/-0.4)e+06,(1.0+/-0.4)e+06,(1.0+/-0.4)e+06,(1.0+/-0.4)e+06,(1.0+/-0.4)e+06,(1.0+/-0.4)e+06,(1.0+/-0.4)e+06,(1.0+/-0.4)e+06,(1.0+/-0.4)e+06,(1.0+/-0.4)e+06,(1.0+/-0.4)e+06,(1.0+/-0.4)e+06,(1.0+/-0.4)e+06,(1.0+/-0.4)e+06,(1.0+/-0.4)e+06,(1.0+/-0.4)e+06,(1.0+/-0.4)e+06,(1.0+/-0.4)e+06,(1.0+/-0.4)e+06,(1.0+/-0.4)e+06,(1.0+/-0.4)e+06
Switzerland,742393,1527430,0,0,0,0,(6.6+/-2.3)e+03,(6.6+/-2.3)e+03,(6.6+/-2.3)e+03,(6.6+/-2.3)e+03,(6.6+/-2.3)e+03,(6.6+/-2.3)e+03,(6.6+/-2.3)e+03,(6.6+/-2.3)e+03,(6.6+/-2.3)e+03,(6.6+/-2.3)e+03,(6.6+/-2.3)e+03,(6.6+/-2.3)e+03,(6.6+/-2.3)e+03,(6.6+/-2.3)e+03,(6.6+/-2.3)e+03,(6.6+/-2.3)e+03,(6.6+/-2.3)e+03,(6.6+/-2.3)e+03,(6.6+/-2.3)e+03,(6.6+/-2.3)e+03,(6.6+/-2.3)e+03,(6.6+/-2.3)e+03,(6.6+/-2.3)e+03,(6.6+/-2.3)e+03,(6.6+/-2.3)e+03,(6.6+/-2.3)e+03,(6.6+/-2.3)e+03,(6.6+/-2.3)e+03,(6.6+/-2.3)e+03,(6.6+/-2.3)e+03,(6.6+/-2.3)e+03,(6.6+/-2.3)e+03,(6.6+/-2.3)e+03,(6.6+/-2.3)e+03,(6.6+/-2.3)e+03,(6.6+/-2.3)e+03,(6.6+/-2.3)e+03,(6.6+/-2.3)e+03,(6.6+/-2.3)e+03,(6.6+/-2.3)e+03,(6.6+/-2.3)e+03,(6.6+/-2.3)e+03,(6.6+/-2.3)e+03,(6.6+/-2.3)e+03,(6.6+/-2.3)e+03,(6.6+/-2.3)e+03,(6.6+/-2.3)e+03,(6.6+/-2.3)e+03,(6.6+/-2.3)e+03
Chile,1401657,3662692,0,0,0,0,(1.3+/-0.5)e+06,(1.3+/-0.5)e+06,(1.3+/-0.5)e+06,(1.3+/-0.5)e+06,(1.3+/-0.5)e+06,(1.3+/-0.5)e+06,(1.3+/-0.5)e+06,(1.3+/-0.5)e+06,(1.3+/-0.5)e+06,(1.3+/-0.5)e+06,(1.3+/-0.5)e+06,(1.3+/-0.5)e+06,(1.3+/-0.5)e+06,(1.3+/-0.5)e+06,(1.3+/-0.5)e+06,(1.3+/-0.5)e+06,(1.3+/-0.5)e+06,(1.3+/-0.5)e+06,(1.3+/-0.5)e+06,(1.3+/-0.5)e+06,(1.3+/-0.5)e+06,(1.3+/-0.5)e+06,(1.3+/-0.5)e+06,(1.3+/-0.5)e+06,(1.3+/-0.5)e+06,(1.3+/-0.5)e+06,(1.3+/-0.5)e+06,(1.3+/-0.5)e+06,(1.3+/-0.5)e+06,(1.3+/-0.5)e+06,(1.3+/-0.5)e+06,(1.3+/-0.5)e+06,(1.3+/-0.5)e+06,(1.3+/-0.5)e+06,(1.3+/-0.5)e+06,(1.3+/-0.5)e+06,(1.3+/-0.5)e+06,(1.3+/-0.5)e+06,(1.3+/-0.5)e+06,(1.3+/-0.5)e+06,(1.3+/-0.5)e+06,(1.3+/-0.5)e+06,(1.3+/-0.5)e+06,(1.3+/-0.5)e+06,(1.3+/-0.5)e+06,(1.3+/-0.5)e+06,(1.3+/-0.5)e+06,(1.3+/-0.5)e+06,(1.3+/-0.5)e+06
China,118172208,283882634,0,0,0,0,(4.0+/-1.5)e+08,(4.0+/-1.5)e+08,(4.0+/-1.5)e+08,(4.0+/-1.5)e+08,(4.0+/-1.5)e+08,(4.0+/-1.5)e+08,(4.0+/-1.5)e+08,(4.0+/-1.5)e+08,(4.0+/-1.5)e+08,(4.0+/-1.5)e+08,(4.0+/-1.5)e+08,(4.0+/-1.5)e+08,(4.0+/-1.5)e+08,(4.0+/-1.5)e+08,(4.0+/-1.5)e+08,(4.0+/-1.5)e+08,(4.0+/-1.5)e+08,(4.0+/-1.5)e+08,(4.0+/-1.5)e+08,(4.0+/-1.5)e+08,(4.0+/-1.5)e+08,(4.0+/-1.5)e+08,(4.0+/-1.5)e+08,(4.0+/-1.5)e+08,(4.0+/-1.5)e+08,(4.0+/-1.5)e+08,(4.0+/-1.5)e+08,(4.0+/-1.5)e+08,(4.0+/-1.5)e+08,(4.0+/-1.5)e+08,(4.0+/-1.5)e+08,(4.0+/-1.5)e+08,(4.0+/-1.5)e+08,(4.0+/-1.5)e+08,(4.0+/-1.5)e+08,(4.0+/-1.5)e+08,(4.0+/-1.5)e+08,(4.0+/-1.5)e+08,(4.0+/-1.5)e+08,(4.0+/-1.5)e+08,(4.0+/-1.5)e+08,(4.0+/-1.5)e+08,(4.0+/-1.5)e+08,(4.0+/-1.5)e+08,(4.0+/-1.5)e+08,(4.0+/-1.5)e+08,(4.0+/-1.5)e+08,(4.0+/-1.5)e+08,(4.0+/-1.5)e+08
Cote d'Ivoire,2365948,5430101,0,0,0,0,(6.6+/-2.3)e+03,(6.6+/-2.3)e+03,(6.6+/-2.3)e+03,(6.6+/-2.3)e+03,(6.6+/-2.3)e+03,(6.6+/-2.3)e+03,(6.6+/-2.3)e+03,(6.6+/-2.3)e+03,(6.6+/-2.3)e+03,(6.6+/-2.3)e+03,(6.6+/-2.3)e+03,(6.6+/-2.3)e+03,(6.6+/-2.3)e+03,(6.6+/-2.3)e+03,(6.6+/-2.3)e+03,(6.6+/-2.3)e+03,(6.6+/-2.3)e+03,(6.6+/-2.3)e+03,(6.6+/-2.3)e+03,(6.6+/-2.3)e+03,(6.6+/-2.3)e+03,(6.6+/-2.3)e+03,(6.6+/-2.3)e+03,(6.6+/-2.3)e+03,(6.6+/-2.3)e+03,(6.6+/-2.3)e+03,(6.6+/-2.3)e+03,(6.6+/-2.3)e+03,(6.6+/-2.3)e+03,(6.6+/-2.3)e+03,(6.6+/-2.3)e+03,(6.6+/-2.3)e+03,(6.6+/-2.3)e+03,(6.6+/-2.3)e+03,(6.6+/-2.3)e+03,(6.6+/-2.3)e+03,(6.6+/-2.3)e+03,(6.6+/-2.3)e+03,(6.6+/-2.3)e+03,(6.6+/-2.3)e+03,(6.6+/-2.3)e+03,(6.6+/-2.3)e+03,(6.6+/-2.3)e+03,(6.6+/-2.3)e+03,(6.6+/-2.3)e+03,(6.6+/-2.3)e+03,(6.6+/-2.3)e+03,(6.6+/-2.3)e+03,(6.6+/-2.3)e+03
Cameroon,646375,1664250,0,0,0,0,(6.6+/-2.3)e+03,(6.6+/-2.3)e+03,(6.6+/-2.3)e+03,(6.6+/-2.3)e+03,(6.6+/-2.3)e+03,(6.6+/-2.3)e+03,(6.6+/-2.3)e+03,(6.6+/-2.3)e+03,(6.6+/-2.3)e+03,(6.6+/-2.3)e+03,(6.6+/-2.3)e+03,(6.6+/-2.3)e+03,(6.6+/-2.3)e+03,(6.6+/-2.3)e+03,(6.6+/-2.3)e+03,(6.6+/-2.3)e+03,(6.6+/-2.3)e+03,(6.6+/-2.3)e+03,(6.6+/-2.3)e+03,(6.6+/-2.3)e+03,(6.6+/-2.3)e+03,(6.6+/-2.3)e+03,(6.6+/-2.3)e+03,(6.6+/-2.3)e+03,(6.6+/-2.3)e+03,(6.6+/-2.3)e+03,(6.6+/-2.3)e+03,(6.6+/-2.3)e+03,(6.6+/-2.3)e+03,(6.6+/-2.3)e+03,(6.6+/-2.3)e+03,(6.6+/-2.3)e+03,(6.6+/-2.3)e+03,(6.6+/-2.3)e+03,(6.6+/-2.3)e+03,(6.6+/-2.3)e+03,(6.6+/-2.3)e+03,(6.6+/-2.3)e+03,(6.6+/-2.3)e+03,(6.6+/-2.3)e+03,(6.6+/-2.3)e+03,(6.6+/-2.3)e+03,(6.6+/-2.3)e+03,(6.6+/-2.3)e+03,(6.6+/-2.3)e+03,(6.6+/-2.3)e+03,(6.6+/-2.3)e+03,(6.6+/-2.3)e+03,(6.6+/-2.3)e+03
DR Congo,6210203,9446038,0,0,0,0,(6.6+/-2.3)e+03,(6.6+/-2.3)e+03,(6.6+/-2.3)e+03,(6.6+/-2.3)e+03,(6.6+/-2.3)e+03,(6.6+/-2.3)e+03,(6.6+/-2.3)e+03,(6.6+/-2.3)e+03,(6.6+/-2.3)e+03,(6.6+/-2.3)e+03,(6.6+/-2.3)e+03,(6.6+/-2.3)e+03,(6.6+/-2.3)e+03,(6.6+/-2.3)e+03,(6.6+/-2.3)e+03,(6.6+/-2.3)e+03,(6.6+/-2.3)e+03,(6.6+/-2.3)e+03,(6.6+/-2.3)e+03,(6.6+/-2.3)e+03,(6.6+/-2.3)e+03,(6.6+/-2.3)e+03,(6.6+/-2.3)e+03,(6.6+/-2.3)e+03,(6.6+/-2.3)e+03,(6.6+/-2.3)e+03,(6.6+/-2.3)e+03,(6.6+/-2.3)e+03,(6.6+/-2.3)e+03,(6.6+/-2.3)e+03,(6.6+/-2.3)e+03,(6.6+/-2.3)e+03,(6.6+/-2.3)e+03,(6.6+/-2.3)e+03,(6.6+/-2.3)e+03,(6.6+/-2.3)e+03,(6.6+/-2.3)e+03,(6.6+/-2.3)e+03,(6.6+/-2.3)e+03,(6.6+/-2.3)e+03,(6.6+/-2.3)e+03,(6.6+/-2.3)e+03,(6.6+/-2.3)e+03,(6.6+/-2.3)e+03,(6.6+/-2.3)e+03,(6.6+/-2.3)e+03,(6.6+/-2.3)e+03,(6.6+/-2.3)e+03,(6.6+/-2.3)e+03
Congo Republic,149073,383827,0,0,0,0,(6.6+/-2.3)e+03,(6.6+/-2.3)e+03,(6.6+/-2.3)e+03,(6.6+/-2.3)e+03,(6.6+/-2.3)e+03,(6.6+/-2.3)e+03,(6.6+/-2.3)e+03,(6.6+/-2.3)e+03,(6.6+/-2.3)e+03,(6.6+/-2.3)e+03,(6.6+/-2.3)e+03,(6.6+/-2.3)e+03,(6.6+/-2.3)e+03,(6.6+/-2.3)e+03,(6.6+/-2.3)e+03,(6.6+/-2.3)e+03,(6.6+/-2.3)e+03,(6.6+/-2.3)e+03,(6.6+/-2.3)e+03,(6.6+/-2.3)e+03,(6.6+/-2.3)e+03,(6.6+/-2.3)e+03,(6.6+/-2.3)e+03,(6.6+/-2.3)e+03,(6.6+/-2.3)e+03,(6.6+/-2.3)e+03,(6.6+/-2.3)e+03,(6.6+/-2.3)e+03,(6.6+/-2.3)e+03,(6.6+/-2.3)e+03,(6.6+/-2.3)e+03,(6.6+/-2.3)e+03,(6.6+/-2.3)e+03,(6.6+/-2.3)e+03,(6.6+/-2.3)e+03,(6.6+/-2.3)e+03,(6.6+/-2.3)e+03,(6.6+/-2.3)e+03,(6.6+/-2.3)e+03,(6.6+/-2.3)e+03,(6.6+/-2.3)e+03,(6.6+/-2.3)e+03,(6.6+/-2.3)e+03,(6.6+/-2.3)e+03,(6.6+/-2.3)e+03,(6.6+/-2.3)e+03,(6.6+/-2.3)e+03,(6.6+/-2.3)e+03,(6.6+/-2.3)e+03
Colombia,3394685,9721375,0,0,0,0,(5.6+/-2.1)e+05,(5.6+/-2.1)e+05,(5.6+/-2.1)e+05,(5.6+/-2.1)e+05,(5.6+/-2.1)e+05,(5.6+/-2.1)e+05,(5.6+/-2.1)e+05,(5.6+/-2.1)e+05,(5.6+/-2.1)e+05,(5.6+/-2.1)e+05,(5.6+/-2.1)e+05,(5.6+/-2.1)e+05,(5.6+/-2.1)e+05,(5.6+/-2.1)e+05,(5.6+/-2.1)e+05,(5.6+/-2.1)e+05,(5.6+/-2.1)e+05,(5.6+/-2.1)e+05,(5.6+/-2.1)e+05,(5.6+/-2.1)e+05,(5.6+/-2.1)e+05,(5.6+/-2.1)e+05,(5.6+/-2.1)e+05,(5.6+/-2.1)e+05,(5.6+/-2.1)e+05,(5.6+/-2.1)e+05,(5.6+/-2.1)e+05,(5.6+/-2.1)e+05,(5.6+/-2.1)e+05,(5.6+/-2.1)e+05,(5.6+/-2.1)e+05,(5.6+/-2.1)e+05,(5.6+/-2.1)e+05,(5.6+/-2.1)e+05,(5.6+/-2.1)e+05,(5.6+/-2.1)e+05,(5.6+/-2.1)e+05,(5.6+/-2.1)e+05,(5.6+/-2.1)e+05,(5.6+/-2.1)e+05,(5.6+/-2.1)e+05,(5.6+/-2.1)e+05,(5.6+/-2.1)e+05,(5.6+/-2.1)e+05,(5.6+/-2.1)e+05,(5.6+/-2.1)e+05,(5.6+/-2.1)e+05,(5.6+/-2.1)e+05,(5.6+/-2.1)e+05
Comoros,39222,86672,0,0,0,0,(6.6+/-2.3)e+03,(6.6+/-2.3)e+03,(6.6+/-2.3)e+03,(6.6+/-2.3)e+03,(6.6+/-2.3)e+03,(6.6+/-2.3)e+03,(6.6+/-2.3)e+03,(6.6+/-2.3)e+03,(6.6+/-2.3)e+03,(6.6+/-2.3)e+03,(6.6+/-2.3)e+03,(6.6+/-2.3)e+03,(6.6+/-2.3)e+03,(6.6+/-2.3)e+03,(6.6+/-2.3)e+03,(6.6+/-2.3)e+03,(6.6+/-2.3)e+03,(6.6+/-2.3)e+03,(6.6+/-2.3)e+03,(6.6+/-2.3)e+03,(6.6+/-2.3)e+03,(6.6+/-2.3)e+03,(6.6+/-2.3)e+03,(6.6+/-2.3)e+03,(6.6+/-2.3)e+03,(6.6+/-2.3)e+03,(6.6+/-2.3)e+03,(6.6+/-2.3)e+03,(6.6+/-2.3)e+03,(6.6+/-2.3)e+03,(6.6+/-2.3)e+03,(6.6+/-2.3)e+03,(6.6+/-2.3)e+03,(6.6+/-2.3)e+03,(6.6+/-2.3)e+03,(6.6+/-2.3)e+03,(6.6+/-2.3)e+03,(6.6+/-2.3)e+03,(6.6+/-2.3)e+03,(6.6+/-2.3)e+03,(6.6+/-2.3)e+03,(6.6+/-2.3)e+03,(6.6+/-2.3)e+03,(6.6+/-2.3)e+03,(6.6+/-2.3)e+03,(6.6+/-2.3)e+03,(6.6+/-2.3)e+03,(6.6+/-2.3)e+03,(6.6+/-2.3)e+03
Cabo Verde,30303,81767,0,0,0,0,(6.6+/-2.3)e+03,(6.6+/-2.3)e+03,(6.6+/-2.3)e+03,(6.6+/-2.3)e+03,(6.6+/-2.3)e+03,(6.6+/-2.3)e+03,(6.6+/-2.3)e+03,(6.6+/-2.3)e+03,(6.6+/-2.3)e+03,(6.6+/-2.3)e+03,(6.6+/-2.3)e+03,(6.6+/-2.3)e+03,(6.6+/-2.3)e+03,(6.6+/-2.3)e+03,(6.6+/-2.3)e+03,(6.6+/-2.3)e+03,(6.6+/-2.3)e+03,(6.6+/-2.3)e+03,(6.6+/-2.3)e+03,(6.6+/-2.3)e+03,(6.6+/-2.3)e+03,(6.6+/-2.3)e+03,(6.6+/-2.3)e+03,(6.6+/-2.3)e+03,(6.6+/-2.3)e+03,(6.6+/-2.3)e+03,(6.6+/-2.3)e+03,(6.6+/-2.3)e+03,(6.6+/-2.3)e+03,(6.6+/-2.3)e+03,(6.6+/-2.3)e+03,(6.6+/-2.3)e+03,(6.6+/-2.3)e+03,(6.6+/-2.3)e+03,(6.6+/-2.3)e+03,(6.6+/-2.3)e+03,(6.6+/-2.3)e+03,(6.6+/-2.3)e+03,(6.6+/-2.3)e+03,(6.6+/-2.3)e+03,(6.6+/-2.3)e+03,(6.6+/-2.3)e+03,(6.6+/-2.3)e+03,(6.6+/-2.3)e+03,(6.6+/-2.3)e+03,(6.6+/-2.3)e+03,(6.6+/-2.3)e+03,(6.6+/-2.3)e+03,(6.6+/-2.3)e+03
Costa Rica,298773,827494,0,0,0,0,(6.6+/-2.3)e+03,(6.6+/-2.3)e+03,(6.6+/-2.3)e+03,(6.6+/-2.3)e+03,(6.6+/-2.3)e+03,(6.6+/-2.3)e+03,(6.6+/-2.3)e+03,(6.6+/-2.3)e+03,(6.6+/-2.3)e+03,(6.6+/-2.3)e+03,(6.6+/-2.3)e+03,(6.6+/-2.3)e+03,(6.6+/-2.3)e+03,(6.6+/-2.3)e+03,(6.6+/-2.3)e+03,(6.6+/-2.3)e+03,(6.6+/-2.3)e+03,(6.6+/-2.3)e+03,(6.6+/-2.3)e+03,(6.6+/-2.3)e+03,(6.6+/-2.3)e+03,(6.6+/-2.3)e+03,(6.6+/-2.3)e+03,(6.6+/-2.3)e+03,(6.6+/-2.3)e+03,(6.6+/-2.3)e+03,(6.6+/-2.3)e+03,(6.6+/-2.3)e+03,(6.6+/-2.3)e+03,(6.6+/-2.3)e+03,(6.6+/-2.3)e+03,(6.6+/-2.3)e+03,(6.6+/-2.3)e+03,(6.6+/-2.3)e+03,(6.6+/-2.3)e+03,(6.6+/-2.3)e+03,(6.6+/-2.3)e+03,(6.6+/-2.3)e+03,(6.6+/-2.3)e+03,(6.6+/-2.3)e+03,(6.6+/-2.3)e+03,(6.6+/-2.3)e+03,(6.6+/-2.3)e+03,(6.6+/-2.3)e+03,(6.6+/-2.3)e+03,(6.6+/-2.3)e+03,(6.6+/-2.3)e+03,(6.6+/-2.3)e+03,(6.6+/-2.3)e+03
Cuba,457372,1492773,0,0,0,0,(6.6+/-2.3)e+03,(6.6+/-2.3)e+03,(6.6+/-2.3)e+03,(6.6+/-2.3)e+03,(6.6+/-2.3)e+03,(6.6+/-2.3)e+03,(6.6+/-2.3)e+03,(6.6+/-2.3)e+03,(6.6+/-2.3)e+03,(6.6+/-2.3)e+03,(6.6+/-2.3)e+03,(6.6+/-2.3)e+03,(6.6+/-2.3)e+03,(6.6+/-2.3)e+03,(6.6+/-2.3)e+03,(6.6+/-2.3)e+03,(6.6+/-2.3)e+03,(6.6+/-2.3)e+03,(6.6+/-2.3)e+03,(6.6+/-2.3)e+03,(6.6+/-2.3)e+03,(6.6+/-2.3)e+03,(6.6+/-2.3)e+03,(6.6+/-2.3)e+03,(6.6+/-2.3)e+03,(6.6+/-2.3)e+03,(6.6+/-2.3)e+03,(6.6+/-2.3)e+03,(6.6+/-2.3)e+03,(6.6+/-2.3)e+03,(6.6+/-2.3)e+03,(6.6+/-2.3)e+03,(6.6+/-2.3)e+03,(6.6+/-2.3)e+03,(6.6+/-2.3)e+03,(6.6+/-2.3)e+03,(6.6+/-2.3)e+03,(6.6+/-2.3)e+03,(6.6+/-2.3)e+03,(6.6+/-2.3)e+03,(6.6+/-2.3)e+03,(6.6+/-2.3)e+03,(6.6+/-2.3)e+03,(6.6+/-2.3)e+03,(6.6+/-2.3)e+03,(6.6+/-2.3)e+03,(6.6+/-2.3)e+03,(6.6+/-2.3)e+03,(6.6+/-2.3)e+03
Curacao,10033,24761,0,0,0,0,(6.6+/-2.3)e+03,(6.6+/-2.3)e+03,(6.6+/-2.3)e+03,(6.6+/-2.3)e+03,(6.6+/-2.3)e+03,(6.6+/-2.3)e+03,(6.6+/-2.3)e+03,(6.6+/-2.3)e+03,(6.6+/-2.3)e+03,(6.6+/-2.3)e+03,(6.6+/-2.3)e+03,(6.6+/-2.3)e+03,(6.6+/-2.3)e+03,(6.6+/-2.3)e+03,(6.6+/-2.3)e+03,(6.6+/-2.3)e+03,(6.6+/-2.3)e+03,(6.6+/-2.3)e+03,(6.6+/-2.3)e+03,(6.6+/-2.3)e+03,(6.6+/-2.3)e+03,(6.6+/-2.3)e+03,(6.6+/-2.3)e+03,(6.6+/-2.3)e+03,(6.6+/-2.3)e+03,(6.6+/-2.3)e+03,(6.6+/-2.3)e+03,(6.6+/-2.3)e+03,(6.6+/-2.3)e+03,(6.6+/-2.3)e+03,(6.6+/-2.3)e+03,(6.6+/-2.3)e+03,(6.6+/-2.3)e+03,(6.6+/-2.3)e+03,(6.6+/-2.3)e+03,(6.6+/-2.3)e+03,(6.6+/-2.3)e+03,(6.6+/-2.3)e+03,(6.6+/-2.3)e+03,(6.6+/-2.3)e+03,(6.6+/-2.3)e+03,(6.6+/-2.3)e+03,(6.6+/-2.3)e+03,(6.6+/-2.3)e+03,(6.6+/-2.3)e+03,(6.6+/-2.3)e+03,(6.6+/-2.3)e+03,(6.6+/-2.3)e+03,(6.6+/-2.3)e+03
Cayman Islands,8477,20919,0,0,0,0,(6.6+/-2.3)e+03,(6.6+/-2.3)e+03,(6.6+/-2.3)e+03,(6.6+/-2.3)e+03,(6.6+/-2.3)e+03,(6.6+/-2.3)e+03,(6.6+/-2.3)e+03,(6.6+/-2.3)e+03,(6.6+/-2.3)e+03,(6.6+/-2.3)e+03,(6.6+/-2.3)e+03,(6.6+/-2.3)e+03,(6.6+/-2.3)e+03,(6.6+/-2.3)e+03,(6.6+/-2.3)e+03,(6.6+/-2.3)e+03,(6.6+/-2.3)e+03,(6.6+/-2.3)e+03,(6.6+/-2.3)e+03,(6.6+/-2.3)e+03,(6.6+/-2.3)e+03,(6.6+/-2.3)e+03,(6.6+/-2.3)e+03,(6.6+/-2.3)e+03,(6.6+/-2.3)e+03,(6.6+/-2.3)e+03,(6.6+/-2.3)e+03,(6.6+/-2.3)e+03,(6.6+/-2.3)e+03,(6.6+/-2.3)e+03,(6.6+/-2.3)e+03,(6.6+/-2.3)e+03,(6.6+/-2.3)e+03,(6.6+/-2.3)e+03,(6.6+/-2.3)e+03,(6.6+/-2.3)e+03,(6.6+/-2.3)e+03,(6.6+/-2.3)e+03,(6.6+/-2.3)e+03,(6.6+/-2.3)e+03,(6.6+/-2.3)e+03,(6.6+/-2.3)e+03,(6.6+/-2.3)e+03,(6.6+/-2.3)e+03,(6.6+/-2.3)e+03,(6.6+/-2.3)e+03,(6.6+/-2.3)e+03,(6.6+/-2.3)e+03,(6.6+/-2.3)e+03
Cyprus,87737,243898,0,0,0,0,(6.6+/-2.3)e+03,(6.6+/-2.3)e+03,(6.6+/-2.3)e+03,(6.6+/-2.3)e+03,(6.6+/-2.3)e+03,(6.6+/-2.3)e+03,(6.6+/-2.3)e+03,(6.6+/-2.3)e+03,(6.6+/-2.3)e+03,(6.6+/-2.3)e+03,(6.6+/-2.3)e+03,(6.6+/-2.3)e+03,(6.6+/-2.3)e+03,(6.6+/-2.3)e+03,(6.6+/-2.3)e+03,(6.6+/-2.3)e+03,(6.6+/-2.3)e+03,(6.6+/-2.3)e+03,(6.6+/-2.3)e+03,(6.6+/-2.3)e+03,(6.6+/-2.3)e+03,(6.6+/-2.3)e+03,(6.6+/-2.3)e+03,(6.6+/-2.3)e+03,(6.6+/-2.3)e+03,(6.6+/-2.3)e+03,(6.6+/-2.3)e+03,(6.6+/-2.3)e+03,(6.6+/-2.3)e+03,(6.6+/-2.3)e+03,(6.6+/-2.3)e+03,(6.6+/-2.3)e+03,(6.6+/-2.3)e+03,(6.6+/-2.3)e+03,(6.6+/-2.3)e+03,(6.6+/-2.3)e+03,(6.6+/-2.3)e+03,(6.6+/-2.3)e+03,(6.6+/-2.3)e+03,(6.6+/-2.3)e+03,(6.6+/-2.3)e+03,(6.6+/-2.3)e+03,(6.6+/-2.3)e+03,(6.6+/-2.3)e+03,(6.6+/-2.3)e+03,(6.6+/-2.3)e+03,(6.6+/-2.3)e+03,(6.6+/-2.3)e+03,(6.6+/-2.3)e+03
Czechia,944870,1823115,0,0,0,0,(2.3+/-0.9)e+06,(2.3+/-0.9)e+06,(2.3+/-0.9)e+06,(2.3+/-0.9)e+06,(2.3+/-0.9)e+06,(2.3+/-0.9)e+06,(2.3+/-0.9)e+06,(2.3+/-0.9)e+06,(2.3+/-0.9)e+06,(2.3+/-0.9)e+06,(2.3+/-0.9)e+06,(2.3+/-0.9)e+06,(2.3+/-0.9)e+06,(2.3+/-0.9)e+06,(2.3+/-0.9)e+06,(2.3+/-0.9)e+06,(2.3+/-0.9)e+06,(2.3+/-0.9)e+06,(2.3+/-0.9)e+06,(2.3+/-0.9)e+06,(2.3+/-0.9)e+06,(2.3+/-0.9)e+06,(2.3+/-0.9)e+06,(2.3+/-0.9)e+06,(2.3+/-0.9)e+06,(2.3+/-0.9)e+06,(2.3+/-0.9)e+06,(2.3+/-0.9)e+06,(2.3+/-0.9)e+06,(2.3+/-0.9)e+06,(2.3+/-0.9)e+06,(2.3+/-0.9)e+06,(2.3+/-0.9)e+06,(2.3+/-0.9)e+06,(2.3+/-0.9)e+06,(2.3+/-0.9)e+06,(2.3+/-0.9)e+06,(2.3+/-0.9)e+06,(2.3+/-0.9)e+06,(2.3+/-0.9)e+06,(2.3+/-0.9)e+06,(2.3+/-0.9)e+06,(2.3+/-0.9)e+06,(2.3+/-0.9)e+06,(2.3+/-0.9)e+06,(2.3+/-0.9)e+06,(2.3+/-0.9)e+06,(2.3+/-0.9)e+06,(2.3+/-0.9)e+06
Germany,6836857,13817702,0,0,0,0,(1.0+/-0.4)e+07,(1.0+/-0.4)e+07,(1.0+/-0.4)e+07,(1.0+/-0.4)e+07,(1.0+/-0.4)e+07,(1.0+/-0.4)e+07,(1.0+/-0.4)e+07,(1.0+/-0.4)e+07,(1.0+/-0.4)e+07,(1.0+/-0.4)e+07,(1.0+/-0.4)e+07,(1.0+/-0.4)e+07,(1.0+/-0.4)e+07,(1.0+/-0.4)e+07,(1.0+/-0.4)e+07,(1.0+/-0.4)e+07,(1.0+/-0.4)e+07,(1.0+/-0.4)e+07,(1.0+/-0.4)e+07,(1.0+/-0.4)e+07,(1.0+/-0.4)e+07,(1.0+/-0.4)e+07,(1.0+/-0.4)e+07,(1.0+/-0.4)e+07,(1.0+/-0.4)e+07,(1.0+/-0.4)e+07,(1.0+/-0.4)e+07,(1.0+/-0.4)e+07,(1.0+/-0.4)e+07,(1.0+/-0.4)e+07,(1.0+/-0.4)e+07,(1.0+/-0.4)e+07,(1.0+/-0.4)e+07,(1.0+/-0.4)e+07,(1.0+/-0.4)e+07,(1.0+/-0.4)e+07,(1.0+/-0.4)e+07,(1.0+/-0.4)e+07,(1.0+/-0.4)e+07,(1.0+/-0.4)e+07,(1.0+/-0.4)e+07,(1.0+/-0.4)e+07,(1.0+/-0.4)e+07,(1.0+/-0.4)e+07,(1.0+/-0.4)e+07,(1.0+/-0.4)e+07,(1.0+/-0.4)e+07,(1.0+/-0.4)e+07,(1.0+/-0.4)e+07
Djibouti,30487,76121,0,0,0,0,(6.6+/-2.3)e+03,(6.6+/-2.3)e+03,(6.6+/-2.3)e+03,(6.6+/-2.3)e+03,(6.6+/-2.3)e+03,(6.6+/-2.3)e+03,(6.6+/-2.3)e+03,(6.6+/-2.3)e+03,(6.6+/-2.3)e+03,(6.6+/-2.3)e+03,(6.6+/-2.3)e+03,(6.6+/-2.3)e+03,(6.6+/-2.3)e+03,(6.6+/-2.3)e+03,(6.6+/-2.3)e+03,(6.6+/-2.3)e+03,(6.6+/-2.3)e+03,(6.6+/-2.3)e+03,(6.6+/-2.3)e+03,(6.6+/-2.3)e+03,(6.6+/-2.3)e+03,(6.6+/-2.3)e+03,(6.6+/-2.3)e+03,(6.6+/-2.3)e+03,(6.6+/-2.3)e+03,(6.6+/-2.3)e+03,(6.6+/-2.3)e+03,(6.6+/-2.3)e+03,(6.6+/-2.3)e+03,(6.6+/-2.3)e+03,(6.6+/-2.3)e+03,(6.6+/-2.3)e+03,(6.6+/-2.3)e+03,(6.6+/-2.3)e+03,(6.6+/-2.3)e+03,(6.6+/-2.3)e+03,(6.6+/-2.3)e+03,(6.6+/-2.3)e+03,(6.6+/-2.3)e+03,(6.6+/-2.3)e+03,(6.6+/-2.3)e+03,(6.6+/-2.3)e+03,(6.6+/-2.3)e+03,(6.6+/-2.3)e+03,(6.6+/-2.3)e+03,(6.6+/-2.3)e+03,(6.6+/-2.3)e+03,(6.6+/-2.3)e+03,(6.6+/-2.3)e+03
Dominica,4958,8085,0,0,0,0,(6.6+/-2.3)e+03,(6.6+/-2.3)e+03,(6.6+/-2.3)e+03,(6.6+/-2.3)e+03,(6.6+/-2.3)e+03,(6.6+/-2.3)e+03,(6.6+/-2.3)e+03,(6.6+/-2.3)e+03,(6.6+/-2.3)e+03,(6.6+/-2.3)e+03,(6.6+/-2.3)e+03,(6.6+/-2.3)e+03,(6.6+/-2.3)e+03,(6.6+/-2.3)e+03,(6.6+/-2.3)e+03,(6.6+/-2.3)e+03,(6.6+/-2.3)e+03,(6.6+/-2.3)e+03,(6.6+/-2.3)e+03,(6.6+/-2.3)e+03,(6.6+/-2.3)e+03,(6.6+/-2.3)e+03,(6.6+/-2.3)e+03,(6.6+/-2.3)e+03,(6.6+/-2.3)e+03,(6.6+/-2.3)e+03,(6.6+/-2.3)e+03,(6.6+/-2.3)e+03,(6.6+/-2.3)e+03,(6.6+/-2.3)e+03,(6.6+/-2.3)e+03,(6.6+/-2.3)e+03,(6.6+/-2.3)e+03,(6.6+/-2.3)e+03,(6.6+/-2.3)e+03,(6.6+/-2.3)e+03,(6.6+/-2.3)e+03,(6.6+/-2.3)e+03,(6.6+/-2.3)e+03,(6.6+/-2.3)e+03,(6.6+/-2.3)e+03,(6.6+/-2.3)e+03,(6.6+/-2.3)e+03,(6.6+/-2.3)e+03,(6.6+/-2.3)e+03,(6.6+/-2.3)e+03,(6.6+/-2.3)e+03,(6.6+/-2.3)e+03,(6.6+/-2.3)e+03
Denmark,475469,1033883,0,0,0,0,(1.4+/-0.5)e+05,(1.4+/-0.5)e+05,(1.4+/-0.5)e+05,(1.4+/-0.5)e+05,(1.4+/-0.5)e+05,(1.4+/-0.5)e+05,(1.4+/-0.5)e+05,(1.4+/-0.5)e+05,(1.4+/-0.5)e+05,(1.4+/-0.5)e+05,(1.4+/-0.5)e+05,(1.4+/-0.5)e+05,(1.4+/-0.5)e+05,(1.4+/-0.5)e+05,(1.4+/-0.5)e+05,(1.4+/-0.5)e+05,(1.4+/-0.5)e+05,(1.4+/-0.5)e+05,(1.4+/-0.5)e+05,(1.4+/-0.5)e+05,(1.4+/-0.5)e+05,(1.4+/-0.5)e+05,(1.4+/-0.5)e+05,(1.4+/-0.5)e+05,(1.4+/-0.5)e+05,(1.4+/-0.5)e+05,(1.4+/-0.5)e+05,(1.4+/-0.5)e+05,(1.4+/-0.5)e+05,(1.4+/-0.5)e+05,(1.4+/-0.5)e+05,(1.4+/-0.5)e+05,(1.4+/-0.5)e+05,(1.4+/-0.5)e+05,(1.4+/-0.5)e+05,(1.4+/-0.5)e+05,(1.4+/-0.5)e+05,(1.4+/-0.5)e+05,(1.4+/-0.5)e+05,(1.4+/-0.5)e+05,(1.4+/-0.5)e+05,(1.4+/-0.5)e+05,(1.4+/-0.5)e+05,(1.4+/-0.5)e+05,(1.4+/-0.5)e+05,(1.4+/-0.5)e+05,(1.4+/-0.5)e+05,(1.4+/-0.5)e+05,(1.4+/-0.5)e+05
Dominican Republic,509133,1661708,0,0,0,0,(3.6+/-1.4)e+05,(3.6+/-1.4)e+05,(3.6+/-1.4)e+05,(3.6+/-1.4)e+05,(3.6+/-1.4)e+05,(3.6+/-1.4)e+05,(3.6+/-1.4)e+05,(3.6+/-1.4)e+05,(3.6+/-1.4)e+05,(3.6+/-1.4)e+05,(3.6+/-1.4)e+05,(3.6+/-1.4)e+05,(3.6+/-1.4)e+05,(3.6+/-1.4)e+05,(3.6+/-1.4)e+05,(3.6+/-1.4)e+05,(3.6+/-1.4)e+05,(3.6+/-1.4)e+05,(3.6+/-1.4)e+05,(3.6+/-1.4)e+05,(3.6+/-1.4)e+05,(3.6+/-1.4)e+05,(3.6+/-1.4)e+05,(3.6+/-1.4)e+05,(3.6+/-1.4)e+05,(3.6+/-1.4)e+05,(3.6+/-1.4)e+05,(3.6+/-1.4)e+05,(3.6+/-1.4)e+05,(3.6+/-1.4)e+05,(3.6+/-1.4)e+05,(3.6+/-1.4)e+05,(3.6+/-1.4)e+05,(3.6+/-1.4)e+05,(3.6+/-1.4)e+05,(3.6+/-1.4)e+05,(3.6+/-1.4)e+05,(3.6+/-1.4)e+05,(3.6+/-1.4)e+05,(3.6+/-1.4)e+05,(3.6+/-1.4)e+05,(3.6+/-1.4)e+05,(3.6+/-1.4)e+05,(3.6+/-1.4)e+05,(3.6+/-1.4)e+05,(3.6+/-1.4)e+05,(3.6+/-1.4)e+05,(3.6+/-1.4)e+05,(3.6+/-1.4)e+05
Algeria,2251864,4878818,0,0,0,0,(6.6+/-2.3)e+03,(6.6+/-2.3)e+03,(6.6+/-2.3)e+03,(6.6+/-2.3)e+03,(6.6+/-2.3)e+03,(6.6+/-2.3)e+03,(6.6+/-2.3)e+03,(6.6+/-2.3)e+03,(6.6+/-2.3)e+03,(6.6+/-2.3)e+03,(6.6+/-2.3)e+03,(6.6+/-2.3)e+03,(6.6+/-2.3)e+03,(6.6+/-2.3)e+03,(6.6+/-2.3)e+03,(6.6+/-2.3)e+03,(6.6+/-2.3)e+03,(6.6+/-2.3)e+03,(6.6+/-2.3)e+03,(6.6+/-2.3)e+03,(6.6+/-2.3)e+03,(6.6+/-2.3)e+03,(6.6+/-2.3)e+03,(6.6+/-2.3)e+03,(6.6+/-2.3)e+03,(6.6+/-2.3)e+03,(6.6+/-2.3)e+03,(6.6+/-2.3)e+03,(6.6+/-2.3)e+03,(6.6+/-2.3)e+03,(6.6+/-2.3)e+03,(6.6+/-2.3)e+03,(6.6+/-2.3)e+03,(6.6+/-2.3)e+03,(6.6+/-2.3)e+03,(6.6+/-2.3)e+03,(6.6+/-2.3)e+03,(6.6+/-2.3)e+03,(6.6+/-2.3)e+03,(6.6+/-2.3)e+03,(6.6+/-2.3)e+03,(6.6+/-2.3)e+03,(6.6+/-2.3)e+03,(6.6+/-2.3)e+03,(6.6+/-2.3)e+03,(6.6+/-2.3)e+03,(6.6+/-2.3)e+03,(6.6+/-2.3)e+03,(6.6+/-2.3)e+03
Ecuador,1337169,3304848,0,0,0,0,(6.6+/-2.3)e+03,(6.6+/-2.3)e+03,(6.6+/-2.3)e+03,(6.6+/-2.3)e+03,(6.6+/-2.3)e+03,(6.6+/-2.3)e+03,(6.6+/-2.3)e+03,(6.6+/-2.3)e+03,(6.6+/-2.3)e+03,(6.6+/-2.3)e+03,(6.6+/-2.3)e+03,(6.6+/-2.3)e+03,(6.6+/-2.3)e+03,(6.6+/-2.3)e+03,(6.6+/-2.3)e+03,(6.6+/-2.3)e+03,(6.6+/-2.3)e+03,(6.6+/-2.3)e+03,(6.6+/-2.3)e+03,(6.6+/-2.3)e+03,(6.6+/-2.3)e+03,(6.6+/-2.3)e+03,(6.6+/-2.3)e+03,(6.6+/-2.3)e+03,(6.6+/-2.3)e+03,(6.6+/-2.3)e+03,(6.6+/-2.3)e+03,(6.6+/-2.3)e+03,(6.6+/-2.3)e+03,(6.6+/-2.3)e+03,(6.6+/-2.3)e+03,(6.6+/-2.3)e+03,(6.6+/-2.3)e+03,(6.6+/-2.3)e+03,(6.6+/-2.3)e+03,(6.6+/-2.3)e+03,(6.6+/-2.3)e+03,(6.6+/-2.3)e+03,(6.6+/-2.3)e+03,(6.6+/-2.3)e+03,(6.6+/-2.3)e+03,(6.6+/-2.3)e+03,(6.6+/-2.3)e+03,(6.6+/-2.3)e+03,(6.6+/-2.3)e+03,(6.6+/-2.3)e+03,(6.6+/-2.3)e+03,(6.6+/-2.3)e+03,(6.6+/-2.3)e+03
Egypt,5119064,12729259,0,0,0,0,(6.6+/-2.3)e+03,(6.6+/-2.3)e+03,(6.6+/-2.3)e+03,(6.6+/-2.3)e+03,(6.6+/-2.3)e+03,(6.6+/-2.3)e+03,(6.6+/-2.3)e+03,(6.6+/-2.3)e+03,(6.6+/-2.3)e+03,(6.6+/-2.3)e+03,(6.6+/-2.3)e+03,(6.6+/-2.3)e+03,(6.6+/-2.3)e+03,(6.6+/-2.3)e+03,(6.6+/-2.3)e+03,(6.6+/-2.3)e+03,(6.6+/-2.3)e+03,(6.6+/-2.3)e+03,(6.6+/-2.3)e+03,(6.6+/-2.3)e+03,(6.6+/-2.3)e+03,(6.6+/-2.3)e+03,(6.6+/-2.3)e+03,(6.6+/-2.3)e+03,(6.6+/-2.3)e+03,(6.6+/-2.3)e+03,(6.6+/-2.3)e+03,(6.6+/-2.3)e+03,(6.6+/-2.3)e+03,(6.6+/-2.3)e+03,(6.6+/-2.3)e+03,(6.6+/-2.3)e+03,(6.6+/-2.3)e+03,(6.6+/-2.3)e+03,(6.6+/-2.3)e+03,(6.6+/-2.3)e+03,(6.6+/-2.3)e+03,(6.6+/-2.3)e+03,(6.6+/-2.3)e+03,(6.6+/-2.3)e+03,(6.6+/-2.3)e+03,(6.6+/-2.3)e+03,(6.6+/-2.3)e+03,(6.6+/-2.3)e+03,(6.6+/-2.3)e+03,(6.6+/-2.3)e+03,(6.6+/-2.3)e+03,(6.6+/-2.3)e+03,(6.6+/-2.3)e+03
Eritrea,194926,516427,0,0,0,0,(6.6+/-2.3)e+03,(6.6+/-2.3)e+03,(6.6+/-2.3)e+03,(6.6+/-2.3)e+03,(6.6+/-2.3)e+03,(6.6+/-2.3)e+03,(6.6+/-2.3)e+03,(6.6+/-2.3)e+03,(6.6+/-2.3)e+03,(6.6+/-2.3)e+03,(6.6+/-2.3)e+03,(6.6+/-2.3)e+03,(6.6+/-2.3)e+03,(6.6+/-2.3)e+03,(6.6+/-2.3)e+03,(6.6+/-2.3)e+03,(6.6+/-2.3)e+03,(6.6+/-2.3)e+03,(6.6+/-2.3)e+03,(6.6+/-2.3)e+03,(6.6+/-2.3)e+03,(6.6+/-2.3)e+03,(6.6+/-2.3)e+03,(6.6+/-2.3)e+03,(6.6+/-2.3)e+03,(6.6+/-2.3)e+03,(6.6+/-2.3)e+03,(6.6+/-2.3)e+03,(6.6+/-2.3)e+03,(6.6+/-2.3)e+03,(6.6+/-2.3)e+03,(6.6+/-2.3)e+03,(6.6+/-2.3)e+03,(6.6+/-2.3)e+03,(6.6+/-2.3)e+03,(6.6+/-2.3)e+03,(6.6+/-2.3)e+03,(6.6+/-2.3)e+03,(6.6+/-2.3)e+03,(6.6+/-2.3)e+03,(6.6+/-2.3)e+03,(6.6+/-2.3)e+03,(6.6+/-2.3)e+03,(6.6+/-2.3)e+03,(6.6+/-2.3)e+03,(6.6+/-2.3)e+03,(6.6+/-2.3)e+03,(6.6+/-2.3)e+03,(6.6+/-2.3)e+03
Spain,3384171,8415960,0,0,0,0,(7.1+/-2.7)e+05,(7.1+/-2.7)e+05,(7.1+/-2.7)e+05,(7.1+/-2.7)e+05,(7.1+/-2.7)e+05,(7.1+/-2.7)e+05,(7.1+/-2.7)e+05,(7.1+/-2.7)e+05,(7.1+/-2.7)e+05,(7.1+/-2.7)e+05,(7.1+/-2.7)e+05,(7.1+/-2.7)e+05,(7.1+/-2.7)e+05,(7.1+/-2.7)e+05,(7.1+/-2.7)e+05,(7.1+/-2.7)e+05,(7.1+/-2.7)e+05,(7.1+/-2.7)e+05,(7.1+/-2.7)e+05,(7.1+/-2.7)e+05,(7.1+/-2.7)e+05,(7.1+/-2.7)e+05,(7.1+/-2.7)e+05,(7.1+/-2.7)e+05,(7.1+/-2.7)e+05,(7.1+/-2.7)e+05,(7.1+/-2.7)e+05,(7.1+/-2.7)e+05,(7.1+/-2.7)e+05,(7.1+/-2.7)e+05,(7.1+/-2.7)e+05,(7.1+/-2.7)e+05,(7.1+/-2.7)e+05,(7.1+/-2.7)e+05,(7.1+/-2.7)e+05,(7.1+/-2.7)e+05,(7.1+/-2.7)e+05,(7.1+/-2.7)e+05,(7.1+/-2.7)e+05,(7.1+/-2.7)e+05,(7.1+/-2.7)e+05,(7.1+/-2.7)e+05,(7.1+/-2.7)e+05,(7.1+/-2.7)e+05,(7.1+/-2.7)e+05,(7.1+/-2.7)e+05,(7.1+/-2.7)e+05,(7.1+/-2.7)e+05,(7.1+/-2.7)e+05
Estonia,104460,213497,0,0,0,0,(6.6+/-2.3)e+03,(6.6+/-2.3)e+03,(6.6+/-2.3)e+03,(6.6+/-2.3)e+03,(6.6+/-2.3)e+03,(6.6+/-2.3)e+03,(6.6+/-2.3)e+03,(6.6+/-2.3)e+03,(6.6+/-2.3)e+03,(6.6+/-2.3)e+03,(6.6+/-2.3)e+03,(6.6+/-2.3)e+03,(6.6+/-2.3)e+03,(6.6+/-2.3)e+03,(6.6+/-2.3)e+03,(6.6+/-2.3)e+03,(6.6+/-2.3)e+03,(6.6+/-2.3)e+03,(6.6+/-2.3)e+03,(6.6+/-2.3)e+03,(6.6+/-2.3)e+03,(6.6+/-2.3)e+03,(6.6+/-2.3)e+03,(6.6+/-2.3)e+03,(6.6+/-2.3)e+03,(6.6+/-2.3)e+03,(6.6+/-2.3)e+03,(6.6+/-2.3)e+03,(6.6+/-2.3)e+03,(6.6+/-2.3)e+03,(6.6+/-2.3)e+03,(6.6+/-2.3)e+03,(6.6+/-2.3)e+03,(6.6+/-2.3)e+03,(6.6+/-2.3)e+03,(6.6+/-2.3)e+03,(6.6+/-2.3)e+03,(6.6+/-2.3)e+03,(6.6+/-2.3)e+03,(6.6+/-2.3)e+03,(6.6+/-2.3)e+03,(6.6+/-2.3)e+03,(6.6+/-2.3)e+03,(6.6+/-2.3)e+03,(6.6+/-2.3)e+03,(6.6+/-2.3)e+03,(6.6+/-2.3)e+03,(6.6+/-2.3)e+03,(6.6+/-2.3)e+03
Ethiopia,4546899,12568299,0,0,0,0,(6.6+/-2.3)e+03,(6.6+/-2.3)e+03,(6.6+/-2.3)e+03,(6.6+/-2.3)e+03,(6.6+/-2.3)e+03,(6.6+/-2.3)e+03,(6.6+/-2.3)e+03,(6.6+/-2.3)e+03,(6.6+/-2.3)e+03,(6.6+/-2.3)e+03,(6.6+/-2.3)e+03,(6.6+/-2.3)e+03,(6.6+/-2.3)e+03,(6.6+/-2.3)e+03,(6.6+/-2.3)e+03,(6.6+/-2.3)e+03,(6.6+/-2.3)e+03,(6.6+/-2.3)e+03,(6.6+/-2.3)e+03,(6.6+/-2.3)e+03,(6.6+/-2.3)e+03,(6.6+/-2.3)e+03,(6.6+/-2.3)e+03,(6.6+/-2.3)e+03,(6.6+/-2.3)e+03,(6.6+/-2.3)e+03,(6.6+/-2.3)e+03,(6.6+/-2.3)e+03,(6.6+/-2.3)e+03,(6.6+/-2.3)e+03,(6.6+/-2.3)e+03,(6.6+/-2.3)e+03,(6.6+/-2.3)e+03,(6.6+/-2.3)e+03,(6.6+/-2.3)e+03,(6.6+/-2.3)e+03,(6.6+/-2.3)e+03,(6.6+/-2.3)e+03,(6.6+/-2.3)e+03,(6.6+/-2.3)e+03,(6.6+/-2.3)e+03,(6.6+/-2.3)e+03,(6.6+/-2.3)e+03,(6.6+/-2.3)e+03,(6.6+/-2.3)e+03,(6.6+/-2.3)e+03,(6.6+/-2.3)e+03,(6.6+/-2.3)e+03,(6.6+/-2.3)e+03
Finland,444260,915307,0,0,0,0,(3.4+/-1.3)e+05,(3.4+/-1.3)e+05,(3.4+/-1.3)e+05,(3.4+/-1.3)e+05,(3.4+/-1.3)e+05,(3.4+/-1.3)e+05,(3.4+/-1.3)e+05,(3.4+/-1.3)e+05,(3.4+/-1.3)e+05,(3.4+/-1.3)e+05,(3.4+/-1.3)e+05,(3.4+/-1.3)e+05,(3.4+/-1.3)e+05,(3.4+/-1.3)e+05,(3.4+/-1.3)e+05,(3.4+/-1.3)e+05,(3.4+/-1.3)e+05,(3.4+/-1.3)e+05,(3.4+/-1.3)e+05,(3.4+/-1.3)e+05,(3.4+/-1.3)e+05,(3.4+/-1.3)e+05,(3.4+/-1.3)e+05,(3.4+/-1.3)e+05,(3.4+/-1.3)e+05,(3.4+/-1.3)e+05,(3.4+/-1.3)e+05,(3.4+/-1.3)e+05,(3.4+/-1.3)e+05,(3.4+/-1.3)e+05,(3.4+/-1.3)e+05,(3.4+/-1.3)e+05,(3.4+/-1.3)e+05,(3.4+/-1.3)e+05,(3.4+/-1.3)e+05,(3.4+/-1.3)e+05,(3.4+/-1.3)e+05,(3.4+/-1.3)e+05,(3.4+/-1.3)e+05,(3.4+/-1.3)e+05,(3.4+/-1.3)e+05,(3.4+/-1.3)e+05,(3.4+/-1.3)e+05,(3.4+/-1.3)e+05,(3.4+/-1.3)e+05,(3.4+/-1.3)e+05,(3.4+/-1.3)e+05,(3.4+/-1.3)e+05,(3.4+/-1.3)e+05
Fiji,55501,123080,0,0,0,0,(6.6+/-2.3)e+03,(6.6+/-2.3)e+03,(6.6+/-2.3)e+03,(6.6+/-2.3)e+03,(6.6+/-2.3)e+03,(6.6+/-2.3)e+03,(6.6+/-2.3)e+03,(6.6+/-2.3)e+03,(6.6+/-2.3)e+03,(6.6+/-2.3)e+03,(6.6+/-2.3)e+03,(6.6+/-2.3)e+03,(6.6+/-2.3)e+03,(6.6+/-2.3)e+03,(6.6+/-2.3)e+03,(6.6+/-2.3)e+03,(6.6+/-2.3)e+03,(6.6+/-2.3)e+03,(6.6+/-2.3)e+03,(6.6+/-2.3)e+03,(6.6+/-2.3)e+03,(6.6+/-2.3)e+03,(6.6+/-2.3)e+03,(6.6+/-2.3)e+03,(6.6+/-2.3)e+03,(6.6+/-2.3)e+03,(6.6+/-2.3)e+03,(6.6+/-2.3)e+03,(6.6+/-2.3)e+03,(6.6+/-2.3)e+03,(6.6+/-2.3)e+03,(6.6+/-2.3)e+03,(6.6+/-2.3)e+03,(6.6+/-2.3)e+03,(6.6+/-2.3)e+03,(6.6+/-2.3)e+03,(6.6+/-2.3)e+03,(6.6+/-2.3)e+03,(6.6+/-2.3)e+03,(6.6+/-2.3)e+03,(6.6+/-2.3)e+03,(6.6+/-2.3)e+03,(6.6+/-2.3)e+03,(6.6+/-2.3)e+03,(6.6+/-2.3)e+03,(6.6+/-2.3)e+03,(6.6+/-2.3)e+03,(6.6+/-2.3)e+03,(6.6+/-2.3)e+03
France,4623692,9578986,0,0,0,0,(6.5+/-2.4)e+05,(6.5+/-2.4)e+05,(6.5+/-2.4)e+05,(6.5+/-2.4)e+05,(6.5+/-2.4)e+05,(6.5+/-2.4)e+05,(6.5+/-2.4)e+05,(6.5+/-2.4)e+05,(6.5+/-2.4)e+05,(6.5+/-2.4)e+05,(6.5+/-2.4)e+05,(6.5+/-2.4)e+05,(6.5+/-2.4)e+05,(6.5+/-2.4)e+05,(6.5+/-2.4)e+05,(6.5+/-2.4)e+05,(6.5+/-2.4)e+05,(6.5+/-2.4)e+05,(6.5+/-2.4)e+05,(6.5+/-2.4)e+05,(6.5+/-2.4)e+05,(6.5+/-2.4)e+05,(6.5+/-2.4)e+05,(6.5+/-2.4)e+05,(6.5+/-2.4)e+05,(6.5+/-2.4)e+05,(6.5+/-2.4)e+05,(6.5+/-2.4)e+05,(6.5+/-2.4)e+05,(6.5+/-2.4)e+05,(6.5+/-2.4)e+05,(6.5+/-2.4)e+05,(6.5+/-2.4)e+05,(6.5+/-2.4)e+05,(6.5+/-2.4)e+05,(6.5+/-2.4)e+05,(6.5+/-2.4)e+05,(6.5+/-2.4)e+05,(6.5+/-2.4)e+05,(6.5+/-2.4)e+05,(6.5+/-2.4)e+05,(6.5+/-2.4)e+05,(6.5+/-2.4)e+05,(6.5+/-2.4)e+05,(6.5+/-2.4)e+05,(6.5+/-2.4)e+05,(6.5+/-2.4)e+05,(6.5+/-2.4)e+05,(6.5+/-2.4)e+05
Faroe Islands,4281,9471,0,0,0,0,(6.6+/-2.3)e+03,(6.6+/-2.3)e+03,(6.6+/-2.3)e+03,(6.6+/-2.3)e+03,(6.6+/-2.3)e+03,(6.6+/-2.3)e+03,(6.6+/-2.3)e+03,(6.6+/-2.3)e+03,(6.6+/-2.3)e+03,(6.6+/-2.3)e+03,(6.6+/-2.3)e+03,(6.6+/-2.3)e+03,(6.6+/-2.3)e+03,(6.6+/-2.3)e+03,(6.6+/-2.3)e+03,(6.6+/-2.3)e+03,(6.6+/-2.3)e+03,(6.6+/-2.3)e+03,(6.6+/-2.3)e+03,(6.6+/-2.3)e+03,(6.6+/-2.3)e+03,(6.6+/-2.3)e+03,(6.6+/-2.3)e+03,(6.6+/-2.3)e+03,(6.6+/-2.3)e+03,(6.6+/-2.3)e+03,(6.6+/-2.3)e+03,(6.6+/-2.3)e+03,(6.6+/-2.3)e+03,(6.6+/-2.3)e+03,(6.6+/-2.3)e+03,(6.6+/-2.3)e+03,(6.6+/-2.3)e+03,(6.6+/-2.3)e+03,(6.6+/-2.3)e+03,(6.6+/-2.3)e+03,(6.6+/-2.3)e+03,(6.6+/-2.3)e+03,(6.6+/-2.3)e+03,(6.6+/-2.3)e+03,(6.6+/-2.3)e+03,(6.6+/-2.3)e+03,(6.6+/-2.3)e+03,(6.6+/-2.3)e+03,(6.6+/-2.3)e+03,(6.6+/-2.3)e+03,(6.6+/-2.3)e+03,(6.6+/-2.3)e+03,(6.6+/-2.3)e+03
"Micronesia, Fed. Sts.",1907,5041,0,0,0,0,(6.6+/-2.3)e+03,(6.6+/-2.3)e+03,(6.6+/-2.3)e+03,(6.6+/-2.3)e+03,(6.6+/-2.3)e+03,(6.6+/-2.3)e+03,(6.6+/-2.3)e+03,(6.6+/-2.3)e+03,(6.6+/-2.3)e+03,(6.6+/-2.3)e+03,(6.6+/-2.3)e+03,(6.6+/-2.3)e+03,(6.6+/-2.3)e+03,(6.6+/-2.3)e+03,(6.6+/-2.3)e+03,(6.6+/-2.3)e+03,(6.6+/-2.3)e+03,(6.6+/-2.3)e+03,(6.6+/-2.3)e+03,(6.6+/-2.3)e+03,(6.6+/-2.3)e+03,(6.6+/-2.3)e+03,(6.6+/-2.3)e+03,(6.6+/-2.3)e+03,(6.6+/-2.3)e+03,(6.6+/-2.3)e+03,(6.6+/-2.3)e+03,(6.6+/-2.3)e+03,(6.6+/-2.3)e+03,(6.6+/-2.3)e+03,(6.6+/-2.3)e+03,(6.6+/-2.3)e+03,(6.6+/-2.3)e+03,(6.6+/-2.3)e+03,(6.6+/-2.3)e+03,(6.6+/-2.3)e+03,(6.6+/-2.3)e+03,(6.6+/-2.3)e+03,(6.6+/-2.3)e+03,(6.6+/-2.3)e+03,(6.6+/-2.3)e+03,(6.6+/-2.3)e+03,(6.6+/-2.3)e+03,(6.6+/-2.3)e+03,(6.6+/-2.3)e+03,(6.6+/-2.3)e+03,(6.6+/-2.3)e+03,(6.6+/-2.3)e+03,(6.6+/-2.3)e+03
Gabon,54830,175331,0,0,0,0,(6.6+/-2.3)e+03,(6.6+/-2.3)e+03,(6.6+/-2.3)e+03,(6.6+/-2.3)e+03,(6.6+/-2.3)e+03,(6.6+/-2.3)e+03,(6.6+/-2.3)e+03,(6.6+/-2.3)e+03,(6.6+/-2.3)e+03,(6.6+/-2.3)e+03,(6.6+/-2.3)e+03,(6.6+/-2.3)e+03,(6.6+/-2.3)e+03,(6.6+/-2.3)e+03,(6.6+/-2.3)e+03,(6.6+/-2.3)e+03,(6.6+/-2.3)e+03,(6.6+/-2.3)e+03,(6.6+/-2.3)e+03,(6.6+/-2.3)e+03,(6.6+/-2.3)e+03,(6.6+/-2.3)e+03,(6.6+/-2.3)e+03,(6.6+/-2.3)e+03,(6.6+/-2.3)e+03,(6.6+/-2.3)e+03,(6.6+/-2.3)e+03,(6.6+/-2.3)e+03,(6.6+/-2.3)e+03,(6.6+/-2.3)e+03,(6.6+/-2.3)e+03,(6.6+/-2.3)e+03,(6.6+/-2.3)e+03,(6.6+/-2.3)e+03,(6.6+/-2.3)e+03,(6.6+/-2.3)e+03,(6.6+/-2.3)e+03,(6.6+/-2.3)e+03,(6.6+/-2.3)e+03,(6.6+/-2.3)e+03,(6.6+/-2.3)e+03,(6.6+/-2.3)e+03,(6.6+/-2.3)e+03,(6.6+/-2.3)e+03,(6.6+/-2.3)e+03,(6.6+/-2.3)e+03,(6.6+/-2.3)e+03,(6.6+/-2.3)e+03,(6.6+/-2.3)e+03
United Kingdom,4373221,9853965,0,0,0,0,(6.6+/-2.3)e+03,(6.6+/-2.3)e+03,(6.6+/-2.3)e+03,(6.6+/-2.3)e+03,(6.6+/-2.3)e+03,(6.6+/-2.3)e+03,(6.6+/-2.3)e+03,(6.6+/-2.3)e+03,(6.6+/-2.3)e+03,(6.6+/-2.3)e+03,(6.6+/-2.3)e+03,(6.6+/-2.3)e+03,(6.6+/-2.3)e+03,(6.6+/-2.3)e+03,(6.6+/-2.3)e+03,(6.6+/-2.3)e+03,(6.6+/-2.3)e+03,(6.6+/-2.3)e+03,(6.6+/-2.3)e+03,(6.6+/-2.3)e+03,(6.6+/-2.3)e+03,(6.6+/-2.3)e+03,(6.6+/-2.3)e+03,(6.6+/-2.3)e+03,(6.6+/-2.3)e+03,(6.6+/-2.3)e+03,(6.6+/-2.3)e+03,(6.6+/-2.3)e+03,(6.6+/-2.3)e+03,(6.6+/-2.3)e+03,(6.6+/-2.3)e+03,(6.6+/-2.3)e+03,(6.6+/-2.3)e+03,(6.6+/-2.3)e+03,(6.6+/-2.3)e+03,(6.6+/-2.3)e+03,(6.6+/-2.3)e+03,(6.6+/-2.3)e+03,(6.6+/-2.3)e+03,(6.6+/-2.3)e+03,(6.6+/-2.3)e+03,(6.6+/-2.3)e+03,(6.6+/-2.3)e+03,(6.6+/-2.3)e+03,(6.6+/-2.3)e+03,(6.6+/-2.3)e+03,(6.6+/-2.3)e+03,(6.6+/-2.3)e+03,(6.6+/-2.3)e+03
Georgia,229855,469150,0,0,0,0,(6.6+/-2.3)e+03,(6.6+/-2.3)e+03,(6.6+/-2.3)e+03,(6.6+/-2.3)e+03,(6.6+/-2.3)e+03,(6.6+/-2.3)e+03,(6.6+/-2.3)e+03,(6.6+/-2.3)e+03,(6.6+/-2.3)e+03,(6.6+/-2.3)e+03,(6.6+/-2.3)e+03,(6.6+/-2.3)e+03,(6.6+/-2.3)e+03,(6.6+/-2.3)e+03,(6.6+/-2.3)e+03,(6.6+/-2.3)e+03,(6.6+/-2.3)e+03,(6.6+/-2.3)e+03,(6.6+/-2.3)e+03,(6.6+/-2.3)e+03,(6.6+/-2.3)e+03,(6.6+/-2.3)e+03,(6.6+/-2.3)e+03,(6.6+/-2.3)e+03,(6.6+/-2.3)e+03,(6.6+/-2.3)e+03,(6.6+/-2.3)e+03,(6.6+/-2.3)e+03,(6.6+/-2.3)e+03,(6.6+/-2.3)e+03,(6.6+/-2.3)e+03,(6.6+/-2.3)e+03,(6.6+/-2.3)e+03,(6.6+/-2.3)e+03,(6.6+/-2.3)e+03,(6.6+/-2.3)e+03,(6.6+/-2.3)e+03,(6.6+/-2.3)e+03,(6.6+/-2.3)e+03,(6.6+/-2.3)e+03,(6.6+/-2.3)e+03,(6.6+/-2.3)e+03,(6.6+/-2.3)e+03,(6.6+/-2.3)e+03,(6.6+/-2.3)e+03,(6.6+/-2.3)e+03,(6.6+/-2.3)e+03,(6.6+/-2.3)e+03,(6.6+/-2.3)e+03
Ghana,1825664,4906972,0,0,0,0,(6.6+/-2.3)e+03,(6.6+/-2.3)e+03,(6.6+/-2.3)e+03,(6.6+/-2.3)e+03,(6.6+/-2.3)e+03,(6.6+/-2.3)e+03,(6.6+/-2.3)e+03,(6.6+/-2.3)e+03,(6.6+/-2.3)e+03,(6.6+/-2.3)e+03,(6.6+/-2.3)e+03,(6.6+/-2.3)e+03,(6.6+/-2.3)e+03,(6.6+/-2.3)e+03,(6.6+/-2.3)e+03,(6.6+/-2.3)e+03,(6.6+/-2.3)e+03,(6.6+/-2.3)e+03,(6.6+/-2.3)e+03,(6.6+/-2.3)e+03,(6.6+/-2.3)e+03,(6.6+/-2.3)e+03,(6.6+/-2.3)e+03,(6.6+/-2.3)e+03,(6.6+/-2.3)e+03,(6.6+/-2.3)e+03,(6.6+/-2.3)e+03,(6.6+/-2.3)e+03,(6.6+/-2.3)e+03,(6.6+/-2.3)e+03,(6.6+/-2.3)e+03,(6.6+/-2.3)e+03,(6.6+/-2.3)e+03,(6.6+/-2.3)e+03,(6.6+/-2.3)e+03,(6.6+/-2.3)e+03,(6.6+/-2.3)e+03,(6.6+/-2.3)e+03,(6.6+/-2.3)e+03,(6.6+/-2.3)e+03,(6.6+/-2.3)e+03,(6.6+/-2.3)e+03,(6.6+/-2.3)e+03,(6.6+/-2.3)e+03,(6.6+/-2.3)e+03,(6.6+/-2.3)e+03,(6.6+/-2.3)e+03,(6.6+/-2.3)e+03,(6.6+/-2.3)e+03
Gibraltar,3068,8530,0,0,0,0,(6.6+/-2.3)e+03,(6.6+/-2.3)e+03,(6.6+/-2.3)e+03,(6.6+/-2.3)e+03,(6.6+/-2.3)e+03,(6.6+/-2.3)e+03,(6.6+/-2.3)e+03,(6.6+/-2.3)e+03,(6.6+/-2.3)e+03,(6.6+/-2.3)e+03,(6.6+/-2.3)e+03,(6.6+/-2.3)e+03,(6.6+/-2.3)e+03,(6.6+/-2.3)e+03,(6.6+/-2.3)e+03,(6.6+/-2.3)e+03,(6.6+/-2.3)e+03,(6.6+/-2.3)e+03,(6.6+/-2.3)e+03,(6.6+/-2.3)e+03,(6.6+/-2.3)e+03,(6.6+/-2.3)e+03,(6.6+/-2.3)e+03,(6.6+/-2.3)e+03,(6.6+/-2.3)e+03,(6.6+/-2.3)e+03,(6.6+/-2.3)e+03,(6.6+/-2.3)e+03,(6.6+/-2.3)e+03,(6.6+/-2.3)e+03,(6.6+/-2.3)e+03,(6.6+/-2.3)e+03,(6.6+/-2.3)e+03,(6.6+/-2.3)e+03,(6.6+/-2.3)e+03,(6.6+/-2.3)e+03,(6.6+/-2.3)e+03,(6.6+/-2.3)e+03,(6.6+/-2.3)e+03,(6.6+/-2.3)e+03,(6.6+/-2.3)e+03,(6.6+/-2.3)e+03,(6.6+/-2.3)e+03,(6.6+/-2.3)e+03,(6.6+/-2.3)e+03,(6.6+/-2.3)e+03,(6.6+/-2.3)e+03,(6.6+/-2.3)e+03,(6.6+/-2.3)e+03
Guinea,380919,1734246,0,0,0,0,(6.6+/-2.3)e+03,(6.6+/-2.3)e+03,(6.6+/-2.3)e+03,(6.6+/-2.3)e+03,(6.6+/-2.3)e+03,(6.6+/-2.3)e+03,(6.6+/-2.3)e+03,(6.6+/-2.3)e+03,(6.6+/-2.3)e+03,(6.6+/-2.3)e+03,(6.6+/-2.3)e+03,(6.6+/-2.3)e+03,(6.6+/-2.3)e+03,(6.6+/-2.3)e+03,(6.6+/-2.3)e+03,(6.6+/-2.3)e+03,(6.6+/-2.3)e+03,(6.6+/-2.3)e+03,(6.6+/-2.3)e+03,(6.6+/-2.3)e+03,(6.6+/-2.3)e+03,(6.6+/-2.3)e+03,(6.6+/-2.3)e+03,(6.6+/-2.3)e+03,(6.6+/-2.3)e+03,(6.6+/-2.3)e+03,(6.6+/-2.3)e+03,(6.6+/-2.3)e+03,(6.6+/-2.3)e+03,(6.6+/-2.3)e+03,(6.6+/-2.3)e+03,(6.6+/-2.3)e+03,(6.6+/-2.3)e+03,(6.6+/-2.3)e+03,(6.6+/-2.3)e+03,(6.6+/-2.3)e+03,(6.6+/-2.3)e+03,(6.6+/-2.3)e+03,(6.6+/-2.3)e+03,(6.6+/-2.3)e+03,(6.6+/-2.3)e+03,(6.6+/-2.3)e+03,(6.6+/-2.3)e+03,(6.6+/-2.3)e+03,(6.6+/-2.3)e+03,(6.6+/-2.3)e+03,(6.6+/-2.3)e+03,(6.6+/-2.3)e+03,(6.6+/-2.3)e+03
Gambia,95721,330727,0,0,0,0,(6.6+/-2.3)e+03,(6.6+/-2.3)e+03,(6.6+/-2.3)e+03,(6.6+/-2.3)e+03,(6.6+/-2.3)e+03,(6.6+/-2.3)e+03,(6.6+/-2.3)e+03,(6.6+/-2.3)e+03,(6.6+/-2.3)e+03,(6.6+/-2.3)e+03,(6.6+/-2.3)e+03,(6.6+/-2.3)e+03,(6.6+/-2.3)e+03,(6.6+/-2.3)e+03,(6.6+/-2.3)e+03,(6.6+/-2.3)e+03,(6.6+/-2.3)e+03,(6.6+/-2.3)e+03,(6.6+/-2.3)e+03,(6.6+/-2.3)e+03,(6.6+/-2.3)e+03,(6.6+/-2.3)e+03,(6.6+/-2.3)e+03,(6.6+/-2.3)e+03,(6.6+/-2.3)e+03,(6.6+/-2.3)e+03,(6.6+/-2.3)e+03,(6.6+/-2.3)e+03,(6.6+/-2.3)e+03,(6.6+/-2.3)e+03,(6.6+/-2.3)e+03,(6.6+/-2.3)e+03,(6.6+/-2.3)e+03,(6.6+/-2.3)e+03,(6.6+/-2.3)e+03,(6.6+/-2.3)e+03,(6.6+/-2.3)e+03,(6.6+/-2.3)e+03,(6.6+/-2.3)e+03,(6.6+/-2.3)e+03,(6.6+/-2.3)e+03,(6.6+/-2.3)e+03,(6.6+/-2.3)e+03,(6.6+/-2.3)e+03,(6.6+/-2.3)e+03,(6.6+/-2.3)e+03,(6.6+/-2.3)e+03,(6.6+/-2.3)e+03,(6.6+/-2.3)e+03
Guinea-Bissau,66238,207584,0,0,0,0,(6.6+/-2.3)e+03,(6.6+/-2.3)e+03,(6.6+/-2.3)e+03,(6.6+/-2.3)e+03,(6.6+/-2.3)e+03,(6.6+/-2.3)e+03,(6.6+/-2.3)e+03,(6.6+/-2.3)e+03,(6.6+/-2.3)e+03,(6.6+/-2.3)e+03,(6.6+/-2.3)e+03,(6.6+/-2.3)e+03,(6.6+/-2.3)e+03,(6.6+/-2.3)e+03,(6.6+/-2.3)e+03,(6.6+/-2.3)e+03,(6.6+/-2.3)e+03,(6.6+/-2.3)e+03,(6.6+/-2.3)e+03,(6.6+/-2.3)e+03,(6.6+/-2.3)e+03,(6.6+/-2.3)e+03,(6.6+/-2.3)e+03,(6.6+/-2.3)e+03,(6.6+/-2.3)e+03,(6.6+/-2.3)e+03,(6.6+/-2.3)e+03,(6.6+/-2.3)e+03,(6.6+/-2.3)e+03,(6.6+/-2.3)e+03,(6.6+/-2.3)e+03,(6.6+/-2.3)e+03,(6.6+/-2.3)e+03,(6.6+/-2.3)e+03,(6.6+/-2.3)e+03,(6.6+/-2.3)e+03,(6.6+/-2.3)e+03,(6.6+/-2.3)e+03,(6.6+/-2.3)e+03,(6.6+/-2.3)e+03,(6.6+/-2.3)e+03,(6.6+/-2.3)e+03,(6.6+/-2.3)e+03,(6.6+/-2.3)e+03,(6.6+/-2.3)e+03,(6.6+/-2.3)e+03,(6.6+/-2.3)e+03,(6.6+/-2.3)e+03,(6.6+/-2.3)e+03
Equatorial Guinea,62287,189709,0,0,0,0,(6.6+/-2.3)e+03,(6.6+/-2.3)e+03,(6.6+/-2.3)e+03,(6.6+/-2.3)e+03,(6.6+/-2.3)e+03,(6.6+/-2.3)e+03,(6.6+/-2.3)e+03,(6.6+/-2.3)e+03,(6.6+/-2.3)e+03,(6.6+/-2.3)e+03,(6.6+/-2.3)e+03,(6.6+/-2.3)e+03,(6.6+/-2.3)e+03,(6.6+/-2.3)e+03,(6.6+/-2.3)e+03,(6.6+/-2.3)e+03,(6.6+/-2.3)e+03,(6.6+/-2.3)e+03,(6.6+/-2.3)e+03,(6.6+/-2.3)e+03,(6.6+/-2.3)e+03,(6.6+/-2.3)e+03,(6.6+/-2.3)e+03,(6.6+/-2.3)e+03,(6.6+/-2.3)e+03,(6.6+/-2.3)e+03,(6.6+/-2.3)e+03,(6.6+/-2.3)e+03,(6.6+/-2.3)e+03,(6.6+/-2.3)e+03,(6.6+/-2.3)e+03,(6.6+/-2.3)e+03,(6.6+/-2.3)e+03,(6.6+/-2.3)e+03,(6.6+/-2.3)e+03,(6.6+/-2.3)e+03,(6.6+/-2.3)e+03,(6.6+/-2.3)e+03,(6.6+/-2.3)e+03,(6.6+/-2.3)e+03,(6.6+/-2.3)e+03,(6.6+/-2.3)e+03,(6.6+/-2.3)e+03,(6.6+/-2.3)e+03,(6.6+/-2.3)e+03,(6.6+/-2.3)e+03,(6.6+/-2.3)e+03,(6.6+/-2.3)e+03,(6.6+/-2.3)e+03
Greece,621554,1604709,0,0,0,0,(5.6+/-2.1)e+05,(5.6+/-2.1)e+05,(5.6+/-2.1)e+05,(5.6+/-2.1)e+05,(5.6+/-2.1)e+05,(5.6+/-2.1)e+05,(5.6+/-2.1)e+05,(5.6+/-2.1)e+05,(5.6+/-2.1)e+05,(5.6+/-2.1)e+05,(5.6+/-2.1)e+05,(5.6+/-2.1)e+05,(5.6+/-2.1)e+05,(5.6+/-2.1)e+05,(5.6+/-2.1)e+05,(5.6+/-2.1)e+05,(5.6+/-2.1)e+05,(5.6+/-2.1)e+05,(5.6+/-2.1)e+05,(5.6+/-2.1)e+05,(5.6+/-2.1)e+05,(5.6+/-2.1)e+05,(5.6+/-2.1)e+05,(5.6+/-2.1)e+05,(5.6+/-2.1)e+05,(5.6+/-2.1)e+05,(5.6+/-2.1)e+05,(5.6+/-2.1)e+05,(5.6+/-2.1)e+05,(5.6+/-2.1)e+05,(5.6+/-2.1)e+05,(5.6+/-2.1)e+05,(5.6+/-2.1)e+05,(5.6+/-2.1)e+05,(5.6+/-2.1)e+05,(5.6+/-2.1)e+05,(5.6+/-2.1)e+05,(5.6+/-2.1)e+05,(5.6+/-2.1)e+05,(5.6+/-2.1)e+05,(5.6+/-2.1)e+05,(5.6+/-2.1)e+05,(5.6+/-2.1)e+05,(5.6+/-2.1)e+05,(5.6+/-2.1)e+05,(5.6+/-2.1)e+05,(5.6+/-2.1)e+05,(5.6+/-2.1)e+05,(5.6+/-2.1)e+05
Grenada,5273,14343,0,0,0,0,(6.6+/-2.3)e+03,(6.6+/-2.3)e+03,(6.6+/-2.3)e+03,(6.6+/-2.3)e+03,(6.6+/-2.3)e+03,(6.6+/-2.3)e+03,(6.6+/-2.3)e+03,(6.6+/-2.3)e+03,(6.6+/-2.3)e+03,(6.6+/-2.3)e+03,(6.6+/-2.3)e+03,(6.6+/-2.3)e+03,(6.6+/-2.3)e+03,(6.6+/-2.3)e+03,(6.6+/-2.3)e+03,(6.6+/-2.3)e+03,(6.6+/-2.3)e+03,(6.6+/-2.3)e+03,(6.6+/-2.3)e+03,(6.6+/-2.3)e+03,(6.6+/-2.3)e+03,(6.6+/-2.3)e+03,(6.6+/-2.3)e+03,(6.6+/-2.3)e+03,(6.6+/-2.3)e+03,(6.6+/-2.3)e+03,(6.6+/-2.3)e+03,(6.6+/-2.3)e+03,(6.6+/-2.3)e+03,(6.6+/-2.3)e+03,(6.6+/-2.3)e+03,(6.6+/-2.3)e+03,(6.6+/-2.3)e+03,(6.6+/-2.3)e+03,(6.6+/-2.3)e+03,(6.6+/-2.3)e+03,(6.6+/-2.3)e+03,(6.6+/-2.3)e+03,(6.6+/-2.3)e+03,(6.6+/-2.3)e+03,(6.6+/-2.3)e+03,(6.6+/-2.3)e+03,(6.6+/-2.3)e+03,(6.6+/-2.3)e+03,(6.6+/-2.3)e+03,(6.6+/-2.3)e+03,(6.6+/-2.3)e+03,(6.6+/-2.3)e+03,(6.6+/-2.3)e+03
Greenland,3855,8527,0,0,0,0,(6.6+/-2.3)e+03,(6.6+/-2.3)e+03,(6.6+/-2.3)e+03,(6.6+/-2.3)e+03,(6.6+/-2.3)e+03,(6.6+/-2.3)e+03,(6.6+/-2.3)e+03,(6.6+/-2.3)e+03,(6.6+/-2.3)e+03,(6.6+/-2.3)e+03,(6.6+/-2.3)e+03,(6.6+/-2.3)e+03,(6.6+/-2.3)e+03,(6.6+/-2.3)e+03,(6.6+/-2.3)e+03,(6.6+/-2.3)e+03,(6.6+/-2.3)e+03,(6.6+/-2.3)e+03,(6.6+/-2.3)e+03,(6.6+/-2.3)e+03,(6.6+/-2.3)e+03,(6.6+/-2.3)e+03,(6.6+/-2.3)e+03,(6.6+/-2.3)e+03,(6.6+/-2.3)e+03,(6.6+/-2.3)e+03,(6.6+/-2.3)e+03,(6.6+/-2.3)e+03,(6.6+/-2.3)e+03,(6.6+/-2.3)e+03,(6.6+/-2.3)e+03,(6.6+/-2.3)e+03,(6.6+/-2.3)e+03,(6.6+/-2.3)e+03,(6.6+/-2.3)e+03,(6.6+/-2.3)e+03,(6.6+/-2.3)e+03,(6.6+/-2.3)e+03,(6.6+/-2.3)e+03,(6.6+/-2.3)e+03,(6.6+/-2.3)e+03,(6.6+/-2.3)e+03,(6.6+/-2.3)e+03,(6.6+/-2.3)e+03,(6.6+/-2.3)e+03,(6.6+/-2.3)e+03,(6.6+/-2.3)e+03,(6.6+/-2.3)e+03,(6.6+/-2.3)e+03
Guatemala,951778,3110454,0,0,0,0,(1.5+/-0.6)e+05,(1.5+/-0.6)e+05,(1.5+/-0.6)e+05,(1.5+/-0.6)e+05,(1.5+/-0.6)e+05,(1.5+/-0.6)e+05,(1.5+/-0.6)e+05,(1.5+/-0.6)e+05,(1.5+/-0.6)e+05,(1.5+/-0.6)e+05,(1.5+/-0.6)e+05,(1.5+/-0.6)e+05,(1.5+/-0.6)e+05,(1.5+/-0.6)e+05,(1.5+/-0.6)e+05,(1.5+/-0.6)e+05,(1.5+/-0.6)e+05,(1.5+/-0.6)e+05,(1.5+/-0.6)e+05,(1.5+/-0.6)e+05,(1.5+/-0.6)e+05,(1.5+/-0.6)e+05,(1.5+/-0.6)e+05,(1.5+/-0.6)e+05,(1.5+/-0.6)e+05,(1.5+/-0.6)e+05,(1.5+/-0.6)e+05,(1.5+/-0.6)e+05,(1.5+/-0.6)e+05,(1.5+/-0.6)e+05,(1.5+/-0.6)e+05,(1.5+/-0.6)e+05,(1.5+/-0.6)e+05,(1.5+/-0.6)e+05,(1.5+/-0.6)e+05,(1.5+/-0.6)e+05,(1.5+/-0.6)e+05,(1.5+/-0.6)e+05,(1.5+/-0.6)e+05,(1.5+/-0.6)e+05,(1.5+/-0.6)e+05,(1.5+/-0.6)e+05,(1.5+/-0.6)e+05,(1.5+/-0.6)e+05,(1.5+/-0.6)e+05,(1.5+/-0.6)e+05,(1.5+/-0.6)e+05,(1.5+/-0.6)e+05,(1.5+/-0.6)e+05
Guam,9426,23880,0,0,0,0,(6.6+/-2.3)e+03,(6.6+/-2.3)e+03,(6.6+/-2.3)e+03,(6.6+/-2.3)e+03,(6.6+/-2.3)e+03,(6.6+/-2.3)e+03,(6.6+/-2.3)e+03,(6.6+/-2.3)e+03,(6.6+/-2.3)e+03,(6.6+/-2.3)e+03,(6.6+/-2.3)e+03,(6.6+/-2.3)e+03,(6.6+/-2.3)e+03,(6.6+/-2.3)e+03,(6.6+/-2.3)e+03,(6.6+/-2.3)e+03,(6.6+/-2.3)e+03,(6.6+/-2.3)e+03,(6.6+/-2.3)e+03,(6.6+/-2.3)e+03,(6.6+/-2.3)e+03,(6.6+/-2.3)e+03,(6.6+/-2.3)e+03,(6.6+/-2.3)e+03,(6.6+/-2.3)e+03,(6.6+/-2.3)e+03,(6.6+/-2.3)e+03,(6.6+/-2.3)e+03,(6.6+/-2.3)e+03,(6.6+/-2.3)e+03,(6.6+/-2.3)e+03,(6.6+/-2.3)e+03,(6.6+/-2.3)e+03,(6.6+/-2.3)e+03,(6.6+/-2.3)e+03,(6.6+/-2.3)e+03,(6.6+/-2.3)e+03,(6.6+/-2.3)e+03,(6.6+/-2.3)e+03,(6.6+/-2.3)e+03,(6.6+/-2.3)e+03,(6.6+/-2.3)e+03,(6.6+/-2.3)e+03,(6.6+/-2.3)e+03,(6.6+/-2.3)e+03,(6.6+/-2.3)e+03,(6.6+/-2.3)e+03,(6.6+/-2.3)e+03,(6.6+/-2.3)e+03
Guyana,40153,110729,0,0,0,0,(6.6+/-2.3)e+03,(6.6+/-2.3)e+03,(6.6+/-2.3)e+03,(6.6+/-2.3)e+03,(6.6+/-2.3)e+03,(6.6+/-2.3)e+03,(6.6+/-2.3)e+03,(6.6+/-2.3)e+03,(6.6+/-2.3)e+03,(6.6+/-2.3)e+03,(6.6+/-2.3)e+03,(6.6+/-2.3)e+03,(6.6+/-2.3)e+03,(6.6+/-2.3)e+03,(6.6+/-2.3)e+03,(6.6+/-2.3)e+03,(6.6+/-2.3)e+03,(6.6+/-2.3)e+03,(6.6+/-2.3)e+03,(6.6+/-2.3)e+03,(6.6+/-2.3)e+03,(6.6+/-2.3)e+03,(6.6+/-2.3)e+03,(6.6+/-2.3)e+03,(6.6+/-2.3)e+03,(6.6+/-2.3)e+03,(6.6+/-2.3)e+03,(6.6+/-2.3)e+03,(6.6+/-2.3)e+03,(6.6+/-2.3)e+03,(6.6+/-2.3)e+03,(6.6+/-2.3)e+03,(6.6+/-2.3)e+03,(6.6+/-2.3)e+03,(6.6+/-2.3)e+03,(6.6+/-2.3)e+03,(6.6+/-2.3)e+03,(6.6+/-2.3)e+03,(6.6+/-2.3)e+03,(6.6+/-2.3)e+03,(6.6+/-2.3)e+03,(6.6+/-2.3)e+03,(6.6+/-2.3)e+03,(6.6+/-2.3)e+03,(6.6+/-2.3)e+03,(6.6+/-2.3)e+03,(6.6+/-2.3)e+03,(6.6+/-2.3)e+03,(6.6+/-2.3)e+03
Hong Kong,343352,796977,0,0,0,0,(1.4+/-0.5)e+06,(1.4+/-0.5)e+06,(1.4+/-0.5)e+06,(1.4+/-0.5)e+06,(1.4+/-0.5)e+06,(1.4+/-0.5)e+06,(1.4+/-0.5)e+06,(1.4+/-0.5)e+06,(1.4+/-0.5)e+06,(1.4+/-0.5)e+06,(1.4+/-0.5)e+06,(1.4+/-0.5)e+06,(1.4+/-0.5)e+06,(1.4+/-0.5)e+06,(1.4+/-0.5)e+06,(1.4+/-0.5)e+06,(1.4+/-0.5)e+06,(1.4+/-0.5)e+06,(1.4+/-0.5)e+06,(1.4+/-0.5)e+06,(1.4+/-0.5)e+06,(1.4+/-0.5)e+06,(1.4+/-0.5)e+06,(1.4+/-0.5)e+06,(1.4+/-0.5)e+06,(1.4+/-0.5)e+06,(1.4+/-0.5)e+06,(1.4+/-0.5)e+06,(1.4+/-0.5)e+06,(1.4+/-0.5)e+06,(1.4+/-0.5)e+06,(1.4+/-0.5)e+06,(1.4+/-0.5)e+06,(1.4+/-0.5)e+06,(1.4+/-0.5)e+06,(1.4+/-0.5)e+06,(1.4+/-0.5)e+06,(1.4+/-0.5)e+06,(1.4+/-0.5)e+06,(1.4+/-0.5)e+06,(1.4+/-0.5)e+06,(1.4+/-0.5)e+06,(1.4+/-0.5)e+06,(1.4+/-0.5)e+06,(1.4+/-0.5)e+06,(1.4+/-0.5)e+06,(1.4+/-0.5)e+06,(1.4+/-0.5)e+06,(1.4+/-0.5)e+06
Honduras,610384,1784532,0,0,0,0,(6.6+/-2.3)e+03,(6.6+/-2.3)e+03,(6.6+/-2.3)e+03,(6.6+/-2.3)e+03,(6.6+/-2.3)e+03,(6.6+/-2.3)e+03,(6.6+/-2.3)e+03,(6.6+/-2.3)e+03,(6.6+/-2.3)e+03,(6.6+/-2.3)e+03,(6.6+/-2.3)e+03,(6.6+/-2.3)e+03,(6.6+/-2.3)e+03,(6.6+/-2.3)e+03,(6.6+/-2.3)e+03,(6.6+/-2.3)e+03,(6.6+/-2.3)e+03,(6.6+/-2.3)e+03,(6.6+/-2.3)e+03,(6.6+/-2.3)e+03,(6.6+/-2.3)e+03,(6.6+/-2.3)e+03,(6.6+/-2.3)e+03,(6.6+/-2.3)e+03,(6.6+/-2.3)e+03,(6.6+/-2.3)e+03,(6.6+/-2.3)e+03,(6.6+/-2.3)e+03,(6.6+/-2.3)e+03,(6.6+/-2.3)e+03,(6.6+/-2.3)e+03,(6.6+/-2.3)e+03,(6.6+/-2.3)e+03,(6.6+/-2.3)e+03,(6.6+/-2.3)e+03,(6.6+/-2.3)e+03,(6.6+/-2.3)e+03,(6.6+/-2.3)e+03,(6.6+/-2.3)e+03,(6.6+/-2.3)e+03,(6.6+/-2.3)e+03,(6.6+/-2.3)e+03,(6.6+/-2.3)e+03,(6.6+/-2.3)e+03,(6.6+/-2.3)e+03,(6.6+/-2.3)e+03,(6.6+/-2.3)e+03,(6.6+/-2.3)e+03,(6.6+/-2.3)e+03
Croatia,265701,571191,0,0,0,0,(7.9+/-2.9)e+04,(7.9+/-2.9)e+04,(7.9+/-2.9)e+04,(7.9+/-2.9)e+04,(7.9+/-2.9)e+04,(7.9+/-2.9)e+04,(7.9+/-2.9)e+04,(7.9+/-2.9)e+04,(7.9+/-2.9)e+04,(7.9+/-2.9)e+04,(7.9+/-2.9)e+04,(7.9+/-2.9)e+04,(7.9+/-2.9)e+04,(7.9+/-2.9)e+04,(7.9+/-2.9)e+04,(7.9+/-2.9)e+04,(7.9+/-2.9)e+04,(7.9+/-2.9)e+04,(7.9+/-2.9)e+04,(7.9+/-2.9)e+04,(7.9+/-2.9)e+04,(7.9+/-2.9)e+04,(7.9+/-2.9)e+04,(7.9+/-2.9)e+04,(7.9+/-2.9)e+04,(7.9+/-2.9)e+04,(7.9+/-2.9)e+04,(7.9+/-2.9)e+04,(7.9+/-2.9)e+04,(7.9+/-2.9)e+04,(7.9+/-2.9)e+04,(7.9+/-2.9)e+04,(7.9+/-2.9)e+04,(7.9+/-2.9)e+04,(7.9+/-2.9)e+04,(7.9+/-2.9)e+04,(7.9+/-2.9)e+04,(7.9+/-2.9)e+04,(7.9+/-2.9)e+04,(7.9+/-2.9)e+04,(7.9+/-2.9)e+04,(7.9+/-2.9)e+04,(7.9+/-2.9)e+04,(7.9+/-2.9)e+04,(7.9+/-2.9)e+04,(7.9+/-2.9)e+04,(7.9+/-2.9)e+04,(7.9+/-2.9)e+04,(7.9+/-2.9)e+04
Haiti,749495,2191240,0,0,0,0,(6.6+/-2.3)e+03,(6.6+/-2.3)e+03,(6.6+/-2.3)e+03,(6.6+/-2.3)e+03,(6.6+/-2.3)e+03,(6.6+/-2.3)e+03,(6.6+/-2.3)e+03,(6.6+/-2.3)e+03,(6.6+/-2.3)e+03,(6.6+/-2.3)e+03,(6.6+/-2.3)e+03,(6.6+/-2.3)e+03,(6.6+/-2.3)e+03,(6.6+/-2.3)e+03,(6.6+/-2.3)e+03,(6.6+/-2.3)e+03,(6.6+/-2.3)e+03,(6.6+/-2.3)e+03,(6.6+/-2.3)e+03,(6.6+/-2.3)e+03,(6.6+/-2.3)e+03,(6.6+/-2.3)e+03,(6.6+/-2.3)e+03,(6.6+/-2.3)e+03,(6.6+/-2.3)e+03,(6.6+/-2.3)e+03,(6.6+/-2.3)e+03,(6.6+/-2.3)e+03,(6.6+/-2.3)e+03,(6.6+/-2.3)e+03,(6.6+/-2.3)e+03,(6.6+/-2.3)e+03,(6.6+/-2.3)e+03,(6.6+/-2.3)e+03,(6.6+/-2.3)e+03,(6.6+/-2.3)e+03,(6.6+/-2.3)e+03,(6.6+/-2.3)e+03,(6.6+/-2.3)e+03,(6.6+/-2.3)e+03,(6.6+/-2.3)e+03,(6.6+/-2.3)e+03,(6.6+/-2.3)e+03,(6.6+/-2.3)e+03,(6.6+/-2.3)e+03,(6.6+/-2.3)e+03,(6.6+/-2.3)e+03,(6.6+/-2.3)e+03,(6.6+/-2.3)e+03
Hungary,789107,1585370,0,0,0,0,(3.0+/-1.1)e+05,(3.0+/-1.1)e+05,(3.0+/-1.1)e+05,(3.0+/-1.1)e+05,(3.0+/-1.1)e+05,(3.0+/-1.1)e+05,(3.0+/-1.1)e+05,(3.0+/-1.1)e+05,(3.0+/-1.1)e+05,(3.0+/-1.1)e+05,(3.0+/-1.1)e+05,(3.0+/-1.1)e+05,(3.0+/-1.1)e+05,(3.0+/-1.1)e+05,(3.0+/-1.1)e+05,(3.0+/-1.1)e+05,(3.0+/-1.1)e+05,(3.0+/-1.1)e+05,(3.0+/-1.1)e+05,(3.0+/-1.1)e+05,(3.0+/-1.1)e+05,(3.0+/-1.1)e+05,(3.0+/-1.1)e+05,(3.0+/-1.1)e+05,(3.0+/-1.1)e+05,(3.0+/-1.1)e+05,(3.0+/-1.1)e+05,(3.0+/-1.1)e+05,(3.0+/-1.1)e+05,(3.0+/-1.1)e+05,(3.0+/-1.1)e+05,(3.0+/-1.1)e+05,(3.0+/-1.1)e+05,(3.0+/-1.1)e+05,(3.0+/-1.1)e+05,(3.0+/-1.1)e+05,(3.0+/-1.1)e+05,(3.0+/-1.1)e+05,(3.0+/-1.1)e+05,(3.0+/-1.1)e+05,(3.0+/-1.1)e+05,(3.0+/-1.1)e+05,(3.0+/-1.1)e+05,(3.0+/-1.1)e+05,(3.0+/-1.1)e+05,(3.0+/-1.1)e+05,(3.0+/-1.1)e+05,(3.0+/-1.1)e+05,(3.0+/-1.1)e+05
Indonesia,21942488,60424082,0,0,0,0,(1.9+/-0.7)e+07,(1.9+/-0.7)e+07,(1.9+/-0.7)e+07,(1.9+/-0.7)e+07,(1.9+/-0.7)e+07,(1.9+/-0.7)e+07,(1.9+/-0.7)e+07,(1.9+/-0.7)e+07,(1.9+/-0.7)e+07,(1.9+/-0.7)e+07,(1.9+/-0.7)e+07,(1.9+/-0.7)e+07,(1.9+/-0.7)e+07,(1.9+/-0.7)e+07,(1.9+/-0.7)e+07,(1.9+/-0.7)e+07,(1.9+/-0.7)e+07,(1.9+/-0.7)e+07,(1.9+/-0.7)e+07,(1.9+/-0.7)e+07,(1.9+/-0.7)e+07,(1.9+/-0.7)e+07,(1.9+/-0.7)e+07,(1.9+/-0.7)e+07,(1.9+/-0.7)e+07,(1.9+/-0.7)e+07,(1.9+/-0.7)e+07,(1.9+/-0.7)e+07,(1.9+/-0.7)e+07,(1.9+/-0.7)e+07,(1.9+/-0.7)e+07,(1.9+/-0.7)e+07,(1.9+/-0.7)e+07,(1.9+/-0.7)e+07,(1.9+/-0.7)e+07,(1.9+/-0.7)e+07,(1.9+/-0.7)e+07,(1.9+/-0.7)e+07,(1.9+/-0.7)e+07,(1.9+/-0.7)e+07,(1.9+/-0.7)e+07,(1.9+/-0.7)e+07,(1.9+/-0.7)e+07,(1.9+/-0.7)e+07,(1.9+/-0.7)e+07,(1.9+/-0.7)e+07,(1.9+/-0.7)e+07,(1.9+/-0.7)e+07,(1.9+/-0.7)e+07
Isle of Man,4515,10175,0,0,0,0,(6.6+/-2.3)e+03,(6.6+/-2.3)e+03,(6.6+/-2.3)e+03,(6.6+/-2.3)e+03,(6.6+/-2.3)e+03,(6.6+/-2.3)e+03,(6.6+/-2.3)e+03,(6.6+/-2.3)e+03,(6.6+/-2.3)e+03,(6.6+/-2.3)e+03,(6.6+/-2.3)e+03,(6.6+/-2.3)e+03,(6.6+/-2.3)e+03,(6.6+/-2.3)e+03,(6.6+/-2.3)e+03,(6.6+/-2.3)e+03,(6.6+/-2.3)e+03,(6.6+/-2.3)e+03,(6.6+/-2.3)e+03,(6.6+/-2.3)e+03,(6.6+/-2.3)e+03,(6.6+/-2.3)e+03,(6.6+/-2.3)e+03,(6.6+/-2.3)e+03,(6.6+/-2.3)e+03,(6.6+/-2.3)e+03,(6.6+/-2.3)e+03,(6.6+/-2.3)e+03,(6.6+/-2.3)e+03,(6.6+/-2.3)e+03,(6.6+/-2.3)e+03,(6.6+/-2.3)e+03,(6.6+/-2.3)e+03,(6.6+/-2.3)e+03,(6.6+/-2.3)e+03,(6.6+/-2.3)e+03,(6.6+/-2.3)e+03,(6.6+/-2.3)e+03,(6.6+/-2.3)e+03,(6.6+/-2.3)e+03,(6.6+/-2.3)e+03,(6.6+/-2.3)e+03,(6.6+/-2.3)e+03,(6.6+/-2.3)e+03,(6.6+/-2.3)e+03,(6.6+/-2.3)e+03,(6.6+/-2.3)e+03,(6.6+/-2.3)e+03,(6.6+/-2.3)e+03
India,112858780,211152739,0,0,0,0,(8.2+/-3.1)e+07,(8.2+/-3.1)e+07,(8.2+/-3.1)e+07,(8.2+/-3.1)e+07,(8.2+/-3.1)e+07,(8.2+/-3.1)e+07,(8.2+/-3.1)e+07,(8.2+/-3.1)e+07,(8.2+/-3.1)e+07,(8.2+/-3.1)e+07,(8.2+/-3.1)e+07,(8.2+/-3.1)e+07,(8.2+/-3.1)e+07,(8.2+/-3.1)e+07,(8.2+/-3.1)e+07,(8.2+/-3.1)e+07,(8.2+/-3.1)e+07,(8.2+/-3.1)e+07,(8.2+/-3.1)e+07,(8.2+/-3.1)e+07,(8.2+/-3.1)e+07,(8.2+/-3.1)e+07,(8.2+/-3.1)e+07,(8.2+/-3.1)e+07,(8.2+/-3.1)e+07,(8.2+/-3.1)e+07,(8.2+/-3.1)e+07,(8.2+/-3.1)e+07,(8.2+/-3.1)e+07,(8.2+/-3.1)e+07,(8.2+/-3.1)e+07,(8.2+/-3.1)e+07,(8.2+/-3.1)e+07,(8.2+/-3.1)e+07,(8.2+/-3.1)e+07,(8.2+/-3.1)e+07,(8.2+/-3.1)e+07,(8.2+/-3.1)e+07,(8.2+/-3.1)e+07,(8.2+/-3.1)e+07,(8.2+/-3.1)e+07,(8.2+/-3.1)e+07,(8.2+/-3.1)e+07,(8.2+/-3.1)e+07,(8.2+/-3.1)e+07,(8.2+/-3.1)e+07,(8.2+/-3.1)e+07,(8.2+/-3.1)e+07,(8.2+/-3.1)e+07
Ireland,385015,903965,0,0,0,0,(6.6+/-2.3)e+03,(6.6+/-2.3)e+03,(6.6+/-2.3)e+03,(6.6+/-2.3)e+03,(6.6+/-2.3)e+03,(6.6+/-2.3)e+03,(6.6+/-2.3)e+03,(6.6+/-2.3)e+03,(6.6+/-2.3)e+03,(6.6+/-2.3)e+03,(6.6+/-2.3)e+03,(6.6+/-2.3)e+03,(6.6+/-2.3)e+03,(6.6+/-2.3)e+03,(6.6+/-2.3)e+03,(6.6+/-2.3)e+03,(6.6+/-2.3)e+03,(6.6+/-2.3)e+03,(6.6+/-2.3)e+03,(6.6+/-2.3)e+03,(6.6+/-2.3)e+03,(6.6+/-2.3)e+03,(6.6+/-2.3)e+03,(6.6+/-2.3)e+03,(6.6+/-2.3)e+03,(6.6+/-2.3)e+03,(6.6+/-2.3)e+03,(6.6+/-2.3)e+03,(6.6+/-2.3)e+03,(6.6+/-2.3)e+03,(6.6+/-2.3)e+03,(6.6+/-2.3)e+03,(6.6+/-2.3)e+03,(6.6+/-2.3)e+03,(6.6+/-2.3)e+03,(6.6+/-2.3)e+03,(6.6+/-2.3)e+03,(6.6+/-2.3)e+03,(6.6+/-2.3)e+03,(6.6+/-2.3)e+03,(6.6+/-2.3)e+03,(6.6+/-2.3)e+03,(6.6+/-2.3)e+03,(6.6+/-2.3)e+03,(6.6+/-2.3)e+03,(6.6+/-2.3)e+03,(6.6+/-2.3)e+03,(6.6+/-2.3)e+03,(6.6+/-2.3)e+03
Iran,4520575,10529917,0,0,0,0,(6.6+/-2.3)e+03,(6.6+/-2.3)e+03,(6.6+/-2.3)e+03,(6.6+/-2.3)e+03,(6.6+/-2.3)e+03,(6.6+/-2.3)e+03,(6.6+/-2.3)e+03,(6.6+/-2.3)e+03,(6.6+/-2.3)e+03,(6.6+/-2.3)e+03,(6.6+/-2.3)e+03,(6.6+/-2.3)e+03,(6.6+/-2.3)e+03,(6.6+/-2.3)e+03,(6.6+/-2.3)e+03,(6.6+/-2.3)e+03,(6.6+/-2.3)e+03,(6.6+/-2.3)e+03,(6.6+/-2.3)e+03,(6.6+/-2.3)e+03,(6.6+/-2.3)e+03,(6.6+/-2.3)e+03,(6.6+/-2.3)e+03,(6.6+/-2.3)e+03,(6.6+/-2.3)e+03,(6.6+/-2.3)e+03,(6.6+/-2.3)e+03,(6.6+/-2.3)e+03,(6.6+/-2.3)e+03,(6.6+/-2.3)e+03,(6.6+/-2.3)e+03,(6.6+/-2.3)e+03,(6.6+/-2.3)e+03,(6.6+/-2.3)e+03,(6.6+/-2.3)e+03,(6.6+/-2.3)e+03,(6.6+/-2.3)e+03,(6.6+/-2.3)e+03,(6.6+/-2.3)e+03,(6.6+/-2.3)e+03,(6.6+/-2.3)e+03,(6.6+/-2.3)e+03,(6.6+/-2.3)e+03,(6.6+/-2.3)e+03,(6.6+/-2.3)e+03,(6.6+/-2.3)e+03,(6.6+/-2.3)e+03,(6.6+/-2.3)e+03,(6.6+/-2.3)e+03
Iraq,2047307,4841782,0,0,0,0,(6.6+/-2.3)e+03,(6.6+/-2.3)e+03,(6.6+/-2.3)e+03,(6.6+/-2.3)e+03,(6.6+/-2.3)e+03,(6.6+/-2.3)e+03,(6.6+/-2.3)e+03,(6.6+/-2.3)e+03,(6.6+/-2.3)e+03,(6.6+/-2.3)e+03,(6.6+/-2.3)e+03,(6.6+/-2.3)e+03,(6.6+/-2.3)e+03,(6.6+/-2.3)e+03,(6.6+/-2.3)e+03,(6.6+/-2.3)e+03,(6.6+/-2.3)e+03,(6.6+/-2.3)e+03,(6.6+/-2.3)e+03,(6.6+/-2.3)e+03,(6.6+/-2.3)e+03,(6.6+/-2.3)e+03,(6.6+/-2.3)e+03,(6.6+/-2.3)e+03,(6.6+/-2.3)e+03,(6.6+/-2.3)e+03,(6.6+/-2.3)e+03,(6.6+/-2.3)e+03,(6.6+/-2.3)e+03,(6.6+/-2.3)e+03,(6.6+/-2.3)e+03,(6.6+/-2.3)e+03,(6.6+/-2.3)e+03,(6.6+/-2.3)e+03,(6.6+/-2.3)e+03,(6.6+/-2.3)e+03,(6.6+/-2.3)e+03,(6.6+/-2.3)e+03,(6.6+/-2.3)e+03,(6.6+/-2.3)e+03,(6.6+/-2.3)e+03,(6.6+/-2.3)e+03,(6.6+/-2.3)e+03,(6.6+/-2.3)e+03,(6.6+/-2.3)e+03,(6.6+/-2.3)e+03,(6.6+/-2.3)e+03,(6.6+/-2.3)e+03,(6.6+/-2.3)e+03
Iceland,32977,72947,0,0,0,0,(6.6+/-2.3)e+03,(6.6+/-2.3)e+03,(6.6+/-2.3)e+03,(6.6+/-2.3)e+03,(6.6+/-2.3)e+03,(6.6+/-2.3)e+03,(6.6+/-2.3)e+03,(6.6+/-2.3)e+03,(6.6+/-2.3)e+03,(6.6+/-2.3)e+03,(6.6+/-2.3)e+03,(6.6+/-2.3)e+03,(6.6+/-2.3)e+03,(6.6+/-2.3)e+03,(6.6+/-2.3)e+03,(6.6+/-2.3)e+03,(6.6+/-2.3)e+03,(6.6+/-2.3)e+03,(6.6+/-2.3)e+03,(6.6+/-2.3)e+03,(6.6+/-2.3)e+03,(6.6+/-2.3)e+03,(6.6+/-2.3)e+03,(6.6+/-2.3)e+03,(6.6+/-2.3)e+03,(6.6+/-2.3)e+03,(6.6+/-2.3)e+03,(6.6+/-2.3)e+03,(6.6+/-2.3)e+03,(6.6+/-2.3)e+03,(6.6+/-2.3)e+03,(6.6+/-2.3)e+03,(6.6+/-2.3)e+03,(6.6+/-2.3)e+03,(6.6+/-2.3)e+03,(6.6+/-2.3)e+03,(6.6+/-2.3)e+03,(6.6+/-2.3)e+03,(6.6+/-2.3)e+03,(6.6+/-2.3)e+03,(6.6+/-2.3)e+03,(6.6+/-2.3)e+03,(6.6+/-2.3)e+03,(6.6+/-2.3)e+03,(6.6+/-2.3)e+03,(6.6+/-2.3)e+03,(6.6+/-2.3)e+03,(6.6+/-2.3)e+03,(6.6+/-2.3)e+03
Israel,540850,1158069,0,0,0,0,(1.5+/-0.5)e+06,(1.5+/-0.5)e+06,(1.5+/-0.5)e+06,(1.5+/-0.5)e+06,(1.5+/-0.5)e+06,(1.5+/-0.5)e+06,(1.5+/-0.5)e+06,(1.5+/-0.5)e+06,(1.5+/-0.5)e+06,(1.5+/-0.5)e+06,(1.5+/-0.5)e+06,(1.5+/-0.5)e+06,(1.5+/-0.5)e+06,(1.5+/-0.5)e+06,(1.5+/-0.5)e+06,(1.5+/-0.5)e+06,(1.5+/-0.5)e+06,(1.5+/-0.5)e+06,(1.5+/-0.5)e+06,(1.5+/-0.5)e+06,(1.5+/-0.5)e+06,(1.5+/-0.5)e+06,(1.5+/-0.5)e+06,(1.5+/-0.5)e+06,(1.5+/-0.5)e+06,(1.5+/-0.5)e+06,(1.5+/-0.5)e+06,(1.5+/-0.5)e+06,(1.5+/-0.5)e+06,(1.5+/-0.5)e+06,(1.5+/-0.5)e+06,(1.5+/-0.5)e+06,(1.5+/-0.5)e+06,(1.5+/-0.5)e+06,(1.5+/-0.5)e+06,(1.5+/-0.5)e+06,(1.5+/-0.5)e+06,(1.5+/-0.5)e+06,(1.5+/-0.5)e+06,(1.5+/-0.5)e+06,(1.5+/-0.5)e+06,(1.5+/-0.5)e+06,(1.5+/-0.5)e+06,(1.5+/-0.5)e+06,(1.5+/-0.5)e+06,(1.5+/-0.5)e+06,(1.5+/-0.5)e+06,(1.5+/-0.5)e+06,(1.5+/-0.5)e+06
Italy,3830757,8793528,0,0,0,0,(1.7+/-0.7)e+06,(1.7+/-0.7)e+06,(1.7+/-0.7)e+06,(1.7+/-0.7)e+06,(1.7+/-0.7)e+06,(1.7+/-0.7)e+06,(1.7+/-0.7)e+06,(1.7+/-0.7)e+06,(1.7+/-0.7)e+06,(1.7+/-0.7)e+06,(1.7+/-0.7)e+06,(1.7+/-0.7)e+06,(1.7+/-0.7)e+06,(1.7+/-0.7)e+06,(1.7+/-0.7)e+06,(1.7+/-0.7)e+06,(1.7+/-0.7)e+06,(1.7+/-0.7)e+06,(1.7+/-0.7)e+06,(1.7+/-0.7)e+06,(1.7+/-0.7)e+06,(1.7+/-0.7)e+06,(1.7+/-0.7)e+06,(1.7+/-0.7)e+06,(1.7+/-0.7)e+06,(1.7+/-0.7)e+06,(1.7+/-0.7)e+06,(1.7+/-0.7)e+06,(1.7+/-0.7)e+06,(1.7+/-0.7)e+06,(1.7+/-0.7)e+06,(1.7+/-0.7)e+06,(1.7+/-0.7)e+06,(1.7+/-0.7)e+06,(1.7+/-0.7)e+06,(1.7+/-0.7)e+06,(1.7+/-0.7)e+06,(1.7+/-0.7)e+06,(1.7+/-0.7)e+06,(1.7+/-0.7)e+06,(1.7+/-0.7)e+06,(1.7+/-0.7)e+06,(1.7+/-0.7)e+06,(1.7+/-0.7)e+06,(1.7+/-0.7)e+06,(1.7+/-0.7)e+06,(1.7+/-0.7)e+06,(1.7+/-0.7)e+06,(1.7+/-0.7)e+06
Jamaica,186040,525647,0,0,0,0,(6.6+/-2.3)e+03,(6.6+/-2.3)e+03,(6.6+/-2.3)e+03,(6.6+/-2.3)e+03,(6.6+/-2.3)e+03,(6.6+/-2.3)e+03,(6.6+/-2.3)e+03,(6.6+/-2.3)e+03,(6.6+/-2.3)e+03,(6.6+/-2.3)e+03,(6.6+/-2.3)e+03,(6.6+/-2.3)e+03,(6.6+/-2.3)e+03,(6.6+/-2.3)e+03,(6.6+/-2.3)e+03,(6.6+/-2.3)e+03,(6.6+/-2.3)e+03,(6.6+/-2.3)e+03,(6.6+/-2.3)e+03,(6.6+/-2.3)e+03,(6.6+/-2.3)e+03,(6.6+/-2.3)e+03,(6.6+/-2.3)e+03,(6.6+/-2.3)e+03,(6.6+/-2.3)e+03,(6.6+/-2.3)e+03,(6.6+/-2.3)e+03,(6.6+/-2.3)e+03,(6.6+/-2.3)e+03,(6.6+/-2.3)e+03,(6.6+/-2.3)e+03,(6.6+/-2.3)e+03,(6.6+/-2.3)e+03,(6.6+/-2.3)e+03,(6.6+/-2.3)e+03,(6.6+/-2.3)e+03,(6.6+/-2.3)e+03,(6.6+/-2.3)e+03,(6.6+/-2.3)e+03,(6.6+/-2.3)e+03,(6.6+/-2.3)e+03,(6.6+/-2.3)e+03,(6.6+/-2.3)e+03,(6.6+/-2.3)e+03,(6.6+/-2.3)e+03,(6.6+/-2.3)e+03,(6.6+/-2.3)e+03,(6.6+/-2.3)e+03,(6.6+/-2.3)e+03
Jordan,391085,1357309,0,0,0,0,(6.6+/-2.3)e+03,(6.6+/-2.3)e+03,(6.6+/-2.3)e+03,(6.6+/-2.3)e+03,(6.6+/-2.3)e+03,(6.6+/-2.3)e+03,(6.6+/-2.3)e+03,(6.6+/-2.3)e+03,(6.6+/-2.3)e+03,(6.6+/-2.3)e+03,(6.6+/-2.3)e+03,(6.6+/-2.3)e+03,(6.6+/-2.3)e+03,(6.6+/-2.3)e+03,(6.6+/-2.3)e+03,(6.6+/-2.3)e+03,(6.6+/-2.3)e+03,(6.6+/-2.3)e+03,(6.6+/-2.3)e+03,(6.6+/-2.3)e+03,(6.6+/-2.3)e+03,(6.6+/-2.3)e+03,(6.6+/-2.3)e+03,(6.6+/-2.3)e+03,(6.6+/-2.3)e+03,(6.6+/-2.3)e+03,(6.6+/-2.3)e+03,(6.6+/-2.3)e+03,(6.6+/-2.3)e+03,(6.6+/-2.3)e+03,(6.6+/-2.3)e+03,(6.6+/-2.3)e+03,(6.6+/-2.3)e+03,(6.6+/-2.3)e+03,(6.6+/-2.3)e+03,(6.6+/-2.3)e+03,(6.6+/-2.3)e+03,(6.6+/-2.3)e+03,(6.6+/-2.3)e+03,(6.6+/-2.3)e+03,(6.6+/-2.3)e+03,(6.6+/-2.3)e+03,(6.6+/-2.3)e+03,(6.6+/-2.3)e+03,(6.6+/-2.3)e+03,(6.6+/-2.3)e+03,(6.6+/-2.3)e+03,(6.6+/-2.3)e+03,(6.6+/-2.3)e+03
Japan,8369338,26417794,0,0,0,0,(1.8+/-0.7)e+07,(1.8+/-0.7)e+07,(1.8+/-0.7)e+07,(1.8+/-0.7)e+07,(1.8+/-0.7)e+07,(1.8+/-0.7)e+07,(1.8+/-0.7)e+07,(1.8+/-0.7)e+07,(1.8+/-0.7)e+07,(1.8+/-0.7)e+07,(1.8+/-0.7)e+07,(1.8+/-0.7)e+07,(1.8+/-0.7)e+07,(1.8+/-0.7)e+07,(1.8+/-0.7)e+07,(1.8+/-0.7)e+07,(1.8+/-0.7)e+07,(1.8+/-0.7)e+07,(1.8+/-0.7)e+07,(1.8+/-0.7)e+07,(1.8+/-0.7)e+07,(1.8+/-0.7)e+07,(1.8+/-0.7)e+07,(1.8+/-0.7)e+07,(1.8+/-0.7)e+07,(1.8+/-0.7)e+07,(1.8+/-0.7)e+07,(1.8+/-0.7)e+07,(1.8+/-0.7)e+07,(1.8+/-0.7)e+07,(1.8+/-0.7)e+07,(1.8+/-0.7)e+07,(1.8+/-0.7)e+07,(1.8+/-0.7)e+07,(1.8+/-0.7)e+07,(1.8+/-0.7)e+07,(1.8+/-0.7)e+07,(1.8+/-0.7)e+07,(1.8+/-0.7)e+07,(1.8+/-0.7)e+07,(1.8+/-0.7)e+07,(1.8+/-0.7)e+07,(1.8+/-0.7)e+07,(1.8+/-0.7)e+07,(1.8+/-0.7)e+07,(1.8+/-0.7)e+07,(1.8+/-0.7)e+07,(1.8+/-0.7)e+07,(1.8+/-0.7)e+07
Kazakhstan,1293721,2640574,0,0,0,0,(4.4+/-1.6)e+06,(4.4+/-1.6)e+06,(4.4+/-1.6)e+06,(4.4+/-1.6)e+06,(4.4+/-1.6)e+06,(4.4+/-1.6)e+06,(4.4+/-1.6)e+06,(4.4+/-1.6)e+06,(4.4+/-1.6)e+06,(4.4+/-1.6)e+06,(4.4+/-1.6)e+06,(4.4+/-1.6)e+06,(4.4+/-1.6)e+06,(4.4+/-1.6)e+06,(4.4+/-1.6)e+06,(4.4+/-1.6)e+06,(4.4+/-1.6)e+06,(4.4+/-1.6)e+06,(4.4+/-1.6)e+06,(4.4+/-1.6)e+06,(4.4+/-1.6)e+06,(4.4+/-1.6)e+06,(4.4+/-1.6)e+06,(4.4+/-1.6)e+06,(4.4+/-1.6)e+06,(4.4+/-1.6)e+06,(4.4+/-1.6)e+06,(4.4+/-1.6)e+06,(4.4+/-1.6)e+06,(4.4+/-1.6)e+06,(4.4+/-1.6)e+06,(4.4+/-1.6)e+06,(4.4+/-1.6)e+06,(4.4+/-1.6)e+06,(4.4+/-1.6)e+06,(4.4+/-1.6)e+06,(4.4+/-1.6)e+06,(4.4+/-1.6)e+06,(4.4+/-1.6)e+06,(4.4+/-1.6)e+06,(4.4+/-1.6)e+06,(4.4+/-1.6)e+06,(4.4+/-1.6)e+06,(4.4+/-1.6)e+06,(4.4+/-1.6)e+06,(4.4+/-1.6)e+06,(4.4+/-1.6)e+06,(4.4+/-1.6)e+06,(4.4+/-1.6)e+06
Kenya,3766997,6936256,0,0,0,0,(6.6+/-2.3)e+03,(6.6+/-2.3)e+03,(6.6+/-2.3)e+03,(6.6+/-2.3)e+03,(6.6+/-2.3)e+03,(6.6+/-2.3)e+03,(6.6+/-2.3)e+03,(6.6+/-2.3)e+03,(6.6+/-2.3)e+03,(6.6+/-2.3)e+03,(6.6+/-2.3)e+03,(6.6+/-2.3)e+03,(6.6+/-2.3)e+03,(6.6+/-2.3)e+03,(6.6+/-2.3)e+03,(6.6+/-2.3)e+03,(6.6+/-2.3)e+03,(6.6+/-2.3)e+03,(6.6+/-2.3)e+03,(6.6+/-2.3)e+03,(6.6+/-2.3)e+03,(6.6+/-2.3)e+03,(6.6+/-2.3)e+03,(6.6+/-2.3)e+03,(6.6+/-2.3)e+03,(6.6+/-2.3)e+03,(6.6+/-2.3)e+03,(6.6+/-2.3)e+03,(6.6+/-2.3)e+03,(6.6+/-2.3)e+03,(6.6+/-2.3)e+03,(6.6+/-2.3)e+03,(6.6+/-2.3)e+03,(6.6+/-2.3)e+03,(6.6+/-2.3)e+03,(6.6+/-2.3)e+03,(6.6+/-2.3)e+03,(6.6+/-2.3)e+03,(6.6+/-2.3)e+03,(6.6+/-2.3)e+03,(6.6+/-2.3)e+03,(6.6+/-2.3)e+03,(6.6+/-2.3)e+03,(6.6+/-2.3)e+03,(6.6+/-2.3)e+03,(6.6+/-2.3)e+03,(6.6+/-2.3)e+03,(6.6+/-2.3)e+03,(6.6+/-2.3)e+03
Kyrgyz Republic,511207,1211818,0,0,0,0,(2.8+/-1.0)e+05,(2.8+/-1.0)e+05,(2.8+/-1.0)e+05,(2.8+/-1.0)e+05,(2.8+/-1.0)e+05,(2.8+/-1.0)e+05,(2.8+/-1.0)e+05,(2.8+/-1.0)e+05,(2.8+/-1.0)e+05,(2.8+/-1.0)e+05,(2.8+/-1.0)e+05,(2.8+/-1.0)e+05,(2.8+/-1.0)e+05,(2.8+/-1.0)e+05,(2.8+/-1.0)e+05,(2.8+/-1.0)e+05,(2.8+/-1.0)e+05,(2.8+/-1.0)e+05,(2.8+/-1.0)e+05,(2.8+/-1.0)e+05,(2.8+/-1.0)e+05,(2.8+/-1.0)e+05,(2.8+/-1.0)e+05,(2.8+/-1.0)e+05,(2.8+/-1.0)e+05,(2.8+/-1.0)e+05,(2.8+/-1.0)e+05,(2.8+/-1.0)e+05,(2.8+/-1.0)e+05,(2.8+/-1.0)e+05,(2.8+/-1.0)e+05,(2.8+/-1.0)e+05,(2.8+/-1.0)e+05,(2.8+/-1.0)e+05,(2.8+/-1.0)e+05,(2.8+/-1.0)e+05,(2.8+/-1.0)e+05,(2.8+/-1.0)e+05,(2.8+/-1.0)e+05,(2.8+/-1.0)e+05,(2.8+/-1.0)e+05,(2.8+/-1.0)e+05,(2.8+/-1.0)e+05,(2.8+/-1.0)e+05,(2.8+/-1.0)e+05,(2.8+/-1.0)e+05,(2.8+/-1.0)e+05,(2.8+/-1.0)e+05,(2.8+/-1.0)e+05
Cambodia,1437765,3873549,0,0,0,0,(4.9+/-1.8)e+05,(4.9+/-1.8)e+05,(4.9+/-1.8)e+05,(4.9+/-1.8)e+05,(4.9+/-1.8)e+05,(4.9+/-1.8)e+05,(4.9+/-1.8)e+05,(4.9+/-1.8)e+05,(4.9+/-1.8)e+05,(4.9+/-1.8)e+05,(4.9+/-1.8)e+05,(4.9+/-1.8)e+05,(4.9+/-1.8)e+05,(4.9+/-1.8)e+05,(4.9+/-1.8)e+05,(4.9+/-1.8)e+05,(4.9+/-1.8)e+05,(4.9+/-1.8)e+05,(4.9+/-1.8)e+05,(4.9+/-1.8)e+05,(4.9+/-1.8)e+05,(4.9+/-1.8)e+05,(4.9+/-1.8)e+05,(4.9+/-1.8)e+05,(4.9+/-1.8)e+05,(4.9+/-1.8)e+05,(4.9+/-1.8)e+05,(4.9+/-1.8)e+05,(4.9+/-1.8)e+05,(4.9+/-1.8)e+05,(4.9+/-1.8)e+05,(4.9+/-1.8)e+05,(4.9+/-1.8)e+05,(4.9+/-1.8)e+05,(4.9+/-1.8)e+05,(4.9+/-1.8)e+05,(4.9+/-1.8)e+05,(4.9+/-1.8)e+05,(4.9+/-1.8)e+05,(4.9+/-1.8)e+05,(4.9+/-1.8)e+05,(4.9+/-1.8)e+05,(4.9+/-1.8)e+05,(4.9+/-1.8)e+05,(4.9+/-1.8)e+05,(4.9+/-1.8)e+05,(4.9+/-1.8)e+05,(4.9+/-1.8)e+05,(4.9+/-1.8)e+05
Kiribati,5432,15296,0,0,0,0,(6.6+/-2.3)e+03,(6.6+/-2.3)e+03,(6.6+/-2.3)e+03,(6.6+/-2.3)e+03,(6.6+/-2.3)e+03,(6.6+/-2.3)e+03,(6.6+/-2.3)e+03,(6.6+/-2.3)e+03,(6.6+/-2.3)e+03,(6.6+/-2.3)e+03,(6.6+/-2.3)e+03,(6.6+/-2.3)e+03,(6.6+/-2.3)e+03,(6.6+/-2.3)e+03,(6.6+/-2.3)e+03,(6.6+/-2.3)e+03,(6.6+/-2.3)e+03,(6.6+/-2.3)e+03,(6.6+/-2.3)e+03,(6.6+/-2.3)e+03,(6.6+/-2.3)e+03,(6.6+/-2.3)e+03,(6.6+/-2.3)e+03,(6.6+/-2.3)e+03,(6.6+/-2.3)e+03,(6.6+/-2.3)e+03,(6.6+/-2.3)e+03,(6.6+/-2.3)e+03,(6.6+/-2.3)e+03,(6.6+/-2.3)e+03,(6.6+/-2.3)e+03,(6.6+/-2.3)e+03,(6.6+/-2.3)e+03,(6.6+/-2.3)e+03,(6.6+/-2.3)e+03,(6.6+/-2.3)e+03,(6.6+/-2.3)e+03,(6.6+/-2.3)e+03,(6.6+/-2.3)e+03,(6.6+/-2.3)e+03,(6.6+/-2.3)e+03,(6.6+/-2.3)e+03,(6.6+/-2.3)e+03,(6.6+/-2.3)e+03,(6.6+/-2.3)e+03,(6.6+/-2.3)e+03,(6.6+/-2.3)e+03,(6.6+/-2.3)e+03,(6.6+/-2.3)e+03
St. Kitts and Nevis,3320,5413,0,0,0,0,(6.6+/-2.3)e+03,(6.6+/-2.3)e+03,(6.6+/-2.3)e+03,(6.6+/-2.3)e+03,(6.6+/-2.3)e+03,(6.6+/-2.3)e+03,(6.6+/-2.3)e+03,(6.6+/-2.3)e+03,(6.6+/-2.3)e+03,(6.6+/-2.3)e+03,(6.6+/-2.3)e+03,(6.6+/-2.3)e+03,(6.6+/-2.3)e+03,(6.6+/-2.3)e+03,(6.6+/-2.3)e+03,(6.6+/-2.3)e+03,(6.6+/-2.3)e+03,(6.6+/-2.3)e+03,(6.6+/-2.3)e+03,(6.6+/-2.3)e+03,(6.6+/-2.3)e+03,(6.6+/-2.3)e+03,(6.6+/-2.3)e+03,(6.6+/-2.3)e+03,(6.6+/-2.3)e+03,(6.6+/-2.3)e+03,(6.6+/-2.3)e+03,(6.6+/-2.3)e+03,(6.6+/-2.3)e+03,(6.6+/-2.3)e+03,(6.6+/-2.3)e+03,(6.6+/-2.3)e+03,(6.6+/-2.3)e+03,(6.6+/-2.3)e+03,(6.6+/-2.3)e+03,(6.6+/-2.3)e+03,(6.6+/-2.3)e+03,(6.6+/-2.3)e+03,(6.6+/-2.3)e+03,(6.6+/-2.3)e+03,(6.6+/-2.3)e+03,(6.6+/-2.3)e+03,(6.6+/-2.3)e+03,(6.6+/-2.3)e+03,(6.6+/-2.3)e+03,(6.6+/-2.3)e+03,(6.6+/-2.3)e+03,(6.6+/-2.3)e+03,(6.6+/-2.3)e+03
South Korea,4058102,11099384,0,0,0,0,(1.4+/-0.5)e+07,(1.4+/-0.5)e+07,(1.4+/-0.5)e+07,(1.4+/-0.5)e+07,(1.4+/-0.5)e+07,(1.4+/-0.5)e+07,(1.4+/-0.5)e+07,(1.4+/-0.5)e+07,(1.4+/-0.5)e+07,(1.4+/-0.5)e+07,(1.4+/-0.5)e+07,(1.4+/-0.5)e+07,(1.4+/-0.5)e+07,(1.4+/-0.5)e+07,(1.4+/-0.5)e+07,(1.4+/-0.5)e+07,(1.4+/-0.5)e+07,(1.4+/-0.5)e+07,(1.4+/-0.5)e+07,(1.4+/-0.5)e+07,(1.4+/-0.5)e+07,(1.4+/-0.5)e+07,(1.4+/-0.5)e+07,(1.4+/-0.5)e+07,(1.4+/-0.5)e+07,(1.4+/-0.5)e+07,(1.4+/-0.5)e+07,(1.4+/-0.5)e+07,(1.4+/-0.5)e+07,(1.4+/-0.5)e+07,(1.4+/-0.5)e+07,(1.4+/-0.5)e+07,(1.4+/-0.5)e+07,(1.4+/-0.5)e+07,(1.4+/-0.5)e+07,(1.4+/-0.5)e+07,(1.4+/-0.5)e+07,(1.4+/-0.5)e+07,(1.4+/-0.5)e+07,(1.4+/-0.5)e+07,(1.4+/-0.5)e+07,(1.4+/-0.5)e+07,(1.4+/-0.5)e+07,(1.4+/-0.5)e+07,(1.4+/-0.5)e+07,(1.4+/-0.5)e+07,(1.4+/-0.5)e+07,(1.4+/-0.5)e+07,(1.4+/-0.5)e+07
Kuwait,358032,912627,0,0,0,0,(6.6+/-2.3)e+03,(6.6+/-2.3)e+03,(6.6+/-2.3)e+03,(6.6+/-2.3)e+03,(6.6+/-2.3)e+03,(6.6+/-2.3)e+03,(6.6+/-2.3)e+03,(6.6+/-2.3)e+03,(6.6+/-2.3)e+03,(6.6+/-2.3)e+03,(6.6+/-2.3)e+03,(6.6+/-2.3)e+03,(6.6+/-2.3)e+03,(6.6+/-2.3)e+03,(6.6+/-2.3)e+03,(6.6+/-2.3)e+03,(6.6+/-2.3)e+03,(6.6+/-2.3)e+03,(6.6+/-2.3)e+03,(6.6+/-2.3)e+03,(6.6+/-2.3)e+03,(6.6+/-2.3)e+03,(6.6+/-2.3)e+03,(6.6+/-2.3)e+03,(6.6+/-2.3)e+03,(6.6+/-2.3)e+03,(6.6+/-2.3)e+03,(6.6+/-2.3)e+03,(6.6+/-2.3)e+03,(6.6+/-2.3)e+03,(6.6+/-2.3)e+03,(6.6+/-2.3)e+03,(6.6+/-2.3)e+03,(6.6+/-2.3)e+03,(6.6+/-2.3)e+03,(6.6+/-2.3)e+03,(6.6+/-2.3)e+03,(6.6+/-2.3)e+03,(6.6+/-2.3)e+03,(6.6+/-2.3)e+03,(6.6+/-2.3)e+03,(6.6+/-2.3)e+03,(6.6+/-2.3)e+03,(6.6+/-2.3)e+03,(6.6+/-2.3)e+03,(6.6+/-2.3)e+03,(6.6+/-2.3)e+03,(6.6+/-2.3)e+03,(6.6+/-2.3)e+03
Laos,595095,1089268,0,0,0,0,(6.4+/-2.4)e+05,(6.4+/-2.4)e+05,(6.4+/-2.4)e+05,(6.4+/-2.4)e+05,(6.4+/-2.4)e+05,(6.4+/-2.4)e+05,(6.4+/-2.4)e+05,(6.4+/-2.4)e+05,(6.4+/-2.4)e+05,(6.4+/-2.4)e+05,(6.4+/-2.4)e+05,(6.4+/-2.4)e+05,(6.4+/-2.4)e+05,(6.4+/-2.4)e+05,(6.4+/-2.4)e+05,(6.4+/-2.4)e+05,(6.4+/-2.4)e+05,(6.4+/-2.4)e+05,(6.4+/-2.4)e+05,(6.4+/-2.4)e+05,(6.4+/-2.4)e+05,(6.4+/-2.4)e+05,(6.4+/-2.4)e+05,(6.4+/-2.4)e+05,(6.4+/-2.4)e+05,(6.4+/-2.4)e+05,(6.4+/-2.4)e+05,(6.4+/-2.4)e+05,(6.4+/-2.4)e+05,(6.4+/-2.4)e+05,(6.4+/-2.4)e+05,(6.4+/-2.4)e+05,(6.4+/-2.4)e+05,(6.4+/-2.4)e+05,(6.4+/-2.4)e+05,(6.4+/-2.4)e+05,(6.4+/-2.4)e+05,(6.4+/-2.4)e+05,(6.4+/-2.4)e+05,(6.4+/-2.4)e+05,(6.4+/-2.4)e+05,(6.4+/-2.4)e+05,(6.4+/-2.4)e+05,(6.4+/-2.4)e+05,(6.4+/-2.4)e+05,(6.4+/-2.4)e+05,(6.4+/-2.4)e+05,(6.4+/-2.4)e+05,(6.4+/-2.4)e+05
Lebanon,262903,759831,0,0,0,0,(6.6+/-2.3)e+03,(6.6+/-2.3)e+03,(6.6+/-2.3)e+03,(6.6+/-2.3)e+03,(6.6+/-2.3)e+03,(6.6+/-2.3)e+03,(6.6+/-2.3)e+03,(6.6+/-2.3)e+03,(6.6+/-2.3)e+03,(6.6+/-2.3)e+03,(6.6+/-2.3)e+03,(6.6+/-2.3)e+03,(6.6+/-2.3)e+03,(6.6+/-2.3)e+03,(6.6+/-2.3)e+03,(6.6+/-2.3)e+03,(6.6+/-2.3)e+03,(6.6+/-2.3)e+03,(6.6+/-2.3)e+03,(6.6+/-2.3)e+03,(6.6+/-2.3)e+03,(6.6+/-2.3)e+03,(6.6+/-2.3)e+03,(6.6+/-2.3)e+03,(6.6+/-2.3)e+03,(6.6+/-2.3)e+03,(6.6+/-2.3)e+03,(6.6+/-2.3)e+03,(6.6+/-2.3)e+03,(6.6+/-2.3)e+03,(6.6+/-2.3)e+03,(6.6+/-2.3)e+03,(6.6+/-2.3)e+03,(6.6+/-2.3)e+03,(6.6+/-2.3)e+03,(6.6+/-2.3)e+03,(6.6+/-2.3)e+03,(6.6+/-2.3)e+03,(6.6+/-2.3)e+03,(6.6+/-2.3)e+03,(6.6+/-2.3)e+03,(6.6+/-2.3)e+03,(6.6+/-2.3)e+03,(6.6+/-2.3)e+03,(6.6+/-2.3)e+03,(6.6+/-2.3)e+03,(6.6+/-2.3)e+03,(6.6+/-2.3)e+03,(6.6+/-2.3)e+03
Liberia,179335,546848,0,0,0,0,(6.6+/-2.3)e+03,(6.6+/-2.3)e+03,(6.6+/-2.3)e+03,(6.6+/-2.3)e+03,(6.6+/-2.3)e+03,(6.6+/-2.3)e+03,(6.6+/-2.3)e+03,(6.6+/-2.3)e+03,(6.6+/-2.3)e+03,(6.6+/-2.3)e+03,(6.6+/-2.3)e+03,(6.6+/-2.3)e+03,(6.6+/-2.3)e+03,(6.6+/-2.3)e+03,(6.6+/-2.3)e+03,(6.6+/-2.3)e+03,(6.6+/-2.3)e+03,(6.6+/-2.3)e+03,(6.6+/-2.3)e+03,(6.6+/-2.3)e+03,(6.6+/-2.3)e+03,(6.6+/-2.3)e+03,(6.6+/-2.3)e+03,(6.6+/-2.3)e+03,(6.6+/-2.3)e+03,(6.6+/-2.3)e+03,(6.6+/-2.3)e+03,(6.6+/-2.3)e+03,(6.6+/-2.3)e+03,(6.6+/-2.3)e+03,(6.6+/-2.3)e+03,(6.6+/-2.3)e+03,(6.6+/-2.3)e+03,(6.6+/-2.3)e+03,(6.6+/-2.3)e+03,(6.6+/-2.3)e+03,(6.6+/-2.3)e+03,(6.6+/-2.3)e+03,(6.6+/-2.3)e+03,(6.6+/-2.3)e+03,(6.6+/-2.3)e+03,(6.6+/-2.3)e+03,(6.6+/-2.3)e+03,(6.6+/-2.3)e+03,(6.6+/-2.3)e+03,(6.6+/-2.3)e+03,(6.6+/-2.3)e+03,(6.6+/-2.3)e+03,(6.6+/-2.3)e+03
Libya,421853,955786,0,0,0,0,(6.6+/-2.3)e+03,(6.6+/-2.3)e+03,(6.6+/-2.3)e+03,(6.6+/-2.3)e+03,(6.6+/-2.3)e+03,(6.6+/-2.3)e+03,(6.6+/-2.3)e+03,(6.6+/-2.3)e+03,(6.6+/-2.3)e+03,(6.6+/-2.3)e+03,(6.6+/-2.3)e+03,(6.6+/-2.3)e+03,(6.6+/-2.3)e+03,(6.6+/-2.3)e+03,(6.6+/-2.3)e+03,(6.6+/-2.3)e+03,(6.6+/-2.3)e+03,(6.6+/-2.3)e+03,(6.6+/-2.3)e+03,(6.6+/-2.3)e+03,(6.6+/-2.3)e+03,(6.6+/-2.3)e+03,(6.6+/-2.3)e+03,(6.6+/-2.3)e+03,(6.6+/-2.3)e+03,(6.6+/-2.3)e+03,(6.6+/-2.3)e+03,(6.6+/-2.3)e+03,(6.6+/-2.3)e+03,(6.6+/-2.3)e+03,(6.6+/-2.3)e+03,(6.6+/-2.3)e+03,(6.6+/-2.3)e+03,(6.6+/-2.3)e+03,(6.6+/-2.3)e+03,(6.6+/-2.3)e+03,(6.6+/-2.3)e+03,(6.6+/-2.3)e+03,(6.6+/-2.3)e+03,(6.6+/-2.3)e+03,(6.6+/-2.3)e+03,(6.6+/-2.3)e+03,(6.6+/-2.3)e+03,(6.6+/-2.3)e+03,(6.6+/-2.3)e+03,(6.6+/-2.3)e+03,(6.6+/-2.3)e+03,(6.6+/-2.3)e+03,(6.6+/-2.3)e+03
St. Lucia,15501,25274,0,0,0,0,(6.6+/-2.3)e+03,(6.6+/-2.3)e+03,(6.6+/-2.3)e+03,(6.6+/-2.3)e+03,(6.6+/-2.3)e+03,(6.6+/-2.3)e+03,(6.6+/-2.3)e+03,(6.6+/-2.3)e+03,(6.6+/-2.3)e+03,(6.6+/-2.3)e+03,(6.6+/-2.3)e+03,(6.6+/-2.3)e+03,(6.6+/-2.3)e+03,(6.6+/-2.3)e+03,(6.6+/-2.3)e+03,(6.6+/-2.3)e+03,(6.6+/-2.3)e+03,(6.6+/-2.3)e+03,(6.6+/-2.3)e+03,(6.6+/-2.3)e+03,(6.6+/-2.3)e+03,(6.6+/-2.3)e+03,(6.6+/-2.3)e+03,(6.6+/-2.3)e+03,(6.6+/-2.3)e+03,(6.6+/-2.3)e+03,(6.6+/-2.3)e+03,(6.6+/-2.3)e+03,(6.6+/-2.3)e+03,(6.6+/-2.3)e+03,(6.6+/-2.3)e+03,(6.6+/-2.3)e+03,(6.6+/-2.3)e+03,(6.6+/-2.3)e+03,(6.6+/-2.3)e+03,(6.6+/-2.3)e+03,(6.6+/-2.3)e+03,(6.6+/-2.3)e+03,(6.6+/-2.3)e+03,(6.6+/-2.3)e+03,(6.6+/-2.3)e+03,(6.6+/-2.3)e+03,(6.6+/-2.3)e+03,(6.6+/-2.3)e+03,(6.6+/-2.3)e+03,(6.6+/-2.3)e+03,(6.6+/-2.3)e+03,(6.6+/-2.3)e+03,(6.6+/-2.3)e+03
Liechtenstein,2362,6566,0,0,0,0,(6.6+/-2.3)e+03,(6.6+/-2.3)e+03,(6.6+/-2.3)e+03,(6.6+/-2.3)e+03,(6.6+/-2.3)e+03,(6.6+/-2.3)e+03,(6.6+/-2.3)e+03,(6.6+/-2.3)e+03,(6.6+/-2.3)e+03,(6.6+/-2.3)e+03,(6.6+/-2.3)e+03,(6.6+/-2.3)e+03,(6.6+/-2.3)e+03,(6.6+/-2.3)e+03,(6.6+/-2.3)e+03,(6.6+/-2.3)e+03,(6.6+/-2.3)e+03,(6.6+/-2.3)e+03,(6.6+/-2.3)e+03,(6.6+/-2.3)e+03,(6.6+/-2.3)e+03,(6.6+/-2.3)e+03,(6.6+/-2.3)e+03,(6.6+/-2.3)e+03,(6.6+/-2.3)e+03,(6.6+/-2.3)e+03,(6.6+/-2.3)e+03,(6.6+/-2.3)e+03,(6.6+/-2.3)e+03,(6.6+/-2.3)e+03,(6.6+/-2.3)e+03,(6.6+/-2.3)e+03,(6.6+/-2.3)e+03,(6.6+/-2.3)e+03,(6.6+/-2.3)e+03,(6.6+/-2.3)e+03,(6.6+/-2.3)e+03,(6.6+/-2.3)e+03,(6.6+/-2.3)e+03,(6.6+/-2.3)e+03,(6.6+/-2.3)e+03,(6.6+/-2.3)e+03,(6.6+/-2.3)e+03,(6.6+/-2.3)e+03,(6.6+/-2.3)e+03,(6.6+/-2.3)e+03,(6.6+/-2.3)e+03,(6.6+/-2.3)e+03,(6.6+/-2.3)e+03
Sri Lanka,1336440,2797773,0,0,0,0,(3.1+/-1.1)e+05,(3.1+/-1.1)e+05,(3.1+/-1.1)e+05,(3.1+/-1.1)e+05,(3.1+/-1.1)e+05,(3.1+/-1.1)e+05,(3.1+/-1.1)e+05,(3.1+/-1.1)e+05,(3.1+/-1.1)e+05,(3.1+/-1.1)e+05,(3.1+/-1.1)e+05,(3.1+/-1.1)e+05,(3.1+/-1.1)e+05,(3.1+/-1.1)e+05,(3.1+/-1.1)e+05,(3.1+/-1.1)e+05,(3.1+/-1.1)e+05,(3.1+/-1.1)e+05,(3.1+/-1.1)e+05,(3.1+/-1.1)e+05,(3.1+/-1.1)e+05,(3.1+/-1.1)e+05,(3.1+/-1.1)e+05,(3.1+/-1.1)e+05,(3.1+/-1.1)e+05,(3.1+/-1.1)e+05,(3.1+/-1.1)e+05,(3.1+/-1.1)e+05,(3.1+/-1.1)e+05,(3.1+/-1.1)e+05,(3.1+/-1.1)e+05,(3.1+/-1.1)e+05,(3.1+/-1.1)e+05,(3.1+/-1.1)e+05,(3.1+/-1.1)e+05,(3.1+/-1.1)e+05,(3.1+/-1.1)e+05,(3.1+/-1.1)e+05,(3.1+/-1.1)e+05,(3.1+/-1.1)e+05,(3.1+/-1.1)e+05,(3.1+/-1.1)e+05,(3.1+/-1.1)e+05,(3.1+/-1.1)e+05,(3.1+/-1.1)e+05,(3.1+/-1.1)e+05,(3.1+/-1.1)e+05,(3.1+/-1.1)e+05,(3.1+/-1.1)e+05
Lesotho,87840,278813,0,0,0,0,(6.6+/-2.3)e+03,(6.6+/-2.3)e+03,(6.6+/-2.3)e+03,(6.6+/-2.3)e+03,(6.6+/-2.3)e+03,(6.6+/-2.3)e+03,(6.6+/-2.3)e+03,(6.6+/-2.3)e+03,(6.6+/-2.3)e+03,(6.6+/-2.3)e+03,(6.6+/-2.3)e+03,(6.6+/-2.3)e+03,(6.6+/-2.3)e+03,(6.6+/-2.3)e+03,(6.6+/-2.3)e+03,(6.6+/-2.3)e+03,(6.6+/-2.3)e+03,(6.6+/-2.3)e+03,(6.6+/-2.3)e+03,(6.6+/-2.3)e+03,(6.6+/-2.3)e+03,(6.6+/-2.3)e+03,(6.6+/-2.3)e+03,(6.6+/-2.3)e+03,(6.6+/-2.3)e+03,(6.6+/-2.3)e+03,(6.6+/-2.3)e+03,(6.6+/-2.3)e+03,(6.6+/-2.3)e+03,(6.6+/-2.3)e+03,(6.6+/-2.3)e+03,(6.6+/-2.3)e+03,(6.6+/-2.3)e+03,(6.6+/-2.3)e+03,(6.6+/-2.3)e+03,(6.6+/-2.3)e+03,(6.6+/-2.3)e+03,(6.6+/-2.3)e+03,(6.6+/-2.3)e+03,(6.6+/-2.3)e+03,(6.6+/-2.3)e+03,(6.6+/-2.3)e+03,(6.6+/-2.3)e+03,(6.6+/-2.3)e+03,(6.6+/-2.3)e+03,(6.6+/-2.3)e+03,(6.6+/-2.3)e+03,(6.6+/-2.3)e+03,(6.6+/-2.3)e+03
Lithuania,199115,446343,0,0,0,0,(6.6+/-2.3)e+03,(6.6+/-2.3)e+03,(6.6+/-2.3)e+03,(6.6+/-2.3)e+03,(6.6+/-2.3)e+03,(6.6+/-2.3)e+03,(6.6+/-2.3)e+03,(6.6+/-2.3)e+03,(6.6+/-2.3)e+03,(6.6+/-2.3)e+03,(6.6+/-2.3)e+03,(6.6+/-2.3)e+03,(6.6+/-2.3)e+03,(6.6+/-2.3)e+03,(6.6+/-2.3)e+03,(6.6+/-2.3)e+03,(6.6+/-2.3)e+03,(6.6+/-2.3)e+03,(6.6+/-2.3)e+03,(6.6+/-2.3)e+03,(6.6+/-2.3)e+03,(6.6+/-2.3)e+03,(6.6+/-2.3)e+03,(6.6+/-2.3)e+03,(6.6+/-2.3)e+03,(6.6+/-2.3)e+03,(6.6+/-2.3)e+03,(6.6+/-2.3)e+03,(6.6+/-2.3)e+03,(6.6+/-2.3)e+03,(6.6+/-2.3)e+03,(6.6+/-2.3)e+03,(6.6+/-2.3)e+03,(6.6+/-2.3)e+03,(6.6+/-2.3)e+03,(6.6+/-2.3)e+03,(6.6+/-2.3)e+03,(6.6+/-2.3)e+03,(6.6+/-2.3)e+03,(6.6+/-2.3)e+03,(6.6+/-2.3)e+03,(6.6+/-2.3)e+03,(6.6+/-2.3)e+03,(6.6+/-2.3)e+03,(6.6+/-2.3)e+03,(6.6+/-2.3)e+03,(6.6+/-2.3)e+03,(6.6+/-2.3)e+03,(6.6+/-2.3)e+03
Luxembourg,30337,66311,0,0,0,0,(6.6+/-2.3)e+03,(6.6+/-2.3)e+03,(6.6+/-2.3)e+03,(6.6+/-2.3)e+03,(6.6+/-2.3)e+03,(6.6+/-2.3)e+03,(6.6+/-2.3)e+03,(6.6+/-2.3)e+03,(6.6+/-2.3)e+03,(6.6+/-2.3)e+03,(6.6+/-2.3)e+03,(6.6+/-2.3)e+03,(6.6+/-2.3)e+03,(6.6+/-2.3)e+03,(6.6+/-2.3)e+03,(6.6+/-2.3)e+03,(6.6+/-2.3)e+03,(6.6+/-2.3)e+03,(6.6+/-2.3)e+03,(6.6+/-2.3)e+03,(6.6+/-2.3)e+03,(6.6+/-2.3)e+03,(6.6+/-2.3)e+03,(6.6+/-2.3)e+03,(6.6+/-2.3)e+03,(6.6+/-2.3)e+03,(6.6+/-2.3)e+03,(6.6+/-2.3)e+03,(6.6+/-2.3)e+03,(6.6+/-2.3)e+03,(6.6+/-2.3)e+03,(6.6+/-2.3)e+03,(6.6+/-2.3)e+03,(6.6+/-2.3)e+03,(6.6+/-2.3)e+03,(6.6+/-2.3)e+03,(6.6+/-2.3)e+03,(6.6+/-2.3)e+03,(6.6+/-2.3)e+03,(6.6+/-2.3)e+03,(6.6+/-2.3)e+03,(6.6+/-2.3)e+03,(6.6+/-2.3)e+03,(6.6+/-2.3)e+03,(6.6+/-2.3)e+03,(6.6+/-2.3)e+03,(6.6+/-2.3)e+03,(6.6+/-2.3)e+03,(6.6+/-2.3)e+03
Latvia,126879,272462,0,0,0,0,(6.6+/-2.3)e+03,(6.6+/-2.3)e+03,(6.6+/-2.3)e+03,(6.6+/-2.3)e+03,(6.6+/-2.3)e+03,(6.6+/-2.3)e+03,(6.6+/-2.3)e+03,(6.6+/-2.3)e+03,(6.6+/-2.3)e+03,(6.6+/-2.3)e+03,(6.6+/-2.3)e+03,(6.6+/-2.3)e+03,(6.6+/-2.3)e+03,(6.6+/-2.3)e+03,(6.6+/-2.3)e+03,(6.6+/-2.3)e+03,(6.6+/-2.3)e+03,(6.6+/-2.3)e+03,(6.6+/-2.3)e+03,(6.6+/-2.3)e+03,(6.6+/-2.3)e+03,(6.6+/-2.3)e+03,(6.6+/-2.3)e+03,(6.6+/-2.3)e+03,(6.6+/-2.3)e+03,(6.6+/-2.3)e+03,(6.6+/-2.3)e+03,(6.6+/-2.3)e+03,(6.6+/-2.3)e+03,(6.6+/-2.3)e+03,(6.6+/-2.3)e+03,(6.6+/-2.3)e+03,(6.6+/-2.3)e+03,(6.6+/-2.3)e+03,(6.6+/-2.3)e+03,(6.6+/-2.3)e+03,(6.6+/-2.3)e+03,(6.6+/-2.3)e+03,(6.6+/-2.3)e+03,(6.6+/-2.3)e+03,(6.6+/-2.3)e+03,(6.6+/-2.3)e+03,(6.6+/-2.3)e+03,(6.6+/-2.3)e+03,(6.6+/-2.3)e+03,(6.6+/-2.3)e+03,(6.6+/-2.3)e+03,(6.6+/-2.3)e+03,(6.6+/-2.3)e+03
Macau,34156,79282,0,0,0,0,(6.6+/-2.3)e+03,(6.6+/-2.3)e+03,(6.6+/-2.3)e+03,(6.6+/-2.3)e+03,(6.6+/-2.3)e+03,(6.6+/-2.3)e+03,(6.6+/-2.3)e+03,(6.6+/-2.3)e+03,(6.6+/-2.3)e+03,(6.6+/-2.3)e+03,(6.6+/-2.3)e+03,(6.6+/-2.3)e+03,(6.6+/-2.3)e+03,(6.6+/-2.3)e+03,(6.6+/-2.3)e+03,(6.6+/-2.3)e+03,(6.6+/-2.3)e+03,(6.6+/-2.3)e+03,(6.6+/-2.3)e+03,(6.6+/-2.3)e+03,(6.6+/-2.3)e+03,(6.6+/-2.3)e+03,(6.6+/-2.3)e+03,(6.6+/-2.3)e+03,(6.6+/-2.3)e+03,(6.6+/-2.3)e+03,(6.6+/-2.3)e+03,(6.6+/-2.3)e+03,(6.6+/-2.3)e+03,(6.6+/-2.3)e+03,(6.6+/-2.3)e+03,(6.6+/-2.3)e+03,(6.6+/-2.3)e+03,(6.6+/-2.3)e+03,(6.6+/-2.3)e+03,(6.6+/-2.3)e+03,(6.6+/-2.3)e+03,(6.6+/-2.3)e+03,(6.6+/-2.3)e+03,(6.6+/-2.3)e+03,(6.6+/-2.3)e+03,(6.6+/-2.3)e+03,(6.6+/-2.3)e+03,(6.6+/-2.3)e+03,(6.6+/-2.3)e+03,(6.6+/-2.3)e+03,(6.6+/-2.3)e+03,(6.6+/-2.3)e+03,(6.6+/-2.3)e+03
Saint-Martin,0,0,0,0,0,0,(6.6+/-2.3)e+03,(6.6+/-2.3)e+03,(6.6+/-2.3)e+03,(6.6+/-2.3)e+03,(6.6+/-2.3)e+03,(6.6+/-2.3)e+03,(6.6+/-2.3)e+03,(6.6+/-2.3)e+03,(6.6+/-2.3)e+03,(6.6+/-2.3)e+03,(6.6+/-2.3)e+03,(6.6+/-2.3)e+03,(6.6+/-2.3)e+03,(6.6+/-2.3)e+03,(6.6+/-2.3)e+03,(6.6+/-2.3)e+03,(6.6+/-2.3)e+03,(6.6+/-2.3)e+03,(6.6+/-2.3)e+03,(6.6+/-2.3)e+03,(6.6+/-2.3)e+03,(6.6+/-2.3)e+03,(6.6+/-2.3)e+03,(6.6+/-2.3)e+03,(6.6+/-2.3)e+03,(6.6+/-2.3)e+03,(6.6+/-2.3)e+03,(6.6+/-2.3)e+03,(6.6+/-2.3)e+03,(6.6+/-2.3)e+03,(6.6+/-2.3)e+03,(6.6+/-2.3)e+03,(6.6+/-2.3)e+03,(6.6+/-2.3)e+03,(6.6+/-2.3)e+03,(6.6+/-2.3)e+03,(6.6+/-2.3)e+03,(6.6+/-2.3)e+03,(6.6+/-2.3)e+03,(6.6+/-2.3)e+03,(6.6+/-2.3)e+03,(6.6+/-2.3)e+03,(6.6+/-2.3)e+03,(6.6+/-2.3)e+03,(6.6+/-2.3)e+03,(6.6+/-2.3)e+03,(6.6+/-2.3)e+03,(6.6+/-2.3)e+03,(6.6+/-2.3)e+03
Morocco,2043863,4630748,0,0,0,0,(1.4+/-0.5)e+06,(1.4+/-0.5)e+06,(1.4+/-0.5)e+06,(1.4+/-0.5)e+06,(1.4+/-0.5)e+06,(1.4+/-0.5)e+06,(1.4+/-0.5)e+06,(1.4+/-0.5)e+06,(1.4+/-0.5)e+06,(1.4+/-0.5)e+06,(1.4+/-0.5)e+06,(1.4+/-0.5)e+06,(1.4+/-0.5)e+06,(1.4+/-0.5)e+06,(1.4+/-0.5)e+06,(1.4+/-0.5)e+06,(1.4+/-0.5)e+06,(1.4+/-0.5)e+06,(1.4+/-0.5)e+06,(1.4+/-0.5)e+06,(1.4+/-0.5)e+06,(1.4+/-0.5)e+06,(1.4+/-0.5)e+06,(1.4+/-0.5)e+06,(1.4+/-0.5)e+06,(1.4+/-0.5)e+06,(1.4+/-0.5)e+06,(1.4+/-0.5)e+06,(1.4+/-0.5)e+06,(1.4+/-0.5)e+06,(1.4+/-0.5)e+06,(1.4+/-0.5)e+06,(1.4+/-0.5)e+06,(1.4+/-0.5)e+06,(1.4+/-0.5)e+06,(1.4+/-0.5)e+06,(1.4+/-0.5)e+06,(1.4+/-0.5)e+06,(1.4+/-0.5)e+06,(1.4+/-0.5)e+06,(1.4+/-0.5)e+06,(1.4+/-0.5)e+06,(1.4+/-0.5)e+06,(1.4+/-0.5)e+06,(1.4+/-0.5)e+06,(1.4+/-0.5)e+06,(1.4+/-0.5)e+06,(1.4+/-0.5)e+06,(1.4+/-0.5)e+06
Monaco,8906,24757,0,0,0,0,(6.6+/-2.3)e+03,(6.6+/-2.3)e+03,(6.6+/-2.3)e+03,(6.6+/-2.3)e+03,(6.6+/-2.3)e+03,(6.6+/-2.3)e+03,(6.6+/-2.3)e+03,(6.6+/-2.3)e+03,(6.6+/-2.3)e+03,(6.6+/-2.3)e+03,(6.6+/-2.3)e+03,(6.6+/-2.3)e+03,(6.6+/-2.3)e+03,(6.6+/-2.3)e+03,(6.6+/-2.3)e+03,(6.6+/-2.3)e+03,(6.6+/-2.3)e+03,(6.6+/-2.3)e+03,(6.6+/-2.3)e+03,(6.6+/-2.3)e+03,(6.6+/-2.3)e+03,(6.6+/-2.3)e+03,(6.6+/-2.3)e+03,(6.6+/-2.3)e+03,(6.6+/-2.3)e+03,(6.6+/-2.3)e+03,(6.6+/-2.3)e+03,(6.6+/-2.3)e+03,(6.6+/-2.3)e+03,(6.6+/-2.3)e+03,(6.6+/-2.3)e+03,(6.6+/-2.3)e+03,(6.6+/-2.3)e+03,(6.6+/-2.3)e+03,(6.6+/-2.3)e+03,(6.6+/-2.3)e+03,(6.6+/-2.3)e+03,(6.6+/-2.3)e+03,(6.6+/-2.3)e+03,(6.6+/-2.3)e+03,(6.6+/-2.3)e+03,(6.6+/-2.3)e+03,(6.6+/-2.3)e+03,(6.6+/-2.3)e+03,(6.6+/-2.3)e+03,(6.6+/-2.3)e+03,(6.6+/-2.3)e+03,(6.6+/-2.3)e+03,(6.6+/-2.3)e+03
Moldova,191518,415148,0,0,0,0,(6.6+/-2.3)e+03,(6.6+/-2.3)e+03,(6.6+/-2.3)e+03,(6.6+/-2.3)e+03,(6.6+/-2.3)e+03,(6.6+/-2.3)e+03,(6.6+/-2.3)e+03,(6.6+/-2.3)e+03,(6.6+/-2.3)e+03,(6.6+/-2.3)e+03,(6.6+/-2.3)e+03,(6.6+/-2.3)e+03,(6.6+/-2.3)e+03,(6.6+/-2.3)e+03,(6.6+/-2.3)e+03,(6.6+/-2.3)e+03,(6.6+/-2.3)e+03,(6.6+/-2.3)e+03,(6.6+/-2.3)e+03,(6.6+/-2.3)e+03,(6.6+/-2.3)e+03,(6.6+/-2.3)e+03,(6.6+/-2.3)e+03,(6.6+/-2.3)e+03,(6.6+/-2.3)e+03,(6.6+/-2.3)e+03,(6.6+/-2.3)e+03,(6.6+/-2.3)e+03,(6.6+/-2.3)e+03,(6.6+/-2.3)e+03,(6.6+/-2.3)e+03,(6.6+/-2.3)e+03,(6.6+/-2.3)e+03,(6.6+/-2.3)e+03,(6.6+/-2.3)e+03,(6.6+/-2.3)e+03,(6.6+/-2.3)e+03,(6.6+/-2.3)e+03,(6.6+/-2.3)e+03,(6.6+/-2.3)e+03,(6.6+/-2.3)e+03,(6.6+/-2.3)e+03,(6.6+/-2.3)e+03,(6.6+/-2.3)e+03,(6.6+/-2.3)e+03,(6.6+/-2.3)e+03,(6.6+/-2.3)e+03,(6.6+/-2.3)e+03,(6.6+/-2.3)e+03
Madagascar,2507546,4088474,0,0,0,0,(4.7+/-1.7)e+04,(4.7+/-1.7)e+04,(4.7+/-1.7)e+04,(4.7+/-1.7)e+04,(4.7+/-1.7)e+04,(4.7+/-1.7)e+04,(4.7+/-1.7)e+04,(4.7+/-1.7)e+04,(4.7+/-1.7)e+04,(4.7+/-1.7)e+04,(4.7+/-1.7)e+04,(4.7+/-1.7)e+04,(4.7+/-1.7)e+04,(4.7+/-1.7)e+04,(4.7+/-1.7)e+04,(4.7+/-1.7)e+04,(4.7+/-1.7)e+04,(4.7+/-1.7)e+04,(4.7+/-1.7)e+04,(4.7+/-1.7)e+04,(4.7+/-1.7)e+04,(4.7+/-1.7)e+04,(4.7+/-1.7)e+04,(4.7+/-1.7)e+04,(4.7+/-1.7)e+04,(4.7+/-1.7)e+04,(4.7+/-1.7)e+04,(4.7+/-1.7)e+04,(4.7+/-1.7)e+04,(4.7+/-1.7)e+04,(4.7+/-1.7)e+04,(4.7+/-1.7)e+04,(4.7+/-1.7)e+04,(4.7+/-1.7)e+04,(4.7+/-1.7)e+04,(4.7+/-1.7)e+04,(4.7+/-1.7)e+04,(4.7+/-1.7)e+04,(4.7+/-1.7)e+04,(4.7+/-1.7)e+04,(4.7+/-1.7)e+04,(4.7+/-1.7)e+04,(4.7+/-1.7)e+04,(4.7+/-1.7)e+04,(4.7+/-1.7)e+04,(4.7+/-1.7)e+04,(4.7+/-1.7)e+04,(4.7+/-1.7)e+04,(4.7+/-1.7)e+04
Maldives,29927,71258,0,0,0,0,(6.6+/-2.3)e+03,(6.6+/-2.3)e+03,(6.6+/-2.3)e+03,(6.6+/-2.3)e+03,(6.6+/-2.3)e+03,(6.6+/-2.3)e+03,(6.6+/-2.3)e+03,(6.6+/-2.3)e+03,(6.6+/-2.3)e+03,(6.6+/-2.3)e+03,(6.6+/-2.3)e+03,(6.6+/-2.3)e+03,(6.6+/-2.3)e+03,(6.6+/-2.3)e+03,(6.6+/-2.3)e+03,(6.6+/-2.3)e+03,(6.6+/-2.3)e+03,(6.6+/-2.3)e+03,(6.6+/-2.3)e+03,(6.6+/-2.3)e+03,(6.6+/-2.3)e+03,(6.6+/-2.3)e+03,(6.6+/-2.3)e+03,(6.6+/-2.3)e+03,(6.6+/-2.3)e+03,(6.6+/-2.3)e+03,(6.6+/-2.3)e+03,(6.6+/-2.3)e+03,(6.6+/-2.3)e+03,(6.6+/-2.3)e+03,(6.6+/-2.3)e+03,(6.6+/-2.3)e+03,(6.6+/-2.3)e+03,(6.6+/-2.3)e+03,(6.6+/-2.3)e+03,(6.6+/-2.3)e+03,(6.6+/-2.3)e+03,(6.6+/-2.3)e+03,(6.6+/-2.3)e+03,(6.6+/-2.3)e+03,(6.6+/-2.3)e+03,(6.6+/-2.3)e+03,(6.6+/-2.3)e+03,(6.6+/-2.3)e+03,(6.6+/-2.3)e+03,(6.6+/-2.3)e+03,(6.6+/-2.3)e+03,(6.6+/-2.3)e+03,(6.6+/-2.3)e+03
Mexico,7871614,24222207,0,0,0,0,(1.8+/-0.7)e+06,(1.8+/-0.7)e+06,(1.8+/-0.7)e+06,(1.8+/-0.7)e+06,(1.8+/-0.7)e+06,(1.8+/-0.7)e+06,(1.8+/-0.7)e+06,(1.8+/-0.7)e+06,(1.8+/-0.7)e+06,(1.8+/-0.7)e+06,(1.8+/-0.7)e+06,(1.8+/-0.7)e+06,(1.8+/-0.7)e+06,(1.8+/-0.7)e+06,(1.8+/-0.7)e+06,(1.8+/-0.7)e+06,(1.8+/-0.7)e+06,(1.8+/-0.7)e+06,(1.8+/-0.7)e+06,(1.8+/-0.7)e+06,(1.8+/-0.7)e+06,(1.8+/-0.7)e+06,(1.8+/-0.7)e+06,(1.8+/-0.7)e+06,(1.8+/-0.7)e+06,(1.8+/-0.7)e+06,(1.8+/-0.7)e+06,(1.8+/-0.7)e+06,(1.8+/-0.7)e+06,(1.8+/-0.7)e+06,(1.8+/-0.7)e+06,(1.8+/-0.7)e+06,(1.8+/-0.7)e+06,(1.8+/-0.7)e+06,(1.8+/-0.7)e+06,(1.8+/-0.7)e+06,(1.8+/-0.7)e+06,(1.8+/-0.7)e+06,(1.8+/-0.7)e+06,(1.8+/-0.7)e+06,(1.8+/-0.7)e+06,(1.8+/-0.7)e+06,(1.8+/-0.7)e+06,(1.8+/-0.7)e+06,(1.8+/-0.7)e+06,(1.8+/-0.7)e+06,(1.8+/-0.7)e+06,(1.8+/-0.7)e+06,(1.8+/-0.7)e+06
Marshall Islands,1931,4766,0,0,0,0,(6.6+/-2.3)e+03,(6.6+/-2.3)e+03,(6.6+/-2.3)e+03,(6.6+/-2.3)e+03,(6.6+/-2.3)e+03,(6.6+/-2.3)e+03,(6.6+/-2.3)e+03,(6.6+/-2.3)e+03,(6.6+/-2.3)e+03,(6.6+/-2.3)e+03,(6.6+/-2.3)e+03,(6.6+/-2.3)e+03,(6.6+/-2.3)e+03,(6.6+/-2.3)e+03,(6.6+/-2.3)e+03,(6.6+/-2.3)e+03,(6.6+/-2.3)e+03,(6.6+/-2.3)e+03,(6.6+/-2.3)e+03,(6.6+/-2.3)e+03,(6.6+/-2.3)e+03,(6.6+/-2.3)e+03,(6.6+/-2.3)e+03,(6.6+/-2.3)e+03,(6.6+/-2.3)e+03,(6.6+/-2.3)e+03,(6.6+/-2.3)e+03,(6.6+/-2.3)e+03,(6.6+/-2.3)e+03,(6.6+/-2.3)e+03,(6.6+/-2.3)e+03,(6.6+/-2.3)e+03,(6.6+/-2.3)e+03,(6.6+/-2.3)e+03,(6.6+/-2.3)e+03,(6.6+/-2.3)e+03,(6.6+/-2.3)e+03,(6.6+/-2.3)e+03,(6.6+/-2.3)e+03,(6.6+/-2.3)e+03,(6.6+/-2.3)e+03,(6.6+/-2.3)e+03,(6.6+/-2.3)e+03,(6.6+/-2.3)e+03,(6.6+/-2.3)e+03,(6.6+/-2.3)e+03,(6.6+/-2.3)e+03,(6.6+/-2.3)e+03,(6.6+/-2.3)e+03
North Macedonia,125360,286142,0,0,0,0,(2.8+/-1.1)e+05,(2.8+/-1.1)e+05,(2.8+/-1.1)e+05,(2.8+/-1.1)e+05,(2.8+/-1.1)e+05,(2.8+/-1.1)e+05,(2.8+/-1.1)e+05,(2.8+/-1.1)e+05,(2.8+/-1.1)e+05,(2.8+/-1.1)e+05,(2.8+/-1.1)e+05,(2.8+/-1.1)e+05,(2.8+/-1.1)e+05,(2.8+/-1.1)e+05,(2.8+/-1.1)e+05,(2.8+/-1.1)e+05,(2.8+/-1.1)e+05,(2.8+/-1.1)e+05,(2.8+/-1.1)e+05,(2.8+/-1.1)e+05,(2.8+/-1.1)e+05,(2.8+/-1.1)e+05,(2.8+/-1.1)e+05,(2.8+/-1.1)e+05,(2.8+/-1.1)e+05,(2.8+/-1.1)e+05,(2.8+/-1.1)e+05,(2.8+/-1.1)e+05,(2.8+/-1.1)e+05,(2.8+/-1.1)e+05,(2.8+/-1.1)e+05,(2.8+/-1.1)e+05,(2.8+/-1.1)e+05,(2.8+/-1.1)e+05,(2.8+/-1.1)e+05,(2.8+/-1.1)e+05,(2.8+/-1.1)e+05,(2.8+/-1.1)e+05,(2.8+/-1.1)e+05,(2.8+/-1.1)e+05,(2.8+/-1.1)e+05,(2.8+/-1.1)e+05,(2.8+/-1.1)e+05,(2.8+/-1.1)e+05,(2.8+/-1.1)e+05,(2.8+/-1.1)e+05,(2.8+/-1.1)e+05,(2.8+/-1.1)e+05,(2.8+/-1.1)e+05
Mali,1335754,2927545,0,0,0,0,(6.6+/-2.3)e+03,(6.6+/-2.3)e+03,(6.6+/-2.3)e+03,(6.6+/-2.3)e+03,(6.6+/-2.3)e+03,(6.6+/-2.3)e+03,(6.6+/-2.3)e+03,(6.6+/-2.3)e+03,(6.6+/-2.3)e+03,(6.6+/-2.3)e+03,(6.6+/-2.3)e+03,(6.6+/-2.3)e+03,(6.6+/-2.3)e+03,(6.6+/-2.3)e+03,(6.6+/-2.3)e+03,(6.6+/-2.3)e+03,(6.6+/-2.3)e+03,(6.6+/-2.3)e+03,(6.6+/-2.3)e+03,(6.6+/-2.3)e+03,(6.6+/-2.3)e+03,(6.6+/-2.3)e+03,(6.6+/-2.3)e+03,(6.6+/-2.3)e+03,(6.6+/-2.3)e+03,(6.6+/-2.3)e+03,(6.6+/-2.3)e+03,(6.6+/-2.3)e+03,(6.6+/-2.3)e+03,(6.6+/-2.3)e+03,(6.6+/-2.3)e+03,(6.6+/-2.3)e+03,(6.6+/-2.3)e+03,(6.6+/-2.3)e+03,(6.6+/-2.3)e+03,(6.6+/-2.3)e+03,(6.6+/-2.3)e+03,(6.6+/-2.3)e+03,(6.6+/-2.3)e+03,(6.6+/-2.3)e+03,(6.6+/-2.3)e+03,(6.6+/-2.3)e+03,(6.6+/-2.3)e+03,(6.6+/-2.3)e+03,(6.6+/-2.3)e+03,(6.6+/-2.3)e+03,(6.6+/-2.3)e+03,(6.6+/-2.3)e+03,(6.6+/-2.3)e+03
Malta,41019,102172,0,0,0,0,(6.6+/-2.3)e+03,(6.6+/-2.3)e+03,(6.6+/-2.3)e+03,(6.6+/-2.3)e+03,(6.6+/-2.3)e+03,(6.6+/-2.3)e+03,(6.6+/-2.3)e+03,(6.6+/-2.3)e+03,(6.6+/-2.3)e+03,(6.6+/-2.3)e+03,(6.6+/-2.3)e+03,(6.6+/-2.3)e+03,(6.6+/-2.3)e+03,(6.6+/-2.3)e+03,(6.6+/-2.3)e+03,(6.6+/-2.3)e+03,(6.6+/-2.3)e+03,(6.6+/-2.3)e+03,(6.6+/-2.3)e+03,(6.6+/-2.3)e+03,(6.6+/-2.3)e+03,(6.6+/-2.3)e+03,(6.6+/-2.3)e+03,(6.6+/-2.3)e+03,(6.6+/-2.3)e+03,(6.6+/-2.3)e+03,(6.6+/-2.3)e+03,(6.6+/-2.3)e+03,(6.6+/-2.3)e+03,(6.6+/-2.3)e+03,(6.6+/-2.3)e+03,(6.6+/-2.3)e+03,(6.6+/-2.3)e+03,(6.6+/-2.3)e+03,(6.6+/-2.3)e+03,(6.6+/-2.3)e+03,(6.6+/-2.3)e+03,(6.6+/-2.3)e+03,(6.6+/-2.3)e+03,(6.6+/-2.3)e+03,(6.6+/-2.3)e+03,(6.6+/-2.3)e+03,(6.6+/-2.3)e+03,(6.6+/-2.3)e+03,(6.6+/-2.3)e+03,(6.6+/-2.3)e+03,(6.6+/-2.3)e+03,(6.6+/-2.3)e+03,(6.6+/-2.3)e+03
Myanmar,3863021,8833817,0,0,0,0,(5.7+/-2.1)e+04,(5.7+/-2.1)e+04,(5.7+/-2.1)e+04,(5.7+/-2.1)e+04,(5.7+/-2.1)e+04,(5.7+/-2.1)e+04,(5.7+/-2.1)e+04,(5.7+/-2.1)e+04,(5.7+/-2.1)e+04,(5.7+/-2.1)e+04,(5.7+/-2.1)e+04,(5.7+/-2.1)e+04,(5.7+/-2.1)e+04,(5.7+/-2.1)e+04,(5.7+/-2.1)e+04,(5.7+/-2.1)e+04,(5.7+/-2.1)e+04,(5.7+/-2.1)e+04,(5.7+/-2.1)e+04,(5.7+/-2.1)e+04,(5.7+/-2.1)e+04,(5.7+/-2.1)e+04,(5.7+/-2.1)e+04,(5.7+/-2.1)e+04,(5.7+/-2.1)e+04,(5.7+/-2.1)e+04,(5.7+/-2.1)e+04,(5.7+/-2.1)e+04,(5.7+/-2.1)e+04,(5.7+/-2.1)e+04,(5.7+/-2.1)e+04,(5.7+/-2.1)e+04,(5.7+/-2.1)e+04,(5.7+/-2.1)e+04,(5.7+/-2.1)e+04,(5.7+/-2.1)e+04,(5.7+/-2.1)e+04,(5.7+/-2.1)e+04,(5.7+/-2.1)e+04,(5.7+/-2.1)e+04,(5.7+/-2.1)e+04,(5.7+/-2.1)e+04,(5.7+/-2.1)e+04,(5.7+/-2.1)e+04,(5.7+/-2.1)e+04,(5.7+/-2.1)e+04,(5.7+/-2.1)e+04,(5.7+/-2.1)e+04,(5.7+/-2.1)e+04
Montenegro,34386,86686,0,0,0,0,(6.6+/-2.3)e+03,(6.6+/-2.3)e+03,(6.6+/-2.3)e+03,(6.6+/-2.3)e+03,(6.6+/-2.3)e+03,(6.6+/-2.3)e+03,(6.6+/-2.3)e+03,(6.6+/-2.3)e+03,(6.6+/-2.3)e+03,(6.6+/-2.3)e+03,(6.6+/-2.3)e+03,(6.6+/-2.3)e+03,(6.6+/-2.3)e+03,(6.6+/-2.3)e+03,(6.6+/-2.3)e+03,(6.6+/-2.3)e+03,(6.6+/-2.3)e+03,(6.6+/-2.3)e+03,(6.6+/-2.3)e+03,(6.6+/-2.3)e+03,(6.6+/-2.3)e+03,(6.6+/-2.3)e+03,(6.6+/-2.3)e+03,(6.6+/-2.3)e+03,(6.6+/-2.3)e+03,(6.6+/-2.3)e+03,(6.6+/-2.3)e+03,(6.6+/-2.3)e+03,(6.6+/-2.3)e+03,(6.6+/-2.3)e+03,(6.6+/-2.3)e+03,(6.6+/-2.3)e+03,(6.6+/-2.3)e+03,(6.6+/-2.3)e+03,(6.6+/-2.3)e+03,(6.6+/-2.3)e+03,(6.6+/-2.3)e+03,(6.6+/-2.3)e+03,(6.6+/-2.3)e+03,(6.6+/-2.3)e+03,(6.6+/-2.3)e+03,(6.6+/-2.3)e+03,(6.6+/-2.3)e+03,(6.6+/-2.3)e+03,(6.6+/-2.3)e+03,(6.6+/-2.3)e+03,(6.6+/-2.3)e+03,(6.6+/-2.3)e+03,(6.6+/-2.3)e+03
Mongolia,251447,487011,0,0,0,0,(3.9+/-1.5)e+05,(3.9+/-1.5)e+05,(3.9+/-1.5)e+05,(3.9+/-1.5)e+05,(3.9+/-1.5)e+05,(3.9+/-1.5)e+05,(3.9+/-1.5)e+05,(3.9+/-1.5)e+05,(3.9+/-1.5)e+05,(3.9+/-1.5)e+05,(3.9+/-1.5)e+05,(3.9+/-1.5)e+05,(3.9+/-1.5)e+05,(3.9+/-1.5)e+05,(3.9+/-1.5)e+05,(3.9+/-1.5)e+05,(3.9+/-1.5)e+05,(3.9+/-1.5)e+05,(3.9+/-1.5)e+05,(3.9+/-1.5)e+05,(3.9+/-1.5)e+05,(3.9+/-1.5)e+05,(3.9+/-1.5)e+05,(3.9+/-1.5)e+05,(3.9+/-1.5)e+05,(3.9+/-1.5)e+05,(3.9+/-1.5)e+05,(3.9+/-1.5)e+05,(3.9+/-1.5)e+05,(3.9+/-1.5)e+05,(3.9+/-1.5)e+05,(3.9+/-1.5)e+05,(3.9+/-1.5)e+05,(3.9+/-1.5)e+05,(3.9+/-1.5)e+05,(3.9+/-1.5)e+05,(3.9+/-1.5)e+05,(3.9+/-1.5)e+05,(3.9+/-1.5)e+05,(3.9+/-1.5)e+05,(3.9+/-1.5)e+05,(3.9+/-1.5)e+05,(3.9+/-1.5)e+05,(3.9+/-1.5)e+05,(3.9+/-1.5)e+05,(3.9+/-1.5)e+05,(3.9+/-1.5)e+05,(3.9+/-1.5)e+05,(3.9+/-1.5)e+05
Northern Mariana Islands,2790,7069,0,0,0,0,(6.6+/-2.3)e+03,(6.6+/-2.3)e+03,(6.6+/-2.3)e+03,(6.6+/-2.3)e+03,(6.6+/-2.3)e+03,(6.6+/-2.3)e+03,(6.6+/-2.3)e+03,(6.6+/-2.3)e+03,(6.6+/-2.3)e+03,(6.6+/-2.3)e+03,(6.6+/-2.3)e+03,(6.6+/-2.3)e+03,(6.6+/-2.3)e+03,(6.6+/-2.3)e+03,(6.6+/-2.3)e+03,(6.6+/-2.3)e+03,(6.6+/-2.3)e+03,(6.6+/-2.3)e+03,(6.6+/-2.3)e+03,(6.6+/-2.3)e+03,(6.6+/-2.3)e+03,(6.6+/-2.3)e+03,(6.6+/-2.3)e+03,(6.6+/-2.3)e+03,(6.6+/-2.3)e+03,(6.6+/-2.3)e+03,(6.6+/-2.3)e+03,(6.6+/-2.3)e+03,(6.6+/-2.3)e+03,(6.6+/-2.3)e+03,(6.6+/-2.3)e+03,(6.6+/-2.3)e+03,(6.6+/-2.3)e+03,(6.6+/-2.3)e+03,(6.6+/-2.3)e+03,(6.6+/-2.3)e+03,(6.6+/-2.3)e+03,(6.6+/-2.3)e+03,(6.6+/-2.3)e+03,(6.6+/-2.3)e+03,(6.6+/-2.3)e+03,(6.6+/-2.3)e+03,(6.6+/-2.3)e+03,(6.6+/-2.3)e+03,(6.6+/-2.3)e+03,(6.6+/-2.3)e+03,(6.6+/-2.3)e+03,(6.6+/-2.3)e+03,(6.6+/-2.3)e+03
Mozambique,615314,2159585,0,0,0,0,(6.6+/-2.3)e+03,(6.6+/-2.3)e+03,(6.6+/-2.3)e+03,(6.6+/-2.3)e+03,(6.6+/-2.3)e+03,(6.6+/-2.3)e+03,(6.6+/-2.3)e+03,(6.6+/-2.3)e+03,(6.6+/-2.3)e+03,(6.6+/-2.3)e+03,(6.6+/-2.3)e+03,(6.6+/-2.3)e+03,(6.6+/-2.3)e+03,(6.6+/-2.3)e+03,(6.6+/-2.3)e+03,(6.6+/-2.3)e+03,(6.6+/-2.3)e+03,(6.6+/-2.3)e+03,(6.6+/-2.3)e+03,(6.6+/-2.3)e+03,(6.6+/-2.3)e+03,(6.6+/-2.3)e+03,(6.6+/-2.3)e+03,(6.6+/-2.3)e+03,(6.6+/-2.3)e+03,(6.6+/-2.3)e+03,(6.6+/-2.3)e+03,(6.6+/-2.3)e+03,(6.6+/-2.3)e+03,(6.6+/-2.3)e+03,(6.6+/-2.3)e+03,(6.6+/-2.3)e+03,(6.6+/-2.3)e+03,(6.6+/-2.3)e+03,(6.6+/-2.3)e+03,(6.6+/-2.3)e+03,(6.6+/-2.3)e+03,(6.6+/-2.3)e+03,(6.6+/-2.3)e+03,(6.6+/-2.3)e+03,(6.6+/-2.3)e+03,(6.6+/-2.3)e+03,(6.6+/-2.3)e+03,(6.6+/-2.3)e+03,(6.6+/-2.3)e+03,(6.6+/-2.3)e+03,(6.6+/-2.3)e+03,(6.6+/-2.3)e+03,(6.6+/-2.3)e+03
Mauritania,148250,488192,0,0,0,0,(6.6+/-2.3)e+03,(6.6+/-2.3)e+03,(6.6+/-2.3)e+03,(6.6+/-2.3)e+03,(6.6+/-2.3)e+03,(6.6+/-2.3)e+03,(6.6+/-2.3)e+03,(6.6+/-2.3)e+03,(6.6+/-2.3)e+03,(6.6+/-2.3)e+03,(6.6+/-2.3)e+03,(6.6+/-2.3)e+03,(6.6+/-2.3)e+03,(6.6+/-2.3)e+03,(6.6+/-2.3)e+03,(6.6+/-2.3)e+03,(6.6+/-2.3)e+03,(6.6+/-2.3)e+03,(6.6+/-2.3)e+03,(6.6+/-2.3)e+03,(6.6+/-2.3)e+03,(6.6+/-2.3)e+03,(6.6+/-2.3)e+03,(6.6+/-2.3)e+03,(6.6+/-2.3)e+03,(6.6+/-2.3)e+03,(6.6+/-2.3)e+03,(6.6+/-2.3)e+03,(6.6+/-2.3)e+03,(6.6+/-2.3)e+03,(6.6+/-2.3)e+03,(6.6+/-2.3)e+03,(6.6+/-2.3)e+03,(6.6+/-2.3)e+03,(6.6+/-2.3)e+03,(6.6+/-2.3)e+03,(6.6+/-2.3)e+03,(6.6+/-2.3)e+03,(6.6+/-2.3)e+03,(6.6+/-2.3)e+03,(6.6+/-2.3)e+03,(6.6+/-2.3)e+03,(6.6+/-2.3)e+03,(6.6+/-2.3)e+03,(6.6+/-2.3)e+03,(6.6+/-2.3)e+03,(6.6+/-2.3)e+03,(6.6+/-2.3)e+03,(6.6+/-2.3)e+03
Mauritius,75667,206937,0,0,0,0,(7.2+/-2.7)e+04,(7.2+/-2.7)e+04,(7.2+/-2.7)e+04,(7.2+/-2.7)e+04,(7.2+/-2.7)e+04,(7.2+/-2.7)e+04,(7.2+/-2.7)e+04,(7.2+/-2.7)e+04,(7.2+/-2.7)e+04,(7.2+/-2.7)e+04,(7.2+/-2.7)e+04,(7.2+/-2.7)e+04,(7.2+/-2.7)e+04,(7.2+/-2.7)e+04,(7.2+/-2.7)e+04,(7.2+/-2.7)e+04,(7.2+/-2.7)e+04,(7.2+/-2.7)e+04,(7.2+/-2.7)e+04,(7.2+/-2.7)e+04,(7.2+/-2.7)e+04,(7.2+/-2.7)e+04,(7.2+/-2.7)e+04,(7.2+/-2.7)e+04,(7.2+/-2.7)e+04,(7.2+/-2.7)e+04,(7.2+/-2.7)e+04,(7.2+/-2.7)e+04,(7.2+/-2.7)e+04,(7.2+/-2.7)e+04,(7.2+/-2.7)e+04,(7.2+/-2.7)e+04,(7.2+/-2.7)e+04,(7.2+/-2.7)e+04,(7.2+/-2.7)e+04,(7.2+/-2.7)e+04,(7.2+/-2.7)e+04,(7.2+/-2.7)e+04,(7.2+/-2.7)e+04,(7.2+/-2.7)e+04,(7.2+/-2.7)e+04,(7.2+/-2.7)e+04,(7.2+/-2.7)e+04,(7.2+/-2.7)e+04,(7.2+/-2.7)e+04,(7.2+/-2.7)e+04,(7.2+/-2.7)e+04,(7.2+/-2.7)e+04,(7.2+/-2.7)e+04
Malawi,1009990,2063335,0,0,0,0,(6.6+/-2.3)e+03,(6.6+/-2.3)e+03,(6.6+/-2.3)e+03,(6.6+/-2.3)e+03,(6.6+/-2.3)e+03,(6.6+/-2.3)e+03,(6.6+/-2.3)e+03,(6.6+/-2.3)e+03,(6.6+/-2.3)e+03,(6.6+/-2.3)e+03,(6.6+/-2.3)e+03,(6.6+/-2.3)e+03,(6.6+/-2.3)e+03,(6.6+/-2.3)e+03,(6.6+/-2.3)e+03,(6.6+/-2.3)e+03,(6.6+/-2.3)e+03,(6.6+/-2.3)e+03,(6.6+/-2.3)e+03,(6.6+/-2.3)e+03,(6.6+/-2.3)e+03,(6.6+/-2.3)e+03,(6.6+/-2.3)e+03,(6.6+/-2.3)e+03,(6.6+/-2.3)e+03,(6.6+/-2.3)e+03,(6.6+/-2.3)e+03,(6.6+/-2.3)e+03,(6.6+/-2.3)e+03,(6.6+/-2.3)e+03,(6.6+/-2.3)e+03,(6.6+/-2.3)e+03,(6.6+/-2.3)e+03,(6.6+/-2.3)e+03,(6.6+/-2.3)e+03,(6.6+/-2.3)e+03,(6.6+/-2.3)e+03,(6.6+/-2.3)e+03,(6.6+/-2.3)e+03,(6.6+/-2.3)e+03,(6.6+/-2.3)e+03,(6.6+/-2.3)e+03,(6.6+/-2.3)e+03,(6.6+/-2.3)e+03,(6.6+/-2.3)e+03,(6.6+/-2.3)e+03,(6.6+/-2.3)e+03,(6.6+/-2.3)e+03,(6.6+/-2.3)e+03
Malaysia,2955845,7300593,0,0,0,0,(4.5+/-1.7)e+06,(4.5+/-1.7)e+06,(4.5+/-1.7)e+06,(4.5+/-1.7)e+06,(4.5+/-1.7)e+06,(4.5+/-1.7)e+06,(4.5+/-1.7)e+06,(4.5+/-1.7)e+06,(4.5+/-1.7)e+06,(4.5+/-1.7)e+06,(4.5+/-1.7)e+06,(4.5+/-1.7)e+06,(4.5+/-1.7)e+06,(4.5+/-1.7)e+06,(4.5+/-1.7)e+06,(4.5+/-1.7)e+06,(4.5+/-1.7)e+06,(4.5+/-1.7)e+06,(4.5+/-1.7)e+06,(4.5+/-1.7)e+06,(4.5+/-1.7)e+06,(4.5+/-1.7)e+06,(4.5+/-1.7)e+06,(4.5+/-1.7)e+06,(4.5+/-1.7)e+06,(4.5+/-1.7)e+06,(4.5+/-1.7)e+06,(4.5+/-1.7)e+06,(4.5+/-1.7)e+06,(4.5+/-1.7)e+06,(4.5+/-1.7)e+06,(4.5+/-1.7)e+06,(4.5+/-1.7)e+06,(4.5+/-1.7)e+06,(4.5+/-1.7)e+06,(4.5+/-1.7)e+06,(4.5+/-1.7)e+06,(4.5+/-1.7)e+06,(4.5+/-1.7)e+06,(4.5+/-1.7)e+06,(4.5+/-1.7)e+06,(4.5+/-1.7)e+06,(4.5+/-1.7)e+06,(4.5+/-1.7)e+06,(4.5+/-1.7)e+06,(4.5+/-1.7)e+06,(4.5+/-1.7)e+06,(4.5+/-1.7)e+06,(4.5+/-1.7)e+06
Namibia,154577,398290,0,0,0,0,(4.7+/-1.7)e+04,(4.7+/-1.7)e+04,(4.7+/-1.7)e+04,(4.7+/-1.7)e+04,(4.7+/-1.7)e+04,(4.7+/-1.7)e+04,(4.7+/-1.7)e+04,(4.7+/-1.7)e+04,(4.7+/-1.7)e+04,(4.7+/-1.7)e+04,(4.7+/-1.7)e+04,(4.7+/-1.7)e+04,(4.7+/-1.7)e+04,(4.7+/-1.7)e+04,(4.7+/-1.7)e+04,(4.7+/-1.7)e+04,(4.7+/-1.7)e+04,(4.7+/-1.7)e+04,(4.7+/-1.7)e+04,(4.7+/-1.7)e+04,(4.7+/-1.7)e+04,(4.7+/-1.7)e+04,(4.7+/-1.7)e+04,(4.7+/-1.7)e+04,(4.7+/-1.7)e+04,(4.7+/-1.7)e+04,(4.7+/-1.7)e+04,(4.7+/-1.7)e+04,(4.7+/-1.7)e+04,(4.7+/-1.7)e+04,(4.7+/-1.7)e+04,(4.7+/-1.7)e+04,(4.7+/-1.7)e+04,(4.7+/-1.7)e+04,(4.7+/-1.7)e+04,(4.7+/-1.7)e+04,(4.7+/-1.7)e+04,(4.7+/-1.7)e+04,(4.7+/-1.7)e+04,(4.7+/-1.7)e+04,(4.7+/-1.7)e+04,(4.7+/-1.7)e+04,(4.7+/-1.7)e+04,(4.7+/-1.7)e+04,(4.7+/-1.7)e+04,(4.7+/-1.7)e+04,(4.7+/-1.7)e+04,(4.7+/-1.7)e+04,(4.7+/-1.7)e+04
New Caledonia,15798,38044,0,0,0,0,(1.3+/-0.5)e+05,(1.3+/-0.5)e+05,(1.3+/-0.5)e+05,(1.3+/-0.5)e+05,(1.3+/-0.5)e+05,(1.3+/-0.5)e+05,(1.3+/-0.5)e+05,(1.3+/-0.5)e+05,(1.3+/-0.5)e+05,(1.3+/-0.5)e+05,(1.3+/-0.5)e+05,(1.3+/-0.5)e+05,(1.3+/-0.5)e+05,(1.3+/-0.5)e+05,(1.3+/-0.5)e+05,(1.3+/-0.5)e+05,(1.3+/-0.5)e+05,(1.3+/-0.5)e+05,(1.3+/-0.5)e+05,(1.3+/-0.5)e+05,(1.3+/-0.5)e+05,(1.3+/-0.5)e+05,(1.3+/-0.5)e+05,(1.3+/-0.5)e+05,(1.3+/-0.5)e+05,(1.3+/-0.5)e+05,(1.3+/-0.5)e+05,(1.3+/-0.5)e+05,(1.3+/-0.5)e+05,(1.3+/-0.5)e+05,(1.3+/-0.5)e+05,(1.3+/-0.5)e+05,(1.3+/-0.5)e+05,(1.3+/-0.5)e+05,(1.3+/-0.5)e+05,(1.3+/-0.5)e+05,(1.3+/-0.5)e+05,(1.3+/-0.5)e+05,(1.3+/-0.5)e+05,(1.3+/-0.5)e+05,(1.3+/-0.5)e+05,(1.3+/-0.5)e+05,(1.3+/-0.5)e+05,(1.3+/-0.5)e+05,(1.3+/-0.5)e+05,(1.3+/-0.5)e+05,(1.3+/-0.5)e+05,(1.3+/-0.5)e+05,(1.3+/-0.5)e+05
Niger,1286469,4236382,0,0,0,0,(1.7+/-0.6)e+04,(1.7+/-0.6)e+04,(1.7+/-0.6)e+04,(1.7+/-0.6)e+04,(1.7+/-0.6)e+04,(1.7+/-0.6)e+04,(1.7+/-0.6)e+04,(1.7+/-0.6)e+04,(1.7+/-0.6)e+04,(1.7+/-0.6)e+04,(1.7+/-0.6)e+04,(1.7+/-0.6)e+04,(1.7+/-0.6)e+04,(1.7+/-0.6)e+04,(1.7+/-0.6)e+04,(1.7+/-0.6)e+04,(1.7+/-0.6)e+04,(1.7+/-0.6)e+04,(1.7+/-0.6)e+04,(1.7+/-0.6)e+04,(1.7+/-0.6)e+04,(1.7+/-0.6)e+04,(1.7+/-0.6)e+04,(1.7+/-0.6)e+04,(1.7+/-0.6)e+04,(1.7+/-0.6)e+04,(1.7+/-0.6)e+04,(1.7+/-0.6)e+04,(1.7+/-0.6)e+04,(1.7+/-0.6)e+04,(1.7+/-0.6)e+04,(1.7+/-0.6)e+04,(1.7+/-0.6)e+04,(1.7+/-0.6)e+04,(1.7+/-0.6)e+04,(1.7+/-0.6)e+04,(1.7+/-0.6)e+04,(1.7+/-0.6)e+04,(1.7+/-0.6)e+04,(1.7+/-0.6)e+04,(1.7+/-0.6)e+04,(1.7+/-0.6)e+04,(1.7+/-0.6)e+04,(1.7+/-0.6)e+04,(1.7+/-0.6)e+04,(1.7+/-0.6)e+04,(1.7+/-0.6)e+04,(1.7+/-0.6)e+04,(1.7+/-0.6)e+04
Nigeria,6580214,16942373,0,0,0,0,(1.2+/-0.5)e+05,(1.2+/-0.5)e+05,(1.2+/-0.5)e+05,(1.2+/-0.5)e+05,(1.2+/-0.5)e+05,(1.2+/-0.5)e+05,(1.2+/-0.5)e+05,(1.2+/-0.5)e+05,(1.2+/-0.5)e+05,(1.2+/-0.5)e+05,(1.2+/-0.5)e+05,(1.2+/-0.5)e+05,(1.2+/-0.5)e+05,(1.2+/-0.5)e+05,(1.2+/-0.5)e+05,(1.2+/-0.5)e+05,(1.2+/-0.5)e+05,(1.2+/-0.5)e+05,(1.2+/-0.5)e+05,(1.2+/-0.5)e+05,(1.2+/-0.5)e+05,(1.2+/-0.5)e+05,(1.2+/-0.5)e+05,(1.2+/-0.5)e+05,(1.2+/-0.5)e+05,(1.2+/-0.5)e+05,(1.2+/-0.5)e+05,(1.2+/-0.5)e+05,(1.2+/-0.5)e+05,(1.2+/-0.5)e+05,(1.2+/-0.5)e+05,(1.2+/-0.5)e+05,(1.2+/-0.5)e+05,(1.2+/-0.5)e+05,(1.2+/-0.5)e+05,(1.2+/-0.5)e+05,(1.2+/-0.5)e+05,(1.2+/-0.5)e+05,(1.2+/-0.5)e+05,(1.2+/-0.5)e+05,(1.2+/-0.5)e+05,(1.2+/-0.5)e+05,(1.2+/-0.5)e+05,(1.2+/-0.5)e+05,(1.2+/-0.5)e+05,(1.2+/-0.5)e+05,(1.2+/-0.5)e+05,(1.2+/-0.5)e+05,(1.2+/-0.5)e+05
Nicaragua,437353,1372499,0,0,0,0,(6.6+/-2.3)e+03,(6.6+/-2.3)e+03,(6.6+/-2.3)e+03,(6.6+/-2.3)e+03,(6.6+/-2.3)e+03,(6.6+/-2.3)e+03,(6.6+/-2.3)e+03,(6.6+/-2.3)e+03,(6.6+/-2.3)e+03,(6.6+/-2.3)e+03,(6.6+/-2.3)e+03,(6.6+/-2.3)e+03,(6.6+/-2.3)e+03,(6.6+/-2.3)e+03,(6.6+/-2.3)e+03,(6.6+/-2.3)e+03,(6.6+/-2.3)e+03,(6.6+/-2.3)e+03,(6.6+/-2.3)e+03,(6.6+/-2.3)e+03,(6.6+/-2.3)e+03,(6.6+/-2.3)e+03,(6.6+/-2.3)e+03,(6.6+/-2.3)e+03,(6.6+/-2.3)e+03,(6.6+/-2.3)e+03,(6.6+/-2.3)e+03,(6.6+/-2.3)e+03,(6.6+/-2.3)e+03,(6.6+/-2.3)e+03,(6.6+/-2.3)e+03,(6.6+/-2.3)e+03,(6.6+/-2.3)e+03,(6.6+/-2.3)e+03,(6.6+/-2.3)e+03,(6.6+/-2.3)e+03,(6.6+/-2.3)e+03,(6.6+/-2.3)e+03,(6.6+/-2.3)e+03,(6.6+/-2.3)e+03,(6.6+/-2.3)e+03,(6.6+/-2.3)e+03,(6.6+/-2.3)e+03,(6.6+/-2.3)e+03,(6.6+/-2.3)e+03,(6.6+/-2.3)e+03,(6.6+/-2.3)e+03,(6.6+/-2.3)e+03,(6.6+/-2.3)e+03
Netherlands,1282688,2998462,0,0,0,0,(1.2+/-0.4)e+06,(1.2+/-0.4)e+06,(1.2+/-0.4)e+06,(1.2+/-0.4)e+06,(1.2+/-0.4)e+06,(1.2+/-0.4)e+06,(1.2+/-0.4)e+06,(1.2+/-0.4)e+06,(1.2+/-0.4)e+06,(1.2+/-0.4)e+06,(1.2+/-0.4)e+06,(1.2+/-0.4)e+06,(1.2+/-0.4)e+06,(1.2+/-0.4)e+06,(1.2+/-0.4)e+06,(1.2+/-0.4)e+06,(1.2+/-0.4)e+06,(1.2+/-0.4)e+06,(1.2+/-0.4)e+06,(1.2+/-0.4)e+06,(1.2+/-0.4)e+06,(1.2+/-0.4)e+06,(1.2+/-0.4)e+06,(1.2+/-0.4)e+06,(1.2+/-0.4)e+06,(1.2+/-0.4)e+06,(1.2+/-0.4)e+06,(1.2+/-0.4)e+06,(1.2+/-0.4)e+06,(1.2+/-0.4)e+06,(1.2+/-0.4)e+06,(1.2+/-0.4)e+06,(1.2+/-0.4)e+06,(1.2+/-0.4)e+06,(1.2+/-0.4)e+06,(1.2+/-0.4)e+06,(1.2+/-0.4)e+06,(1.2+/-0.4)e+06,(1.2+/-0.4)e+06,(1.2+/-0.4)e+06,(1.2+/-0.4)e+06,(1.2+/-0.4)e+06,(1.2+/-0.4)e+06,(1.2+/-0.4)e+06,(1.2+/-0.4)e+06,(1.2+/-0.4)e+06,(1.2+/-0.4)e+06,(1.2+/-0.4)e+06,(1.2+/-0.4)e+06
Norway,467484,999401,0,0,0,0,(6.6+/-2.3)e+03,(6.6+/-2.3)e+03,(6.6+/-2.3)e+03,(6.6+/-2.3)e+03,(6.6+/-2.3)e+03,(6.6+/-2.3)e+03,(6.6+/-2.3)e+03,(6.6+/-2.3)e+03,(6.6+/-2.3)e+03,(6.6+/-2.3)e+03,(6.6+/-2.3)e+03,(6.6+/-2.3)e+03,(6.6+/-2.3)e+03,(6.6+/-2.3)e+03,(6.6+/-2.3)e+03,(6.6+/-2.3)e+03,(6.6+/-2.3)e+03,(6.6+/-2.3)e+03,(6.6+/-2.3)e+03,(6.6+/-2.3)e+03,(6.6+/-2.3)e+03,(6.6+/-2.3)e+03,(6.6+/-2.3)e+03,(6.6+/-2.3)e+03,(6.6+/-2.3)e+03,(6.6+/-2.3)e+03,(6.6+/-2.3)e+03,(6.6+/-2.3)e+03,(6.6+/-2.3)e+03,(6.6+/-2.3)e+03,(6.6+/-2.3)e+03,(6.6+/-2.3)e+03,(6.6+/-2.3)e+03,(6.6+/-2.3)e+03,(6.6+/-2.3)e+03,(6.6+/-2.3)e+03,(6.6+/-2.3)e+03,(6.6+/-2.3)e+03,(6.6+/-2.3)e+03,(6.6+/-2.3)e+03,(6.6+/-2.3)e+03,(6.6+/-2.3)e+03,(6.6+/-2.3)e+03,(6.6+/-2.3)e+03,(6.6+/-2.3)e+03,(6.6+/-2.3)e+03,(6.6+/-2.3)e+03,(6.6+/-2.3)e+03,(6.6+/-2.3)e+03
Nepal,1136823,3463407,0,0,0,0,(6.6+/-2.3)e+03,(6.6+/-2.3)e+03,(6.6+/-2.3)e+03,(6.6+/-2.3)e+03,(6.6+/-2.3)e+03,(6.6+/-2.3)e+03,(6.6+/-2.3)e+03,(6.6+/-2.3)e+03,(6.6+/-2.3)e+03,(6.6+/-2.3)e+03,(6.6+/-2.3)e+03,(6.6+/-2.3)e+03,(6.6+/-2.3)e+03,(6.6+/-2.3)e+03,(6.6+/-2.3)e+03,(6.6+/-2.3)e+03,(6.6+/-2.3)e+03,(6.6+/-2.3)e+03,(6.6+/-2.3)e+03,(6.6+/-2.3)e+03,(6.6+/-2.3)e+03,(6.6+/-2.3)e+03,(6.6+/-2.3)e+03,(6.6+/-2.3)e+03,(6.6+/-2.3)e+03,(6.6+/-2.3)e+03,(6.6+/-2.3)e+03,(6.6+/-2.3)e+03,(6.6+/-2.3)e+03,(6.6+/-2.3)e+03,(6.6+/-2.3)e+03,(6.6+/-2.3)e+03,(6.6+/-2.3)e+03,(6.6+/-2.3)e+03,(6.6+/-2.3)e+03,(6.6+/-2.3)e+03,(6.6+/-2.3)e+03,(6.6+/-2.3)e+03,(6.6+/-2.3)e+03,(6.6+/-2.3)e+03,(6.6+/-2.3)e+03,(6.6+/-2.3)e+03,(6.6+/-2.3)e+03,(6.6+/-2.3)e+03,(6.6+/-2.3)e+03,(6.6+/-2.3)e+03,(6.6+/-2.3)e+03,(6.6+/-2.3)e+03,(6.6+/-2.3)e+03
Nauru,686,1168,0,0,0,0,(6.6+/-2.3)e+03,(6.6+/-2.3)e+03,(6.6+/-2.3)e+03,(6.6+/-2.3)e+03,(6.6+/-2.3)e+03,(6.6+/-2.3)e+03,(6.6+/-2.3)e+03,(6.6+/-2.3)e+03,(6.6+/-2.3)e+03,(6.6+/-2.3)e+03,(6.6+/-2.3)e+03,(6.6+/-2.3)e+03,(6.6+/-2.3)e+03,(6.6+/-2.3)e+03,(6.6+/-2.3)e+03,(6.6+/-2.3)e+03,(6.6+/-2.3)e+03,(6.6+/-2.3)e+03,(6.6+/-2.3)e+03,(6.6+/-2.3)e+03,(6.6+/-2.3)e+03,(6.6+/-2.3)e+03,(6.6+/-2.3)e+03,(6.6+/-2.3)e+03,(6.6+/-2.3)e+03,(6.6+/-2.3)e+03,(6.6+/-2.3)e+03,(6.6+/-2.3)e+03,(6.6+/-2.3)e+03,(6.6+/-2.3)e+03,(6.6+/-2.3)e+03,(6.6+/-2.3)e+03,(6.6+/-2.3)e+03,(6.6+/-2.3)e+03,(6.6+/-2.3)e+03,(6.6+/-2.3)e+03,(6.6+/-2.3)e+03,(6.6+/-2.3)e+03,(6.6+/-2.3)e+03,(6.6+/-2.3)e+03,(6.6+/-2.3)e+03,(6.6+/-2.3)e+03,(6.6+/-2.3)e+03,(6.6+/-2.3)e+03,(6.6+/-2.3)e+03,(6.6+/-2.3)e+03,(6.6+/-2.3)e+03,(6.6+/-2.3)e+03,(6.6+/-2.3)e+03
New Zealand,409707,912917,0,0,0,0,(2.6+/-1.0)e+05,(2.6+/-1.0)e+05,(2.6+/-1.0)e+05,(2.6+/-1.0)e+05,(2.6+/-1.0)e+05,(2.6+/-1.0)e+05,(2.6+/-1.0)e+05,(2.6+/-1.0)e+05,(2.6+/-1.0)e+05,(2.6+/-1.0)e+05,(2.6+/-1.0)e+05,(2.6+/-1.0)e+05,(2.6+/-1.0)e+05,(2.6+/-1.0)e+05,(2.6+/-1.0)e+05,(2.6+/-1.0)e+05,(2.6+/-1.0)e+05,(2.6+/-1.0)e+05,(2.6+/-1.0)e+05,(2.6+/-1.0)e+05,(2.6+/-1.0)e+05,(2.6+/-1.0)e+05,(2.6+/-1.0)e+05,(2.6+/-1.0)e+05,(2.6+/-1.0)e+05,(2.6+/-1.0)e+05,(2.6+/-1.0)e+05,(2.6+/-1.0)e+05,(2.6+/-1.0)e+05,(2.6+/-1.0)e+05,(2.6+/-1.0)e+05,(2.6+/-1.0)e+05,(2.6+/-1.0)e+05,(2.6+/-1.0)e+05,(2.6+/-1.0)e+05,(2.6+/-1.0)e+05,(2.6+/-1.0)e+05,(2.6+/-1.0)e+05,(2.6+/-1.0)e+05,(2.6+/-1.0)e+05,(2.6+/-1.0)e+05,(2.6+/-1.0)e+05,(2.6+/-1.0)e+05,(2.6+/-1.0)e+05,(2.6+/-1.0)e+05,(2.6+/-1.0)e+05,(2.6+/-1.0)e+05,(2.6+/-1.0)e+05,(2.6+/-1.0)e+05
Oman,322229,821365,0,0,0,0,(6.6+/-2.3)e+03,(6.6+/-2.3)e+03,(6.6+/-2.3)e+03,(6.6+/-2.3)e+03,(6.6+/-2.3)e+03,(6.6+/-2.3)e+03,(6.6+/-2.3)e+03,(6.6+/-2.3)e+03,(6.6+/-2.3)e+03,(6.6+/-2.3)e+03,(6.6+/-2.3)e+03,(6.6+/-2.3)e+03,(6.6+/-2.3)e+03,(6.6+/-2.3)e+03,(6.6+/-2.3)e+03,(6.6+/-2.3)e+03,(6.6+/-2.3)e+03,(6.6+/-2.3)e+03,(6.6+/-2.3)e+03,(6.6+/-2.3)e+03,(6.6+/-2.3)e+03,(6.6+/-2.3)e+03,(6.6+/-2.3)e+03,(6.6+/-2.3)e+03,(6.6+/-2.3)e+03,(6.6+/-2.3)e+03,(6.6+/-2.3)e+03,(6.6+/-2.3)e+03,(6.6+/-2.3)e+03,(6.6+/-2.3)e+03,(6.6+/-2.3)e+03,(6.6+/-2.3)e+03,(6.6+/-2.3)e+03,(6.6+/-2.3)e+03,(6.6+/-2.3)e+03,(6.6+/-2.3)e+03,(6.6+/-2.3)e+03,(6.6+/-2.3)e+03,(6.6+/-2.3)e+03,(6.6+/-2.3)e+03,(6.6+/-2.3)e+03,(6.6+/-2.3)e+03,(6.6+/-2.3)e+03,(6.6+/-2.3)e+03,(6.6+/-2.3)e+03,(6.6+/-2.3)e+03,(6.6+/-2.3)e+03,(6.6+/-2.3)e+03,(6.6+/-2.3)e+03
Pakistan,16308785,31863930,0,0,0,0,(2.8+/-1.0)e+06,(2.8+/-1.0)e+06,(2.8+/-1.0)e+06,(2.8+/-1.0)e+06,(2.8+/-1.0)e+06,(2.8+/-1.0)e+06,(2.8+/-1.0)e+06,(2.8+/-1.0)e+06,(2.8+/-1.0)e+06,(2.8+/-1.0)e+06,(2.8+/-1.0)e+06,(2.8+/-1.0)e+06,(2.8+/-1.0)e+06,(2.8+/-1.0)e+06,(2.8+/-1.0)e+06,(2.8+/-1.0)e+06,(2.8+/-1.0)e+06,(2.8+/-1.0)e+06,(2.8+/-1.0)e+06,(2.8+/-1.0)e+06,(2.8+/-1.0)e+06,(2.8+/-1.0)e+06,(2.8+/-1.0)e+06,(2.8+/-1.0)e+06,(2.8+/-1.0)e+06,(2.8+/-1.0)e+06,(2.8+/-1.0)e+06,(2.8+/-1.0)e+06,(2.8+/-1.0)e+06,(2.8+/-1.0)e+06,(2.8+/-1.0)e+06,(2.8+/-1.0)e+06,(2.8+/-1.0)e+06,(2.8+/-1.0)e+06,(2.8+/-1.0)e+06,(2.8+/-1.0)e+06,(2.8+/-1.0)e+06,(2.8+/-1.0)e+06,(2.8+/-1.0)e+06,(2.8+/-1.0)e+06,(2.8+/-1.0)e+06,(2.8+/-1.0)e+06,(2.8+/-1.0)e+06,(2.8+/-1.0)e+06,(2.8+/-1.0)e+06,(2.8+/-1.0)e+06,(2.8+/-1.0)e+06,(2.8+/-1.0)e+06,(2.8+/-1.0)e+06
Panama,321506,709321,0,0,0,0,(6.6+/-2.3)e+03,(6.6+/-2.3)e+03,(6.6+/-2.3)e+03,(6.6+/-2.3)e+03,(6.6+/-2.3)e+03,(6.6+/-2.3)e+03,(6.6+/-2.3)e+03,(6.6+/-2.3)e+03,(6.6+/-2.3)e+03,(6.6+/-2.3)e+03,(6.6+/-2.3)e+03,(6.6+/-2.3)e+03,(6.6+/-2.3)e+03,(6.6+/-2.3)e+03,(6.6+/-2.3)e+03,(6.6+/-2.3)e+03,(6.6+/-2.3)e+03,(6.6+/-2.3)e+03,(6.6+/-2.3)e+03,(6.6+/-2.3)e+03,(6.6+/-2.3)e+03,(6.6+/-2.3)e+03,(6.6+/-2.3)e+03,(6.6+/-2.3)e+03,(6.6+/-2.3)e+03,(6.6+/-2.3)e+03,(6.6+/-2.3)e+03,(6.6+/-2.3)e+03,(6.6+/-2.3)e+03,(6.6+/-2.3)e+03,(6.6+/-2.3)e+03,(6.6+/-2.3)e+03,(6.6+/-2.3)e+03,(6.6+/-2.3)e+03,(6.6+/-2.3)e+03,(6.6+/-2.3)e+03,(6.6+/-2.3)e+03,(6.6+/-2.3)e+03,(6.6+/-2.3)e+03,(6.6+/-2.3)e+03,(6.6+/-2.3)e+03,(6.6+/-2.3)e+03,(6.6+/-2.3)e+03,(6.6+/-2.3)e+03,(6.6+/-2.3)e+03,(6.6+/-2.3)e+03,(6.6+/-2.3)e+03,(6.6+/-2.3)e+03,(6.6+/-2.3)e+03
Peru,2550165,7679542,0,0,0,0,(6.6+/-2.3)e+03,(6.6+/-2.3)e+03,(6.6+/-2.3)e+03,(6.6+/-2.3)e+03,(6.6+/-2.3)e+03,(6.6+/-2.3)e+03,(6.6+/-2.3)e+03,(6.6+/-2.3)e+03,(6.6+/-2.3)e+03,(6.6+/-2.3)e+03,(6.6+/-2.3)e+03,(6.6+/-2.3)e+03,(6.6+/-2.3)e+03,(6.6+/-2.3)e+03,(6.6+/-2.3)e+03,(6.6+/-2.3)e+03,(6.6+/-2.3)e+03,(6.6+/-2.3)e+03,(6.6+/-2.3)e+03,(6.6+/-2.3)e+03,(6.6+/-2.3)e+03,(6.6+/-2.3)e+03,(6.6+/-2.3)e+03,(6.6+/-2.3)e+03,(6.6+/-2.3)e+03,(6.6+/-2.3)e+03,(6.6+/-2.3)e+03,(6.6+/-2.3)e+03,(6.6+/-2.3)e+03,(6.6+/-2.3)e+03,(6.6+/-2.3)e+03,(6.6+/-2.3)e+03,(6.6+/-2.3)e+03,(6.6+/-2.3)e+03,(6.6+/-2.3)e+03,(6.6+/-2.3)e+03,(6.6+/-2.3)e+03,(6.6+/-2.3)e+03,(6.6+/-2.3)e+03,(6.6+/-2.3)e+03,(6.6+/-2.3)e+03,(6.6+/-2.3)e+03,(6.6+/-2.3)e+03,(6.6+/-2.3)e+03,(6.6+/-2.3)e+03,(6.6+/-2.3)e+03,(6.6+/-2.3)e+03,(6.6+/-2.3)e+03,(6.6+/-2.3)e+03
Philippines,7430366,19228806,0,0,0,0,(4.2+/-1.6)e+06,(4.2+/-1.6)e+06,(4.2+/-1.6)e+06,(4.2+/-1.6)e+06,(4.2+/-1.6)e+06,(4.2+/-1.6)e+06,(4.2+/-1.6)e+06,(4.2+/-1.6)e+06,(4.2+/-1.6)e+06,(4.2+/-1.6)e+06,(4.2+/-1.6)e+06,(4.2+/-1.6)e+06,(4.2+/-1.6)e+06,(4.2+/-1.6)e+06,(4.2+/-1.6)e+06,(4.2+/-1.6)e+06,(4.2+/-1.6)e+06,(4.2+/-1.6)e+06,(4.2+/-1.6)e+06,(4.2+/-1.6)e+06,(4.2+/-1.6)e+06,(4.2+/-1.6)e+06,(4.2+/-1.6)e+06,(4.2+/-1.6)e+06,(4.2+/-1.6)e+06,(4.2+/-1.6)e+06,(4.2+/-1.6)e+06,(4.2+/-1.6)e+06,(4.2+/-1.6)e+06,(4.2+/-1.6)e+06,(4.2+/-1.6)e+06,(4.2+/-1.6)e+06,(4.2+/-1.6)e+06,(4.2+/-1.6)e+06,(4.2+/-1.6)e+06,(4.2+/-1.6)e+06,(4.2+/-1.6)e+06,(4.2+/-1.6)e+06,(4.2+/-1.6)e+06,(4.2+/-1.6)e+06,(4.2+/-1.6)e+06,(4.2+/-1.6)e+06,(4.2+/-1.6)e+06,(4.2+/-1.6)e+06,(4.2+/-1.6)e+06,(4.2+/-1.6)e+06,(4.2+/-1.6)e+06,(4.2+/-1.6)e+06,(4.2+/-1.6)e+06
Palau,976,2594,0,0,0,0,(6.6+/-2.3)e+03,(6.6+/-2.3)e+03,(6.6+/-2.3)e+03,(6.6+/-2.3)e+03,(6.6+/-2.3)e+03,(6.6+/-2.3)e+03,(6.6+/-2.3)e+03,(6.6+/-2.3)e+03,(6.6+/-2.3)e+03,(6.6+/-2.3)e+03,(6.6+/-2.3)e+03,(6.6+/-2.3)e+03,(6.6+/-2.3)e+03,(6.6+/-2.3)e+03,(6.6+/-2.3)e+03,(6.6+/-2.3)e+03,(6.6+/-2.3)e+03,(6.6+/-2.3)e+03,(6.6+/-2.3)e+03,(6.6+/-2.3)e+03,(6.6+/-2.3)e+03,(6.6+/-2.3)e+03,(6.6+/-2.3)e+03,(6.6+/-2.3)e+03,(6.6+/-2.3)e+03,(6.6+/-2.3)e+03,(6.6+/-2.3)e+03,(6.6+/-2.3)e+03,(6.6+/-2.3)e+03,(6.6+/-2.3)e+03,(6.6+/-2.3)e+03,(6.6+/-2.3)e+03,(6.6+/-2.3)e+03,(6.6+/-2.3)e+03,(6.6+/-2.3)e+03,(6.6+/-2.3)e+03,(6.6+/-2.3)e+03,(6.6+/-2.3)e+03,(6.6+/-2.3)e+03,(6.6+/-2.3)e+03,(6.6+/-2.3)e+03,(6.6+/-2.3)e+03,(6.6+/-2.3)e+03,(6.6+/-2.3)e+03,(6.6+/-2.3)e+03,(6.6+/-2.3)e+03,(6.6+/-2.3)e+03,(6.6+/-2.3)e+03,(6.6+/-2.3)e+03
Papua New Guinea,477693,1280540,0,0,0,0,(6.6+/-2.3)e+03,(6.6+/-2.3)e+03,(6.6+/-2.3)e+03,(6.6+/-2.3)e+03,(6.6+/-2.3)e+03,(6.6+/-2.3)e+03,(6.6+/-2.3)e+03,(6.6+/-2.3)e+03,(6.6+/-2.3)e+03,(6.6+/-2.3)e+03,(6.6+/-2.3)e+03,(6.6+/-2.3)e+03,(6.6+/-2.3)e+03,(6.6+/-2.3)e+03,(6.6+/-2.3)e+03,(6.6+/-2.3)e+03,(6.6+/-2.3)e+03,(6.6+/-2.3)e+03,(6.6+/-2.3)e+03,(6.6+/-2.3)e+03,(6.6+/-2.3)e+03,(6.6+/-2.3)e+03,(6.6+/-2.3)e+03,(6.6+/-2.3)e+03,(6.6+/-2.3)e+03,(6.6+/-2.3)e+03,(6.6+/-2.3)e+03,(6.6+/-2.3)e+03,(6.6+/-2.3)e+03,(6.6+/-2.3)e+03,(6.6+/-2.3)e+03,(6.6+/-2.3)e+03,(6.6+/-2.3)e+03,(6.6+/-2.3)e+03,(6.6+/-2.3)e+03,(6.6+/-2.3)e+03,(6.6+/-2.3)e+03,(6.6+/-2.3)e+03,(6.6+/-2.3)e+03,(6.6+/-2.3)e+03,(6.6+/-2.3)e+03,(6.6+/-2.3)e+03,(6.6+/-2.3)e+03,(6.6+/-2.3)e+03,(6.6+/-2.3)e+03,(6.6+/-2.3)e+03,(6.6+/-2.3)e+03,(6.6+/-2.3)e+03,(6.6+/-2.3)e+03
Poland,2666899,5354498,0,0,0,0,(9.3+/-3.5)e+06,(9.3+/-3.5)e+06,(9.3+/-3.5)e+06,(9.3+/-3.5)e+06,(9.3+/-3.5)e+06,(9.3+/-3.5)e+06,(9.3+/-3.5)e+06,(9.3+/-3.5)e+06,(9.3+/-3.5)e+06,(9.3+/-3.5)e+06,(9.3+/-3.5)e+06,(9.3+/-3.5)e+06,(9.3+/-3.5)e+06,(9.3+/-3.5)e+06,(9.3+/-3.5)e+06,(9.3+/-3.5)e+06,(9.3+/-3.5)e+06,(9.3+/-3.5)e+06,(9.3+/-3.5)e+06,(9.3+/-3.5)e+06,(9.3+/-3.5)e+06,(9.3+/-3.5)e+06,(9.3+/-3.5)e+06,(9.3+/-3.5)e+06,(9.3+/-3.5)e+06,(9.3+/-3.5)e+06,(9.3+/-3.5)e+06,(9.3+/-3.5)e+06,(9.3+/-3.5)e+06,(9.3+/-3.5)e+06,(9.3+/-3.5)e+06,(9.3+/-3.5)e+06,(9.3+/-3.5)e+06,(9.3+/-3.5)e+06,(9.3+/-3.5)e+06,(9.3+/-3.5)e+06,(9.3+/-3.5)e+06,(9.3+/-3.5)e+06,(9.3+/-3.5)e+06,(9.3+/-3.5)e+06,(9.3+/-3.5)e+06,(9.3+/-3.5)e+06,(9.3+/-3.5)e+06,(9.3+/-3.5)e+06,(9.3+/-3.5)e+06,(9.3+/-3.5)e+06,(9.3+/-3.5)e+06,(9.3+/-3.5)e+06,(9.3+/-3.5)e+06
Puerto Rico,143357,362519,0,0,0,0,(6.6+/-2.3)e+03,(6.6+/-2.3)e+03,(6.6+/-2.3)e+03,(6.6+/-2.3)e+03,(6.6+/-2.3)e+03,(6.6+/-2.3)e+03,(6.6+/-2.3)e+03,(6.6+/-2.3)e+03,(6.6+/-2.3)e+03,(6.6+/-2.3)e+03,(6.6+/-2.3)e+03,(6.6+/-2.3)e+03,(6.6+/-2.3)e+03,(6.6+/-2.3)e+03,(6.6+/-2.3)e+03,(6.6+/-2.3)e+03,(6.6+/-2.3)e+03,(6.6+/-2.3)e+03,(6.6+/-2.3)e+03,(6.6+/-2.3)e+03,(6.6+/-2.3)e+03,(6.6+/-2.3)e+03,(6.6+/-2.3)e+03,(6.6+/-2.3)e+03,(6.6+/-2.3)e+03,(6.6+/-2.3)e+03,(6.6+/-2.3)e+03,(6.6+/-2.3)e+03,(6.6+/-2.3)e+03,(6.6+/-2.3)e+03,(6.6+/-2.3)e+03,(6.6+/-2.3)e+03,(6.6+/-2.3)e+03,(6.6+/-2.3)e+03,(6.6+/-2.3)e+03,(6.6+/-2.3)e+03,(6.6+/-2.3)e+03,(6.6+/-2.3)e+03,(6.6+/-2.3)e+03,(6.6+/-2.3)e+03,(6.6+/-2.3)e+03,(6.6+/-2.3)e+03,(6.6+/-2.3)e+03,(6.6+/-2.3)e+03,(6.6+/-2.3)e+03,(6.6+/-2.3)e+03,(6.6+/-2.3)e+03,(6.6+/-2.3)e+03,(6.6+/-2.3)e+03
North Korea,2864213,6252632,0,0,0,0,(1.1+/-0.4)e+06,(1.1+/-0.4)e+06,(1.1+/-0.4)e+06,(1.1+/-0.4)e+06,(1.1+/-0.4)e+06,(1.1+/-0.4)e+06,(1.1+/-0.4)e+06,(1.1+/-0.4)e+06,(1.1+/-0.4)e+06,(1.1+/-0.4)e+06,(1.1+/-0.4)e+06,(1.1+/-0.4)e+06,(1.1+/-0.4)e+06,(1.1+/-0.4)e+06,(1.1+/-0.4)e+06,(1.1+/-0.4)e+06,(1.1+/-0.4)e+06,(1.1+/-0.4)e+06,(1.1+/-0.4)e+06,(1.1+/-0.4)e+06,(1.1+/-0.4)e+06,(1.1+/-0.4)e+06,(1.1+/-0.4)e+06,(1.1+/-0.4)e+06,(1.1+/-0.4)e+06,(1.1+/-0.4)e+06,(1.1+/-0.4)e+06,(1.1+/-0.4)e+06,(1.1+/-0.4)e+06,(1.1+/-0.4)e+06,(1.1+/-0.4)e+06,(1.1+/-0.4)e+06,(1.1+/-0.4)e+06,(1.1+/-0.4)e+06,(1.1+/-0.4)e+06,(1.1+/-0.4)e+06,(1.1+/-0.4)e+06,(1.1+/-0.4)e+06,(1.1+/-0.4)e+06,(1.1+/-0.4)e+06,(1.1+/-0.4)e+06,(1.1+/-0.4)e+06,(1.1+/-0.4)e+06,(1.1+/-0.4)e+06,(1.1+/-0.4)e+06,(1.1+/-0.4)e+06,(1.1+/-0.4)e+06,(1.1+/-0.4)e+06,(1.1+/-0.4)e+06
Portugal,766509,1784058,0,0,0,0,(6.6+/-2.3)e+03,(6.6+/-2.3)e+03,(6.6+/-2.3)e+03,(6.6+/-2.3)e+03,(6.6+/-2.3)e+03,(6.6+/-2.3)e+03,(6.6+/-2.3)e+03,(6.6+/-2.3)e+03,(6.6+/-2.3)e+03,(6.6+/-2.3)e+03,(6.6+/-2.3)e+03,(6.6+/-2.3)e+03,(6.6+/-2.3)e+03,(6.6+/-2.3)e+03,(6.6+/-2.3)e+03,(6.6+/-2.3)e+03,(6.6+/-2.3)e+03,(6.6+/-2.3)e+03,(6.6+/-2.3)e+03,(6.6+/-2.3)e+03,(6.6+/-2.3)e+03,(6.6+/-2.3)e+03,(6.6+/-2.3)e+03,(6.6+/-2.3)e+03,(6.6+/-2.3)e+03,(6.6+/-2.3)e+03,(6.6+/-2.3)e+03,(6.6+/-2.3)e+03,(6.6+/-2.3)e+03,(6.6+/-2.3)e+03,(6.6+/-2.3)e+03,(6.6+/-2.3)e+03,(6.6+/-2.3)e+03,(6.6+/-2.3)e+03,(6.6+/-2.3)e+03,(6.6+/-2.3)e+03,(6.6+/-2.3)e+03,(6.6+/-2.3)e+03,(6.6+/-2.3)e+03,(6.6+/-2.3)e+03,(6.6+/-2.3)e+03,(6.6+/-2.3)e+03,(6.6+/-2.3)e+03,(6.6+/-2.3)e+03,(6.6+/-2.3)e+03,(6.6+/-2.3)e+03,(6.6+/-2.3)e+03,(6.6+/-2.3)e+03,(6.6+/-2.3)e+03
Paraguay,506391,1403572,0,0,0,0,(6.6+/-2.3)e+03,(6.6+/-2.3)e+03,(6.6+/-2.3)e+03,(6.6+/-2.3)e+03,(6.6+/-2.3)e+03,(6.6+/-2.3)e+03,(6.6+/-2.3)e+03,(6.6+/-2.3)e+03,(6.6+/-2.3)e+03,(6.6+/-2.3)e+03,(6.6+/-2.3)e+03,(6.6+/-2.3)e+03,(6.6+/-2.3)e+03,(6.6+/-2.3)e+03,(6.6+/-2.3)e+03,(6.6+/-2.3)e+03,(6.6+/-2.3)e+03,(6.6+/-2.3)e+03,(6.6+/-2.3)e+03,(6.6+/-2.3)e+03,(6.6+/-2.3)e+03,(6.6+/-2.3)e+03,(6.6+/-2.3)e+03,(6.6+/-2.3)e+03,(6.6+/-2.3)e+03,(6.6+/-2.3)e+03,(6.6+/-2.3)e+03,(6.6+/-2.3)e+03,(6.6+/-2.3)e+03,(6.6+/-2.3)e+03,(6.6+/-2.3)e+03,(6.6+/-2.3)e+03,(6.6+/-2.3)e+03,(6.6+/-2.3)e+03,(6.6+/-2.3)e+03,(6.6+/-2.3)e+03,(6.6+/-2.3)e+03,(6.6+/-2.3)e+03,(6.6+/-2.3)e+03,(6.6+/-2.3)e+03,(6.6+/-2.3)e+03,(6.6+/-2.3)e+03,(6.6+/-2.3)e+03,(6.6+/-2.3)e+03,(6.6+/-2.3)e+03,(6.6+/-2.3)e+03,(6.6+/-2.3)e+03,(6.6+/-2.3)e+03,(6.6+/-2.3)e+03
Palestine,0,0,0,0,0,0,(6.6+/-2.3)e+03,(6.6+/-2.3)e+03,(6.6+/-2.3)e+03,(6.6+/-2.3)e+03,(6.6+/-2.3)e+03,(6.6+/-2.3)e+03,(6.6+/-2.3)e+03,(6.6+/-2.3)e+03,(6.6+/-2.3)e+03,(6.6+/-2.3)e+03,(6.6+/-2.3)e+03,(6.6+/-2.3)e+03,(6.6+/-2.3)e+03,(6.6+/-2.3)e+03,(6.6+/-2.3)e+03,(6.6+/-2.3)e+03,(6.6+/-2.3)e+03,(6.6+/-2.3)e+03,(6.6+/-2.3)e+03,(6.6+/-2.3)e+03,(6.6+/-2.3)e+03,(6.6+/-2.3)e+03,(6.6+/-2.3)e+03,(6.6+/-2.3)e+03,(6.6+/-2.3)e+03,(6.6+/-2.3)e+03,(6.6+/-2.3)e+03,(6.6+/-2.3)e+03,(6.6+/-2.3)e+03,(6.6+/-2.3)e+03,(6.6+/-2.3)e+03,(6.6+/-2.3)e+03,(6.6+/-2.3)e+03,(6.6+/-2.3)e+03,(6.6+/-2.3)e+03,(6.6+/-2.3)e+03,(6.6+/-2.3)e+03,(6.6+/-2.3)e+03,(6.6+/-2.3)e+03,(6.6+/-2.3)e+03,(6.6+/-2.3)e+03,(6.6+/-2.3)e+03,(6.6+/-2.3)e+03,(6.6+/-2.3)e+03,(6.6+/-2.3)e+03,(6.6+/-2.3)e+03,(6.6+/-2.3)e+03,(6.6+/-2.3)e+03,(6.6+/-2.3)e+03
French Polynesia,14351,34559,0,0,0,0,(6.6+/-2.3)e+03,(6.6+/-2.3)e+03,(6.6+/-2.3)e+03,(6.6+/-2.3)e+03,(6.6+/-2.3)e+03,(6.6+/-2.3)e+03,(6.6+/-2.3)e+03,(6.6+/-2.3)e+03,(6.6+/-2.3)e+03,(6.6+/-2.3)e+03,(6.6+/-2.3)e+03,(6.6+/-2.3)e+03,(6.6+/-2.3)e+03,(6.6+/-2.3)e+03,(6.6+/-2.3)e+03,(6.6+/-2.3)e+03,(6.6+/-2.3)e+03,(6.6+/-2.3)e+03,(6.6+/-2.3)e+03,(6.6+/-2.3)e+03,(6.6+/-2.3)e+03,(6.6+/-2.3)e+03,(6.6+/-2.3)e+03,(6.6+/-2.3)e+03,(6.6+/-2.3)e+03,(6.6+/-2.3)e+03,(6.6+/-2.3)e+03,(6.6+/-2.3)e+03,(6.6+/-2.3)e+03,(6.6+/-2.3)e+03,(6.6+/-2.3)e+03,(6.6+/-2.3)e+03,(6.6+/-2.3)e+03,(6.6+/-2.3)e+03,(6.6+/-2.3)e+03,(6.6+/-2.3)e+03,(6.6+/-2.3)e+03,(6.6+/-2.3)e+03,(6.6+/-2.3)e+03,(6.6+/-2.3)e+03,(6.6+/-2.3)e+03,(6.6+/-2.3)e+03,(6.6+/-2.3)e+03,(6.6+/-2.3)e+03,(6.6+/-2.3)e+03,(6.6+/-2.3)e+03,(6.6+/-2.3)e+03,(6.6+/-2.3)e+03,(6.6+/-2.3)e+03
Qatar,253009,644923,0,0,0,0,(6.6+/-2.3)e+03,(6.6+/-2.3)e+03,(6.6+/-2.3)e+03,(6.6+/-2.3)e+03,(6.6+/-2.3)e+03,(6.6+/-2.3)e+03,(6.6+/-2.3)e+03,(6.6+/-2.3)e+03,(6.6+/-2.3)e+03,(6.6+/-2.3)e+03,(6.6+/-2.3)e+03,(6.6+/-2.3)e+03,(6.6+/-2.3)e+03,(6.6+/-2.3)e+03,(6.6+/-2.3)e+03,(6.6+/-2.3)e+03,(6.6+/-2.3)e+03,(6.6+/-2.3)e+03,(6.6+/-2.3)e+03,(6.6+/-2.3)e+03,(6.6+/-2.3)e+03,(6.6+/-2.3)e+03,(6.6+/-2.3)e+03,(6.6+/-2.3)e+03,(6.6+/-2.3)e+03,(6.6+/-2.3)e+03,(6.6+/-2.3)e+03,(6.6+/-2.3)e+03,(6.6+/-2.3)e+03,(6.6+/-2.3)e+03,(6.6+/-2.3)e+03,(6.6+/-2.3)e+03,(6.6+/-2.3)e+03,(6.6+/-2.3)e+03,(6.6+/-2.3)e+03,(6.6+/-2.3)e+03,(6.6+/-2.3)e+03,(6.6+/-2.3)e+03,(6.6+/-2.3)e+03,(6.6+/-2.3)e+03,(6.6+/-2.3)e+03,(6.6+/-2.3)e+03,(6.6+/-2.3)e+03,(6.6+/-2.3)e+03,(6.6+/-2.3)e+03,(6.6+/-2.3)e+03,(6.6+/-2.3)e+03,(6.6+/-2.3)e+03,(6.6+/-2.3)e+03
Romania,1434300,2983879,0,0,0,0,(7.6+/-2.8)e+05,(7.6+/-2.8)e+05,(7.6+/-2.8)e+05,(7.6+/-2.8)e+05,(7.6+/-2.8)e+05,(7.6+/-2.8)e+05,(7.6+/-2.8)e+05,(7.6+/-2.8)e+05,(7.6+/-2.8)e+05,(7.6+/-2.8)e+05,(7.6+/-2.8)e+05,(7.6+/-2.8)e+05,(7.6+/-2.8)e+05,(7.6+/-2.8)e+05,(7.6+/-2.8)e+05,(7.6+/-2.8)e+05,(7.6+/-2.8)e+05,(7.6+/-2.8)e+05,(7.6+/-2.8)e+05,(7.6+/-2.8)e+05,(7.6+/-2.8)e+05,(7.6+/-2.8)e+05,(7.6+/-2.8)e+05,(7.6+/-2.8)e+05,(7.6+/-2.8)e+05,(7.6+/-2.8)e+05,(7.6+/-2.8)e+05,(7.6+/-2.8)e+05,(7.6+/-2.8)e+05,(7.6+/-2.8)e+05,(7.6+/-2.8)e+05,(7.6+/-2.8)e+05,(7.6+/-2.8)e+05,(7.6+/-2.8)e+05,(7.6+/-2.8)e+05,(7.6+/-2.8)e+05,(7.6+/-2.8)e+05,(7.6+/-2.8)e+05,(7.6+/-2.8)e+05,(7.6+/-2.8)e+05,(7.6+/-2.8)e+05,(7.6+/-2.8)e+05,(7.6+/-2.8)e+05,(7.6+/-2.8)e+05,(7.6+/-2.8)e+05,(7.6+/-2.8)e+05,(7.6+/-2.8)e+05,(7.6+/-2.8)e+05,(7.6+/-2.8)e+05
Russia,11679452,23119498,0,0,0,0,(1.2+/-0.5)e+07,(1.2+/-0.5)e+07,(1.2+/-0.5)e+07,(1.2+/-0.5)e+07,(1.2+/-0.5)e+07,(1.2+/-0.5)e+07,(1.2+/-0.5)e+07,(1.2+/-0.5)e+07,(1.2+/-0.5)e+07,(1.2+/-0.5)e+07,(1.2+/-0.5)e+07,(1.2+/-0.5)e+07,(1.2+/-0.5)e+07,(1.2+/-0.5)e+07,(1.2+/-0.5)e+07,(1.2+/-0.5)e+07,(1.2+/-0.5)e+07,(1.2+/-0.5)e+07,(1.2+/-0.5)e+07,(1.2+/-0.5)e+07,(1.2+/-0.5)e+07,(1.2+/-0.5)e+07,(1.2+/-0.5)e+07,(1.2+/-0.5)e+07,(1.2+/-0.5)e+07,(1.2+/-0.5)e+07,(1.2+/-0.5)e+07,(1.2+/-0.5)e+07,(1.2+/-0.5)e+07,(1.2+/-0.5)e+07,(1.2+/-0.5)e+07,(1.2+/-0.5)e+07,(1.2+/-0.5)e+07,(1.2+/-0.5)e+07,(1.2+/-0.5)e+07,(1.2+/-0.5)e+07,(1.2+/-0.5)e+07,(1.2+/-0.5)e+07,(1.2+/-0.5)e+07,(1.2+/-0.5)e+07,(1.2+/-0.5)e+07,(1.2+/-0.5)e+07,(1.2+/-0.5)e+07,(1.2+/-0.5)e+07,(1.2+/-0.5)e+07,(1.2+/-0.5)e+07,(1.2+/-0.5)e+07,(1.2+/-0.5)e+07,(1.2+/-0.5)e+07
Rwanda,678009,2138118,0,0,0,0,(6.6+/-2.3)e+03,(6.6+/-2.3)e+03,(6.6+/-2.3)e+03,(6.6+/-2.3)e+03,(6.6+/-2.3)e+03,(6.6+/-2.3)e+03,(6.6+/-2.3)e+03,(6.6+/-2.3)e+03,(6.6+/-2.3)e+03,(6.6+/-2.3)e+03,(6.6+/-2.3)e+03,(6.6+/-2.3)e+03,(6.6+/-2.3)e+03,(6.6+/-2.3)e+03,(6.6+/-2.3)e+03,(6.6+/-2.3)e+03,(6.6+/-2.3)e+03,(6.6+/-2.3)e+03,(6.6+/-2.3)e+03,(6.6+/-2.3)e+03,(6.6+/-2.3)e+03,(6.6+/-2.3)e+03,(6.6+/-2.3)e+03,(6.6+/-2.3)e+03,(6.6+/-2.3)e+03,(6.6+/-2.3)e+03,(6.6+/-2.3)e+03,(6.6+/-2.3)e+03,(6.6+/-2.3)e+03,(6.6+/-2.3)e+03,(6.6+/-2.3)e+03,(6.6+/-2.3)e+03,(6.6+/-2.3)e+03,(6.6+/-2.3)e+03,(6.6+/-2.3)e+03,(6.6+/-2.3)e+03,(6.6+/-2.3)e+03,(6.6+/-2.3)e+03,(6.6+/-2.3)e+03,(6.6+/-2.3)e+03,(6.6+/-2.3)e+03,(6.6+/-2.3)e+03,(6.6+/-2.3)e+03,(6.6+/-2.3)e+03,(6.6+/-2.3)e+03,(6.6+/-2.3)e+03,(6.6+/-2.3)e+03,(6.6+/-2.3)e+03,(6.6+/-2.3)e+03
Saudi Arabia,2052718,5232399,0,0,0,0,(6.6+/-2.3)e+03,(6.6+/-2.3)e+03,(6.6+/-2.3)e+03,(6.6+/-2.3)e+03,(6.6+/-2.3)e+03,(6.6+/-2.3)e+03,(6.6+/-2.3)e+03,(6.6+/-2.3)e+03,(6.6+/-2.3)e+03,(6.6+/-2.3)e+03,(6.6+/-2.3)e+03,(6.6+/-2.3)e+03,(6.6+/-2.3)e+03,(6.6+/-2.3)e+03,(6.6+/-2.3)e+03,(6.6+/-2.3)e+03,(6.6+/-2.3)e+03,(6.6+/-2.3)e+03,(6.6+/-2.3)e+03,(6.6+/-2.3)e+03,(6.6+/-2.3)e+03,(6.6+/-2.3)e+03,(6.6+/-2.3)e+03,(6.6+/-2.3)e+03,(6.6+/-2.3)e+03,(6.6+/-2.3)e+03,(6.6+/-2.3)e+03,(6.6+/-2.3)e+03,(6.6+/-2.3)e+03,(6.6+/-2.3)e+03,(6.6+/-2.3)e+03,(6.6+/-2.3)e+03,(6.6+/-2.3)e+03,(6.6+/-2.3)e+03,(6.6+/-2.3)e+03,(6.6+/-2.3)e+03,(6.6+/-2.3)e+03,(6.6+/-2.3)e+03,(6.6+/-2.3)e+03,(6.6+/-2.3)e+03,(6.6+/-2.3)e+03,(6.6+/-2.3)e+03,(6.6+/-2.3)e+03,(6.6+/-2.3)e+03,(6.6+/-2.3)e+03,(6.6+/-2.3)e+03,(6.6+/-2.3)e+03,(6.6+/-2.3)e+03,(6.6+/-2.3)e+03
Sudan,1461189,4329553,0,0,0,0,(6.6+/-2.3)e+03,(6.6+/-2.3)e+03,(6.6+/-2.3)e+03,(6.6+/-2.3)e+03,(6.6+/-2.3)e+03,(6.6+/-2.3)e+03,(6.6+/-2.3)e+03,(6.6+/-2.3)e+03,(6.6+/-2.3)e+03,(6.6+/-2.3)e+03,(6.6+/-2.3)e+03,(6.6+/-2.3)e+03,(6.6+/-2.3)e+03,(6.6+/-2.3)e+03,(6.6+/-2.3)e+03,(6.6+/-2.3)e+03,(6.6+/-2.3)e+03,(6.6+/-2.3)e+03,(6.6+/-2.3)e+03,(6.6+/-2.3)e+03,(6.6+/-2.3)e+03,(6.6+/-2.3)e+03,(6.6+/-2.3)e+03,(6.6+/-2.3)e+03,(6.6+/-2.3)e+03,(6.6+/-2.3)e+03,(6.6+/-2.3)e+03,(6.6+/-2.3)e+03,(6.6+/-2.3)e+03,(6.6+/-2.3)e+03,(6.6+/-2.3)e+03,(6.6+/-2.3)e+03,(6.6+/-2.3)e+03,(6.6+/-2.3)e+03,(6.6+/-2.3)e+03,(6.6+/-2.3)e+03,(6.6+/-2.3)e+03,(6.6+/-2.3)e+03,(6.6+/-2.3)e+03,(6.6+/-2.3)e+03,(6.6+/-2.3)e+03,(6.6+/-2.3)e+03,(6.6+/-2.3)e+03,(6.6+/-2.3)e+03,(6.6+/-2.3)e+03,(6.6+/-2.3)e+03,(6.6+/-2.3)e+03,(6.6+/-2.3)e+03,(6.6+/-2.3)e+03
Senegal,780165,2661089,0,0,0,0,(5.8+/-2.2)e+04,(5.8+/-2.2)e+04,(5.8+/-2.2)e+04,(5.8+/-2.2)e+04,(5.8+/-2.2)e+04,(5.8+/-2.2)e+04,(5.8+/-2.2)e+04,(5.8+/-2.2)e+04,(5.8+/-2.2)e+04,(5.8+/-2.2)e+04,(5.8+/-2.2)e+04,(5.8+/-2.2)e+04,(5.8+/-2.2)e+04,(5.8+/-2.2)e+04,(5.8+/-2.2)e+04,(5.8+/-2.2)e+04,(5.8+/-2.2)e+04,(5.8+/-2.2)e+04,(5.8+/-2.2)e+04,(5.8+/-2.2)e+04,(5.8+/-2.2)e+04,(5.8+/-2.2)e+04,(5.8+/-2.2)e+04,(5.8+/-2.2)e+04,(5.8+/-2.2)e+04,(5.8+/-2.2)e+04,(5.8+/-2.2)e+04,(5.8+/-2.2)e+04,(5.8+/-2.2)e+04,(5.8+/-2.2)e+04,(5.8+/-2.2)e+04,(5.8+/-2.2)e+04,(5.8+/-2.2)e+04,(5.8+/-2.2)e+04,(5.8+/-2.2)e+04,(5.8+/-2.2)e+04,(5.8+/-2.2)e+04,(5.8+/-2.2)e+04,(5.8+/-2.2)e+04,(5.8+/-2.2)e+04,(5.8+/-2.2)e+04,(5.8+/-2.2)e+04,(5.8+/-2.2)e+04,(5.8+/-2.2)e+04,(5.8+/-2.2)e+04,(5.8+/-2.2)e+04,(5.8+/-2.2)e+04,(5.8+/-2.2)e+04,(5.8+/-2.2)e+04
Singapore,97286,179746,0,0,0,0,(6.6+/-2.3)e+03,(6.6+/-2.3)e+03,(6.6+/-2.3)e+03,(6.6+/-2.3)e+03,(6.6+/-2.3)e+03,(6.6+/-2.3)e+03,(6.6+/-2.3)e+03,(6.6+/-2.3)e+03,(6.6+/-2.3)e+03,(6.6+/-2.3)e+03,(6.6+/-2.3)e+03,(6.6+/-2.3)e+03,(6.6+/-2.3)e+03,(6.6+/-2.3)e+03,(6.6+/-2.3)e+03,(6.6+/-2.3)e+03,(6.6+/-2.3)e+03,(6.6+/-2.3)e+03,(6.6+/-2.3)e+03,(6.6+/-2.3)e+03,(6.6+/-2.3)e+03,(6.6+/-2.3)e+03,(6.6+/-2.3)e+03,(6.6+/-2.3)e+03,(6.6+/-2.3)e+03,(6.6+/-2.3)e+03,(6.6+/-2.3)e+03,(6.6+/-2.3)e+03,(6.6+/-2.3)e+03,(6.6+/-2.3)e+03,(6.6+/-2.3)e+03,(6.6+/-2.3)e+03,(6.6+/-2.3)e+03,(6.6+/-2.3)e+03,(6.6+/-2.3)e+03,(6.6+/-2.3)e+03,(6.6+/-2.3)e+03,(6.6+/-2.3)e+03,(6.6+/-2.3)e+03,(6.6+/-2.3)e+03,(6.6+/-2.3)e+03,(6.6+/-2.3)e+03,(6.6+/-2.3)e+03,(6.6+/-2.3)e+03,(6.6+/-2.3)e+03,(6.6+/-2.3)e+03,(6.6+/-2.3)e+03,(6.6+/-2.3)e+03,(6.6+/-2.3)e+03
Solomon Islands,56621,137829,0,0,0,0,(6.6+/-2.3)e+03,(6.6+/-2.3)e+03,(6.6+/-2.3)e+03,(6.6+/-2.3)e+03,(6.6+/-2.3)e+03,(6.6+/-2.3)e+03,(6.6+/-2.3)e+03,(6.6+/-2.3)e+03,(6.6+/-2.3)e+03,(6.6+/-2.3)e+03,(6.6+/-2.3)e+03,(6.6+/-2.3)e+03,(6.6+/-2.3)e+03,(6.6+/-2.3)e+03,(6.6+/-2.3)e+03,(6.6+/-2.3)e+03,(6.6+/-2.3)e+03,(6.6+/-2.3)e+03,(6.6+/-2.3)e+03,(6.6+/-2.3)e+03,(6.6+/-2.3)e+03,(6.6+/-2.3)e+03,(6.6+/-2.3)e+03,(6.6+/-2.3)e+03,(6.6+/-2.3)e+03,(6.6+/-2.3)e+03,(6.6+/-2.3)e+03,(6.6+/-2.3)e+03,(6.6+/-2.3)e+03,(6.6+/-2.3)e+03,(6.6+/-2.3)e+03,(6.6+/-2.3)e+03,(6.6+/-2.3)e+03,(6.6+/-2.3)e+03,(6.6+/-2.3)e+03,(6.6+/-2.3)e+03,(6.6+/-2.3)e+03,(6.6+/-2.3)e+03,(6.6+/-2.3)e+03,(6.6+/-2.3)e+03,(6.6+/-2.3)e+03,(6.6+/-2.3)e+03,(6.6+/-2.3)e+03,(6.6+/-2.3)e+03,(6.6+/-2.3)e+03,(6.6+/-2.3)e+03,(6.6+/-2.3)e+03,(6.6+/-2.3)e+03,(6.6+/-2.3)e+03
Sierra Leone,341731,1049682,0,0,0,0,(6.6+/-2.3)e+03,(6.6+/-2.3)e+03,(6.6+/-2.3)e+03,(6.6+/-2.3)e+03,(6.6+/-2.3)e+03,(6.6+/-2.3)e+03,(6.6+/-2.3)e+03,(6.6+/-2.3)e+03,(6.6+/-2.3)e+03,(6.6+/-2.3)e+03,(6.6+/-2.3)e+03,(6.6+/-2.3)e+03,(6.6+/-2.3)e+03,(6.6+/-2.3)e+03,(6.6+/-2.3)e+03,(6.6+/-2.3)e+03,(6.6+/-2.3)e+03,(6.6+/-2.3)e+03,(6.6+/-2.3)e+03,(6.6+/-2.3)e+03,(6.6+/-2.3)e+03,(6.6+/-2.3)e+03,(6.6+/-2.3)e+03,(6.6+/-2.3)e+03,(6.6+/-2.3)e+03,(6.6+/-2.3)e+03,(6.6+/-2.3)e+03,(6.6+/-2.3)e+03,(6.6+/-2.3)e+03,(6.6+/-2.3)e+03,(6.6+/-2.3)e+03,(6.6+/-2.3)e+03,(6.6+/-2.3)e+03,(6.6+/-2.3)e+03,(6.6+/-2.3)e+03,(6.6+/-2.3)e+03,(6.6+/-2.3)e+03,(6.6+/-2.3)e+03,(6.6+/-2.3)e+03,(6.6+/-2.3)e+03,(6.6+/-2.3)e+03,(6.6+/-2.3)e+03,(6.6+/-2.3)e+03,(6.6+/-2.3)e+03,(6.6+/-2.3)e+03,(6.6+/-2.3)e+03,(6.6+/-2.3)e+03,(6.6+/-2.3)e+03,(6.6+/-2.3)e+03
El Salvador,404479,1310233,0,0,0,0,(6.6+/-2.3)e+03,(6.6+/-2.3)e+03,(6.6+/-2.3)e+03,(6.6+/-2.3)e+03,(6.6+/-2.3)e+03,(6.6+/-2.3)e+03,(6.6+/-2.3)e+03,(6.6+/-2.3)e+03,(6.6+/-2.3)e+03,(6.6+/-2.3)e+03,(6.6+/-2.3)e+03,(6.6+/-2.3)e+03,(6.6+/-2.3)e+03,(6.6+/-2.3)e+03,(6.6+/-2.3)e+03,(6.6+/-2.3)e+03,(6.6+/-2.3)e+03,(6.6+/-2.3)e+03,(6.6+/-2.3)e+03,(6.6+/-2.3)e+03,(6.6+/-2.3)e+03,(6.6+/-2.3)e+03,(6.6+/-2.3)e+03,(6.6+/-2.3)e+03,(6.6+/-2.3)e+03,(6.6+/-2.3)e+03,(6.6+/-2.3)e+03,(6.6+/-2.3)e+03,(6.6+/-2.3)e+03,(6.6+/-2.3)e+03,(6.6+/-2.3)e+03,(6.6+/-2.3)e+03,(6.6+/-2.3)e+03,(6.6+/-2.3)e+03,(6.6+/-2.3)e+03,(6.6+/-2.3)e+03,(6.6+/-2.3)e+03,(6.6+/-2.3)e+03,(6.6+/-2.3)e+03,(6.6+/-2.3)e+03,(6.6+/-2.3)e+03,(6.6+/-2.3)e+03,(6.6+/-2.3)e+03,(6.6+/-2.3)e+03,(6.6+/-2.3)e+03,(6.6+/-2.3)e+03,(6.6+/-2.3)e+03,(6.6+/-2.3)e+03,(6.6+/-2.3)e+03
San Marino,1767,4913,0,0,0,0,(6.6+/-2.3)e+03,(6.6+/-2.3)e+03,(6.6+/-2.3)e+03,(6.6+/-2.3)e+03,(6.6+/-2.3)e+03,(6.6+/-2.3)e+03,(6.6+/-2.3)e+03,(6.6+/-2.3)e+03,(6.6+/-2.3)e+03,(6.6+/-2.3)e+03,(6.6+/-2.3)e+03,(6.6+/-2.3)e+03,(6.6+/-2.3)e+03,(6.6+/-2.3)e+03,(6.6+/-2.3)e+03,(6.6+/-2.3)e+03,(6.6+/-2.3)e+03,(6.6+/-2.3)e+03,(6.6+/-2.3)e+03,(6.6+/-2.3)e+03,(6.6+/-2.3)e+03,(6.6+/-2.3)e+03,(6.6+/-2.3)e+03,(6.6+/-2.3)e+03,(6.6+/-2.3)e+03,(6.6+/-2.3)e+03,(6.6+/-2.3)e+03,(6.6+/-2.3)e+03,(6.6+/-2.3)e+03,(6.6+/-2.3)e+03,(6.6+/-2.3)e+03,(6.6+/-2.3)e+03,(6.6+/-2.3)e+03,(6.6+/-2.3)e+03,(6.6+/-2.3)e+03,(6.6+/-2.3)e+03,(6.6+/-2.3)e+03,(6.6+/-2.3)e+03,(6.6+/-2.3)e+03,(6.6+/-2.3)e+03,(6.6+/-2.3)e+03,(6.6+/-2.3)e+03,(6.6+/-2.3)e+03,(6.6+/-2.3)e+03,(6.6+/-2.3)e+03,(6.6+/-2.3)e+03,(6.6+/-2.3)e+03,(6.6+/-2.3)e+03,(6.6+/-2.3)e+03
Somalia,395759,988140,0,0,0,0,(6.6+/-2.3)e+03,(6.6+/-2.3)e+03,(6.6+/-2.3)e+03,(6.6+/-2.3)e+03,(6.6+/-2.3)e+03,(6.6+/-2.3)e+03,(6.6+/-2.3)e+03,(6.6+/-2.3)e+03,(6.6+/-2.3)e+03,(6.6+/-2.3)e+03,(6.6+/-2.3)e+03,(6.6+/-2.3)e+03,(6.6+/-2.3)e+03,(6.6+/-2.3)e+03,(6.6+/-2.3)e+03,(6.6+/-2.3)e+03,(6.6+/-2.3)e+03,(6.6+/-2.3)e+03,(6.6+/-2.3)e+03,(6.6+/-2.3)e+03,(6.6+/-2.3)e+03,(6.6+/-2.3)e+03,(6.6+/-2.3)e+03,(6.6+/-2.3)e+03,(6.6+/-2.3)e+03,(6.6+/-2.3)e+03,(6.6+/-2.3)e+03,(6.6+/-2.3)e+03,(6.6+/-2.3)e+03,(6.6+/-2.3)e+03,(6.6+/-2.3)e+03,(6.6+/-2.3)e+03,(6.6+/-2.3)e+03,(6.6+/-2.3)e+03,(6.6+/-2.3)e+03,(6.6+/-2.3)e+03,(6.6+/-2.3)e+03,(6.6+/-2.3)e+03,(6.6+/-2.3)e+03,(6.6+/-2.3)e+03,(6.6+/-2.3)e+03,(6.6+/-2.3)e+03,(6.6+/-2.3)e+03,(6.6+/-2.3)e+03,(6.6+/-2.3)e+03,(6.6+/-2.3)e+03,(6.6+/-2.3)e+03,(6.6+/-2.3)e+03,(6.6+/-2.3)e+03
Serbia,533475,1043160,0,0,0,0,(1.6+/-0.6)e+06,(1.6+/-0.6)e+06,(1.6+/-0.6)e+06,(1.6+/-0.6)e+06,(1.6+/-0.6)e+06,(1.6+/-0.6)e+06,(1.6+/-0.6)e+06,(1.6+/-0.6)e+06,(1.6+/-0.6)e+06,(1.6+/-0.6)e+06,(1.6+/-0.6)e+06,(1.6+/-0.6)e+06,(1.6+/-0.6)e+06,(1.6+/-0.6)e+06,(1.6+/-0.6)e+06,(1.6+/-0.6)e+06,(1.6+/-0.6)e+06,(1.6+/-0.6)e+06,(1.6+/-0.6)e+06,(1.6+/-0.6)e+06,(1.6+/-0.6)e+06,(1.6+/-0.6)e+06,(1.6+/-0.6)e+06,(1.6+/-0.6)e+06,(1.6+/-0.6)e+06,(1.6+/-0.6)e+06,(1.6+/-0.6)e+06,(1.6+/-0.6)e+06,(1.6+/-0.6)e+06,(1.6+/-0.6)e+06,(1.6+/-0.6)e+06,(1.6+/-0.6)e+06,(1.6+/-0.6)e+06,(1.6+/-0.6)e+06,(1.6+/-0.6)e+06,(1.6+/-0.6)e+06,(1.6+/-0.6)e+06,(1.6+/-0.6)e+06,(1.6+/-0.6)e+06,(1.6+/-0.6)e+06,(1.6+/-0.6)e+06,(1.6+/-0.6)e+06,(1.6+/-0.6)e+06,(1.6+/-0.6)e+06,(1.6+/-0.6)e+06,(1.6+/-0.6)e+06,(1.6+/-0.6)e+06,(1.6+/-0.6)e+06,(1.6+/-0.6)e+06
South Sudan,627113,1870551,0,0,0,0,(6.6+/-2.3)e+03,(6.6+/-2.3)e+03,(6.6+/-2.3)e+03,(6.6+/-2.3)e+03,(6.6+/-2.3)e+03,(6.6+/-2.3)e+03,(6.6+/-2.3)e+03,(6.6+/-2.3)e+03,(6.6+/-2.3)e+03,(6.6+/-2.3)e+03,(6.6+/-2.3)e+03,(6.6+/-2.3)e+03,(6.6+/-2.3)e+03,(6.6+/-2.3)e+03,(6.6+/-2.3)e+03,(6.6+/-2.3)e+03,(6.6+/-2.3)e+03,(6.6+/-2.3)e+03,(6.6+/-2.3)e+03,(6.6+/-2.3)e+03,(6.6+/-2.3)e+03,(6.6+/-2.3)e+03,(6.6+/-2.3)e+03,(6.6+/-2.3)e+03,(6.6+/-2.3)e+03,(6.6+/-2.3)e+03,(6.6+/-2.3)e+03,(6.6+/-2.3)e+03,(6.6+/-2.3)e+03,(6.6+/-2.3)e+03,(6.6+/-2.3)e+03,(6.6+/-2.3)e+03,(6.6+/-2.3)e+03,(6.6+/-2.3)e+03,(6.6+/-2.3)e+03,(6.6+/-2.3)e+03,(6.6+/-2.3)e+03,(6.6+/-2.3)e+03,(6.6+/-2.3)e+03,(6.6+/-2.3)e+03,(6.6+/-2.3)e+03,(6.6+/-2.3)e+03,(6.6+/-2.3)e+03,(6.6+/-2.3)e+03,(6.6+/-2.3)e+03,(6.6+/-2.3)e+03,(6.6+/-2.3)e+03,(6.6+/-2.3)e+03,(6.6+/-2.3)e+03
Sao Tome and Principe,4711,14947,0,0,0,0,(6.6+/-2.3)e+03,(6.6+/-2.3)e+03,(6.6+/-2.3)e+03,(6.6+/-2.3)e+03,(6.6+/-2.3)e+03,(6.6+/-2.3)e+03,(6.6+/-2.3)e+03,(6.6+/-2.3)e+03,(6.6+/-2.3)e+03,(6.6+/-2.3)e+03,(6.6+/-2.3)e+03,(6.6+/-2.3)e+03,(6.6+/-2.3)e+03,(6.6+/-2.3)e+03,(6.6+/-2.3)e+03,(6.6+/-2.3)e+03,(6.6+/-2.3)e+03,(6.6+/-2.3)e+03,(6.6+/-2.3)e+03,(6.6+/-2.3)e+03,(6.6+/-2.3)e+03,(6.6+/-2.3)e+03,(6.6+/-2.3)e+03,(6.6+/-2.3)e+03,(6.6+/-2.3)e+03,(6.6+/-2.3)e+03,(6.6+/-2.3)e+03,(6.6+/-2.3)e+03,(6.6+/-2.3)e+03,(6.6+/-2.3)e+03,(6.6+/-2.3)e+03,(6.6+/-2.3)e+03,(6.6+/-2.3)e+03,(6.6+/-2.3)e+03,(6.6+/-2.3)e+03,(6.6+/-2.3)e+03,(6.6+/-2.3)e+03,(6.6+/-2.3)e+03,(6.6+/-2.3)e+03,(6.6+/-2.3)e+03,(6.6+/-2.3)e+03,(6.6+/-2.3)e+03,(6.6+/-2.3)e+03,(6.6+/-2.3)e+03,(6.6+/-2.3)e+03,(6.6+/-2.3)e+03,(6.6+/-2.3)e+03,(6.6+/-2.3)e+03,(6.6+/-2.3)e+03
Suriname,37066,91608,0,0,0,0,(6.6+/-2.3)e+03,(6.6+/-2.3)e+03,(6.6+/-2.3)e+03,(6.6+/-2.3)e+03,(6.6+/-2.3)e+03,(6.6+/-2.3)e+03,(6.6+/-2.3)e+03,(6.6+/-2.3)e+03,(6.6+/-2.3)e+03,(6.6+/-2.3)e+03,(6.6+/-2.3)e+03,(6.6+/-2.3)e+03,(6.6+/-2.3)e+03,(6.6+/-2.3)e+03,(6.6+/-2.3)e+03,(6.6+/-2.3)e+03,(6.6+/-2.3)e+03,(6.6+/-2.3)e+03,(6.6+/-2.3)e+03,(6.6+/-2.3)e+03,(6.6+/-2.3)e+03,(6.6+/-2.3)e+03,(6.6+/-2.3)e+03,(6.6+/-2.3)e+03,(6.6+/-2.3)e+03,(6.6+/-2.3)e+03,(6.6+/-2.3)e+03,(6.6+/-2.3)e+03,(6.6+/-2.3)e+03,(6.6+/-2.3)e+03,(6.6+/-2.3)e+03,(6.6+/-2.3)e+03,(6.6+/-2.3)e+03,(6.6+/-2.3)e+03,(6.6+/-2.3)e+03,(6.6+/-2.3)e+03,(6.6+/-2.3)e+03,(6.6+/-2.3)e+03,(6.6+/-2.3)e+03,(6.6+/-2.3)e+03,(6.6+/-2.3)e+03,(6.6+/-2.3)e+03,(6.6+/-2.3)e+03,(6.6+/-2.3)e+03,(6.6+/-2.3)e+03,(6.6+/-2.3)e+03,(6.6+/-2.3)e+03,(6.6+/-2.3)e+03,(6.6+/-2.3)e+03
Slovakia,475672,972024,0,0,0,0,(1.0+/-0.4)e+05,(1.0+/-0.4)e+05,(1.0+/-0.4)e+05,(1.0+/-0.4)e+05,(1.0+/-0.4)e+05,(1.0+/-0.4)e+05,(1.0+/-0.4)e+05,(1.0+/-0.4)e+05,(1.0+/-0.4)e+05,(1.0+/-0.4)e+05,(1.0+/-0.4)e+05,(1.0+/-0.4)e+05,(1.0+/-0.4)e+05,(1.0+/-0.4)e+05,(1.0+/-0.4)e+05,(1.0+/-0.4)e+05,(1.0+/-0.4)e+05,(1.0+/-0.4)e+05,(1.0+/-0.4)e+05,(1.0+/-0.4)e+05,(1.0+/-0.4)e+05,(1.0+/-0.4)e+05,(1.0+/-0.4)e+05,(1.0+/-0.4)e+05,(1.0+/-0.4)e+05,(1.0+/-0.4)e+05,(1.0+/-0.4)e+05,(1.0+/-0.4)e+05,(1.0+/-0.4)e+05,(1.0+/-0.4)e+05,(1.0+/-0.4)e+05,(1.0+/-0.4)e+05,(1.0+/-0.4)e+05,(1.0+/-0.4)e+05,(1.0+/-0.4)e+05,(1.0+/-0.4)e+05,(1.0+/-0.4)e+05,(1.0+/-0.4)e+05,(1.0+/-0.4)e+05,(1.0+/-0.4)e+05,(1.0+/-0.4)e+05,(1.0+/-0.4)e+05,(1.0+/-0.4)e+05,(1.0+/-0.4)e+05,(1.0+/-0.4)e+05,(1.0+/-0.4)e+05,(1.0+/-0.4)e+05,(1.0+/-0.4)e+05,(1.0+/-0.4)e+05
Slovenia,165521,343043,0,0,0,0,(3.6+/-1.4)e+05,(3.6+/-1.4)e+05,(3.6+/-1.4)e+05,(3.6+/-1.4)e+05,(3.6+/-1.4)e+05,(3.6+/-1.4)e+05,(3.6+/-1.4)e+05,(3.6+/-1.4)e+05,(3.6+/-1.4)e+05,(3.6+/-1.4)e+05,(3.6+/-1.4)e+05,(3.6+/-1.4)e+05,(3.6+/-1.4)e+05,(3.6+/-1.4)e+05,(3.6+/-1.4)e+05,(3.6+/-1.4)e+05,(3.6+/-1.4)e+05,(3.6+/-1.4)e+05,(3.6+/-1.4)e+05,(3.6+/-1.4)e+05,(3.6+/-1.4)e+05,(3.6+/-1.4)e+05,(3.6+/-1.4)e+05,(3.6+/-1.4)e+05,(3.6+/-1.4)e+05,(3.6+/-1.4)e+05,(3.6+/-1.4)e+05,(3.6+/-1.4)e+05,(3.6+/-1.4)e+05,(3.6+/-1.4)e+05,(3.6+/-1.4)e+05,(3.6+/-1.4)e+05,(3.6+/-1.4)e+05,(3.6+/-1.4)e+05,(3.6+/-1.4)e+05,(3.6+/-1.4)e+05,(3.6+/-1.4)e+05,(3.6+/-1.4)e+05,(3.6+/-1.4)e+05,(3.6+/-1.4)e+05,(3.6+/-1.4)e+05,(3.6+/-1.4)e+05,(3.6+/-1.4)e+05,(3.6+/-1.4)e+05,(3.6+/-1.4)e+05,(3.6+/-1.4)e+05,(3.6+/-1.4)e+05,(3.6+/-1.4)e+05,(3.6+/-1.4)e+05
Sweden,855345,1654912,0,0,0,0,(6.6+/-2.3)e+03,(6.6+/-2.3)e+03,(6.6+/-2.3)e+03,(6.6+/-2.3)e+03,(6.6+/-2.3)e+03,(6.6+/-2.3)e+03,(6.6+/-2.3)e+03,(6.6+/-2.3)e+03,(6.6+/-2.3)e+03,(6.6+/-2.3)e+03,(6.6+/-2.3)e+03,(6.6+/-2.3)e+03,(6.6+/-2.3)e+03,(6.6+/-2.3)e+03,(6.6+/-2.3)e+03,(6.6+/-2.3)e+03,(6.6+/-2.3)e+03,(6.6+/-2.3)e+03,(6.6+/-2.3)e+03,(6.6+/-2.3)e+03,(6.6+/-2.3)e+03,(6.6+/-2.3)e+03,(6.6+/-2.3)e+03,(6.6+/-2.3)e+03,(6.6+/-2.3)e+03,(6.6+/-2.3)e+03,(6.6+/-2.3)e+03,(6.6+/-2.3)e+03,(6.6+/-2.3)e+03,(6.6+/-2.3)e+03,(6.6+/-2.3)e+03,(6.6+/-2.3)e+03,(6.6+/-2.3)e+03,(6.6+/-2.3)e+03,(6.6+/-2.3)e+03,(6.6+/-2.3)e+03,(6.6+/-2.3)e+03,(6.6+/-2.3)e+03,(6.6+/-2.3)e+03,(6.6+/-2.3)e+03,(6.6+/-2.3)e+03,(6.6+/-2.3)e+03,(6.6+/-2.3)e+03,(6.6+/-2.3)e+03,(6.6+/-2.3)e+03,(6.6+/-2.3)e+03,(6.6+/-2.3)e+03,(6.6+/-2.3)e+03,(6.6+/-2.3)e+03
Eswatini,52748,157898,0,0,0,0,(6.6+/-2.3)e+03,(6.6+/-2.3)e+03,(6.6+/-2.3)e+03,(6.6+/-2.3)e+03,(6.6+/-2.3)e+03,(6.6+/-2.3)e+03,(6.6+/-2.3)e+03,(6.6+/-2.3)e+03,(6.6+/-2.3)e+03,(6.6+/-2.3)e+03,(6.6+/-2.3)e+03,(6.6+/-2.3)e+03,(6.6+/-2.3)e+03,(6.6+/-2.3)e+03,(6.6+/-2.3)e+03,(6.6+/-2.3)e+03,(6.6+/-2.3)e+03,(6.6+/-2.3)e+03,(6.6+/-2.3)e+03,(6.6+/-2.3)e+03,(6.6+/-2.3)e+03,(6.6+/-2.3)e+03,(6.6+/-2.3)e+03,(6.6+/-2.3)e+03,(6.6+/-2.3)e+03,(6.6+/-2.3)e+03,(6.6+/-2.3)e+03,(6.6+/-2.3)e+03,(6.6+/-2.3)e+03,(6.6+/-2.3)e+03,(6.6+/-2.3)e+03,(6.6+/-2.3)e+03,(6.6+/-2.3)e+03,(6.6+/-2.3)e+03,(6.6+/-2.3)e+03,(6.6+/-2.3)e+03,(6.6+/-2.3)e+03,(6.6+/-2.3)e+03,(6.6+/-2.3)e+03,(6.6+/-2.3)e+03,(6.6+/-2.3)e+03,(6.6+/-2.3)e+03,(6.6+/-2.3)e+03,(6.6+/-2.3)e+03,(6.6+/-2.3)e+03,(6.6+/-2.3)e+03,(6.6+/-2.3)e+03,(6.6+/-2.3)e+03,(6.6+/-2.3)e+03
Sint Maarten,3330,7235,0,0,0,0,(6.6+/-2.3)e+03,(6.6+/-2.3)e+03,(6.6+/-2.3)e+03,(6.6+/-2.3)e+03,(6.6+/-2.3)e+03,(6.6+/-2.3)e+03,(6.6+/-2.3)e+03,(6.6+/-2.3)e+03,(6.6+/-2.3)e+03,(6.6+/-2.3)e+03,(6.6+/-2.3)e+03,(6.6+/-2.3)e+03,(6.6+/-2.3)e+03,(6.6+/-2.3)e+03,(6.6+/-2.3)e+03,(6.6+/-2.3)e+03,(6.6+/-2.3)e+03,(6.6+/-2.3)e+03,(6.6+/-2.3)e+03,(6.6+/-2.3)e+03,(6.6+/-2.3)e+03,(6.6+/-2.3)e+03,(6.6+/-2.3)e+03,(6.6+/-2.3)e+03,(6.6+/-2.3)e+03,(6.6+/-2.3)e+03,(6.6+/-2.3)e+03,(6.6+/-2.3)e+03,(6.6+/-2.3)e+03,(6.6+/-2.3)e+03,(6.6+/-2.3)e+03,(6.6+/-2.3)e+03,(6.6+/-2.3)e+03,(6.6+/-2.3)e+03,(6.6+/-2.3)e+03,(6.6+/-2.3)e+03,(6.6+/-2.3)e+03,(6.6+/-2.3)e+03,(6.6+/-2.3)e+03,(6.6+/-2.3)e+03,(6.6+/-2.3)e+03,(6.6+/-2.3)e+03,(6.6+/-2.3)e+03,(6.6+/-2.3)e+03,(6.6+/-2.3)e+03,(6.6+/-2.3)e+03,(6.6+/-2.3)e+03,(6.6+/-2.3)e+03,(6.6+/-2.3)e+03
Seychelles,14719,34651,0,0,0,0,(6.6+/-2.3)e+03,(6.6+/-2.3)e+03,(6.6+/-2.3)e+03,(6.6+/-2.3)e+03,(6.6+/-2.3)e+03,(6.6+/-2.3)e+03,(6.6+/-2.3)e+03,(6.6+/-2.3)e+03,(6.6+/-2.3)e+03,(6.6+/-2.3)e+03,(6.6+/-2.3)e+03,(6.6+/-2.3)e+03,(6.6+/-2.3)e+03,(6.6+/-2.3)e+03,(6.6+/-2.3)e+03,(6.6+/-2.3)e+03,(6.6+/-2.3)e+03,(6.6+/-2.3)e+03,(6.6+/-2.3)e+03,(6.6+/-2.3)e+03,(6.6+/-2.3)e+03,(6.6+/-2.3)e+03,(6.6+/-2.3)e+03,(6.6+/-2.3)e+03,(6.6+/-2.3)e+03,(6.6+/-2.3)e+03,(6.6+/-2.3)e+03,(6.6+/-2.3)e+03,(6.6+/-2.3)e+03,(6.6+/-2.3)e+03,(6.6+/-2.3)e+03,(6.6+/-2.3)e+03,(6.6+/-2.3)e+03,(6.6+/-2.3)e+03,(6.6+/-2.3)e+03,(6.6+/-2.3)e+03,(6.6+/-2.3)e+03,(6.6+/-2.3)e+03,(6.6+/-2.3)e+03,(6.6+/-2.3)e+03,(6.6+/-2.3)e+03,(6.6+/-2.3)e+03,(6.6+/-2.3)e+03,(6.6+/-2.3)e+03,(6.6+/-2.3)e+03,(6.6+/-2.3)e+03,(6.6+/-2.3)e+03,(6.6+/-2.3)e+03,(6.6+/-2.3)e+03
Syria,955711,2727070,0,0,0,0,(6.6+/-2.3)e+03,(6.6+/-2.3)e+03,(6.6+/-2.3)e+03,(6.6+/-2.3)e+03,(6.6+/-2.3)e+03,(6.6+/-2.3)e+03,(6.6+/-2.3)e+03,(6.6+/-2.3)e+03,(6.6+/-2.3)e+03,(6.6+/-2.3)e+03,(6.6+/-2.3)e+03,(6.6+/-2.3)e+03,(6.6+/-2.3)e+03,(6.6+/-2.3)e+03,(6.6+/-2.3)e+03,(6.6+/-2.3)e+03,(6.6+/-2.3)e+03,(6.6+/-2.3)e+03,(6.6+/-2.3)e+03,(6.6+/-2.3)e+03,(6.6+/-2.3)e+03,(6.6+/-2.3)e+03,(6.6+/-2.3)e+03,(6.6+/-2.3)e+03,(6.6+/-2.3)e+03,(6.6+/-2.3)e+03,(6.6+/-2.3)e+03,(6.6+/-2.3)e+03,(6.6+/-2.3)e+03,(6.6+/-2.3)e+03,(6.6+/-2.3)e+03,(6.6+/-2.3)e+03,(6.6+/-2.3)e+03,(6.6+/-2.3)e+03,(6.6+/-2.3)e+03,(6.6+/-2.3)e+03,(6.6+/-2.3)e+03,(6.6+/-2.3)e+03,(6.6+/-2.3)e+03,(6.6+/-2.3)e+03,(6.6+/-2.3)e+03,(6.6+/-2.3)e+03,(6.6+/-2.3)e+03,(6.6+/-2.3)e+03,(6.6+/-2.3)e+03,(6.6+/-2.3)e+03,(6.6+/-2.3)e+03,(6.6+/-2.3)e+03,(6.6+/-2.3)e+03
Turks and Caicos Islands,0,0,0,0,0,0,(6.6+/-2.3)e+03,(6.6+/-2.3)e+03,(6.6+/-2.3)e+03,(6.6+/-2.3)e+03,(6.6+/-2.3)e+03,(6.6+/-2.3)e+03,(6.6+/-2.3)e+03,(6.6+/-2.3)e+03,(6.6+/-2.3)e+03,(6.6+/-2.3)e+03,(6.6+/-2.3)e+03,(6.6+/-2.3)e+03,(6.6+/-2.3)e+03,(6.6+/-2.3)e+03,(6.6+/-2.3)e+03,(6.6+/-2.3)e+03,(6.6+/-2.3)e+03,(6.6+/-2.3)e+03,(6.6+/-2.3)e+03,(6.6+/-2.3)e+03,(6.6+/-2.3)e+03,(6.6+/-2.3)e+03,(6.6+/-2.3)e+03,(6.6+/-2.3)e+03,(6.6+/-2.3)e+03,(6.6+/-2.3)e+03,(6.6+/-2.3)e+03,(6.6+/-2.3)e+03,(6.6+/-2.3)e+03,(6.6+/-2.3)e+03,(6.6+/-2.3)e+03,(6.6+/-2.3)e+03,(6.6+/-2.3)e+03,(6.6+/-2.3)e+03,(6.6+/-2.3)e+03,(6.6+/-2.3)e+03,(6.6+/-2.3)e+03,(6.6+/-2.3)e+03,(6.6+/-2.3)e+03,(6.6+/-2.3)e+03,(6.6+/-2.3)e+03,(6.6+/-2.3)e+03,(6.6+/-2.3)e+03,(6.6+/-2.3)e+03,(6.6+/-2.3)e+03,(6.6+/-2.3)e+03,(6.6+/-2.3)e+03,(6.6+/-2.3)e+03,(6.6+/-2.3)e+03
Chad,799255,2551262,0,0,0,0,(6.6+/-2.3)e+03,(6.6+/-2.3)e+03,(6.6+/-2.3)e+03,(6.6+/-2.3)e+03,(6.6+/-2.3)e+03,(6.6+/-2.3)e+03,(6.6+/-2.3)e+03,(6.6+/-2.3)e+03,(6.6+/-2.3)e+03,(6.6+/-2.3)e+03,(6.6+/-2.3)e+03,(6.6+/-2.3)e+03,(6.6+/-2.3)e+03,(6.6+/-2.3)e+03,(6.6+/-2.3)e+03,(6.6+/-2.3)e+03,(6.6+/-2.3)e+03,(6.6+/-2.3)e+03,(6.6+/-2.3)e+03,(6.6+/-2.3)e+03,(6.6+/-2.3)e+03,(6.6+/-2.3)e+03,(6.6+/-2.3)e+03,(6.6+/-2.3)e+03,(6.6+/-2.3)e+03,(6.6+/-2.3)e+03,(6.6+/-2.3)e+03,(6.6+/-2.3)e+03,(6.6+/-2.3)e+03,(6.6+/-2.3)e+03,(6.6+/-2.3)e+03,(6.6+/-2.3)e+03,(6.6+/-2.3)e+03,(6.6+/-2.3)e+03,(6.6+/-2.3)e+03,(6.6+/-2.3)e+03,(6.6+/-2.3)e+03,(6.6+/-2.3)e+03,(6.6+/-2.3)e+03,(6.6+/-2.3)e+03,(6.6+/-2.3)e+03,(6.6+/-2.3)e+03,(6.6+/-2.3)e+03,(6.6+/-2.3)e+03,(6.6+/-2.3)e+03,(6.6+/-2.3)e+03,(6.6+/-2.3)e+03,(6.6+/-2.3)e+03,(6.6+/-2.3)e+03
Togo,418739,1424157,0,0,0,0,(6.6+/-2.3)e+03,(6.6+/-2.3)e+03,(6.6+/-2.3)e+03,(6.6+/-2.3)e+03,(6.6+/-2.3)e+03,(6.6+/-2.3)e+03,(6.6+/-2.3)e+03,(6.6+/-2.3)e+03,(6.6+/-2.3)e+03,(6.6+/-2.3)e+03,(6.6+/-2.3)e+03,(6.6+/-2.3)e+03,(6.6+/-2.3)e+03,(6.6+/-2.3)e+03,(6.6+/-2.3)e+03,(6.6+/-2.3)e+03,(6.6+/-2.3)e+03,(6.6+/-2.3)e+03,(6.6+/-2.3)e+03,(6.6+/-2.3)e+03,(6.6+/-2.3)e+03,(6.6+/-2.3)e+03,(6.6+/-2.3)e+03,(6.6+/-2.3)e+03,(6.6+/-2.3)e+03,(6.6+/-2.3)e+03,(6.6+/-2.3)e+03,(6.6+/-2.3)e+03,(6.6+/-2.3)e+03,(6.6+/-2.3)e+03,(6.6+/-2.3)e+03,(6.6+/-2.3)e+03,(6.6+/-2.3)e+03,(6.6+/-2.3)e+03,(6.6+/-2.3)e+03,(6.6+/-2.3)e+03,(6.6+/-2.3)e+03,(6.6+/-2.3)e+03,(6.6+/-2.3)e+03,(6.6+/-2.3)e+03,(6.6+/-2.3)e+03,(6.6+/-2.3)e+03,(6.6+/-2.3)e+03,(6.6+/-2.3)e+03,(6.6+/-2.3)e+03,(6.6+/-2.3)e+03,(6.6+/-2.3)e+03,(6.6+/-2.3)e+03,(6.6+/-2.3)e+03
Thailand,7279894,16317256,0,0,0,0,(2.1+/-0.8)e+06,(2.1+/-0.8)e+06,(2.1+/-0.8)e+06,(2.1+/-0.8)e+06,(2.1+/-0.8)e+06,(2.1+/-0.8)e+06,(2.1+/-0.8)e+06,(2.1+/-0.8)e+06,(2.1+/-0.8)e+06,(2.1+/-0.8)e+06,(2.1+/-0.8)e+06,(2.1+/-0.8)e+06,(2.1+/-0.8)e+06,(2.1+/-0.8)e+06,(2.1+/-0.8)e+06,(2.1+/-0.8)e+06,(2.1+/-0.8)e+06,(2.1+/-0.8)e+06,(2.1+/-0.8)e+06,(2.1+/-0.8)e+06,(2.1+/-0.8)e+06,(2.1+/-0.8)e+06,(2.1+/-0.8)e+06,(2.1+/-0.8)e+06,(2.1+/-0.8)e+06,(2.1+/-0.8)e+06,(2.1+/-0.8)e+06,(2.1+/-0.8)e+06,(2.1+/-0.8)e+06,(2.1+/-0.8)e+06,(2.1+/-0.8)e+06,(2.1+/-0.8)e+06,(2.1+/-0.8)e+06,(2.1+/-0.8)e+06,(2.1+/-0.8)e+06,(2.1+/-0.8)e+06,(2.1+/-0.8)e+06,(2.1+/-0.8)e+06,(2.1+/-0.8)e+06,(2.1+/-0.8)e+06,(2.1+/-0.8)e+06,(2.1+/-0.8)e+06,(2.1+/-0.8)e+06,(2.1+/-0.8)e+06,(2.1+/-0.8)e+06,(2.1+/-0.8)e+06,(2.1+/-0.8)e+06,(2.1+/-0.8)e+06,(2.1+/-0.8)e+06
Tajikistan,366771,910822,0,0,0,0,(1.4+/-0.5)e+05,(1.4+/-0.5)e+05,(1.4+/-0.5)e+05,(1.4+/-0.5)e+05,(1.4+/-0.5)e+05,(1.4+/-0.5)e+05,(1.4+/-0.5)e+05,(1.4+/-0.5)e+05,(1.4+/-0.5)e+05,(1.4+/-0.5)e+05,(1.4+/-0.5)e+05,(1.4+/-0.5)e+05,(1.4+/-0.5)e+05,(1.4+/-0.5)e+05,(1.4+/-0.5)e+05,(1.4+/-0.5)e+05,(1.4+/-0.5)e+05,(1.4+/-0.5)e+05,(1.4+/-0.5)e+05,(1.4+/-0.5)e+05,(1.4+/-0.5)e+05,(1.4+/-0.5)e+05,(1.4+/-0.5)e+05,(1.4+/-0.5)e+05,(1.4+/-0.5)e+05,(1.4+/-0.5)e+05,(1.4+/-0.5)e+05,(1.4+/-0.5)e+05,(1.4+/-0.5)e+05,(1.4+/-0.5)e+05,(1.4+/-0.5)e+05,(1.4+/-0.5)e+05,(1.4+/-0.5)e+05,(1.4+/-0.5)e+05,(1.4+/-0.5)e+05,(1.4+/-0.5)e+05,(1.4+/-0.5)e+05,(1.4+/-0.5)e+05,(1.4+/-0.5)e+05,(1.4+/-0.5)e+05,(1.4+/-0.5)e+05,(1.4+/-0.5)e+05,(1.4+/-0.5)e+05,(1.4+/-0.5)e+05,(1.4+/-0.5)e+05,(1.4+/-0.5)e+05,(1.4+/-0.5)e+05,(1.4+/-0.5)e+05,(1.4+/-0.5)e+05
Turkmenistan,306473,625534,0,0,0,0,(6.6+/-2.3)e+03,(6.6+/-2.3)e+03,(6.6+/-2.3)e+03,(6.6+/-2.3)e+03,(6.6+/-2.3)e+03,(6.6+/-2.3)e+03,(6.6+/-2.3)e+03,(6.6+/-2.3)e+03,(6.6+/-2.3)e+03,(6.6+/-2.3)e+03,(6.6+/-2.3)e+03,(6.6+/-2.3)e+03,(6.6+/-2.3)e+03,(6.6+/-2.3)e+03,(6.6+/-2.3)e+03,(6.6+/-2.3)e+03,(6.6+/-2.3)e+03,(6.6+/-2.3)e+03,(6.6+/-2.3)e+03,(6.6+/-2.3)e+03,(6.6+/-2.3)e+03,(6.6+/-2.3)e+03,(6.6+/-2.3)e+03,(6.6+/-2.3)e+03,(6.6+/-2.3)e+03,(6.6+/-2.3)e+03,(6.6+/-2.3)e+03,(6.6+/-2.3)e+03,(6.6+/-2.3)e+03,(6.6+/-2.3)e+03,(6.6+/-2.3)e+03,(6.6+/-2.3)e+03,(6.6+/-2.3)e+03,(6.6+/-2.3)e+03,(6.6+/-2.3)e+03,(6.6+/-2.3)e+03,(6.6+/-2.3)e+03,(6.6+/-2.3)e+03,(6.6+/-2.3)e+03,(6.6+/-2.3)e+03,(6.6+/-2.3)e+03,(6.6+/-2.3)e+03,(6.6+/-2.3)e+03,(6.6+/-2.3)e+03,(6.6+/-2.3)e+03,(6.6+/-2.3)e+03,(6.6+/-2.3)e+03,(6.6+/-2.3)e+03,(6.6+/-2.3)e+03
Timor-Leste,68503,158360,0,0,0,0,(6.6+/-2.3)e+03,(6.6+/-2.3)e+03,(6.6+/-2.3)e+03,(6.6+/-2.3)e+03,(6.6+/-2.3)e+03,(6.6+/-2.3)e+03,(6.6+/-2.3)e+03,(6.6+/-2.3)e+03,(6.6+/-2.3)e+03,(6.6+/-2.3)e+03,(6.6+/-2.3)e+03,(6.6+/-2.3)e+03,(6.6+/-2.3)e+03,(6.6+/-2.3)e+03,(6.6+/-2.3)e+03,(6.6+/-2.3)e+03,(6.6+/-2.3)e+03,(6.6+/-2.3)e+03,(6.6+/-2.3)e+03,(6.6+/-2.3)e+03,(6.6+/-2.3)e+03,(6.6+/-2.3)e+03,(6.6+/-2.3)e+03,(6.6+/-2.3)e+03,(6.6+/-2.3)e+03,(6.6+/-2.3)e+03,(6.6+/-2.3)e+03,(6.6+/-2.3)e+03,(6.6+/-2.3)e+03,(6.6+/-2.3)e+03,(6.6+/-2.3)e+03,(6.6+/-2.3)e+03,(6.6+/-2.3)e+03,(6.6+/-2.3)e+03,(6.6+/-2.3)e+03,(6.6+/-2.3)e+03,(6.6+/-2.3)e+03,(6.6+/-2.3)e+03,(6.6+/-2.3)e+03,(6.6+/-2.3)e+03,(6.6+/-2.3)e+03,(6.6+/-2.3)e+03,(6.6+/-2.3)e+03,(6.6+/-2.3)e+03,(6.6+/-2.3)e+03,(6.6+/-2.3)e+03,(6.6+/-2.3)e+03,(6.6+/-2.3)e+03,(6.6+/-2.3)e+03
Tonga,3678,10753,0,0,0,0,(6.6+/-2.3)e+03,(6.6+/-2.3)e+03,(6.6+/-2.3)e+03,(6.6+/-2.3)e+03,(6.6+/-2.3)e+03,(6.6+/-2.3)e+03,(6.6+/-2.3)e+03,(6.6+/-2.3)e+03,(6.6+/-2.3)e+03,(6.6+/-2.3)e+03,(6.6+/-2.3)e+03,(6.6+/-2.3)e+03,(6.6+/-2.3)e+03,(6.6+/-2.3)e+03,(6.6+/-2.3)e+03,(6.6+/-2.3)e+03,(6.6+/-2.3)e+03,(6.6+/-2.3)e+03,(6.6+/-2.3)e+03,(6.6+/-2.3)e+03,(6.6+/-2.3)e+03,(6.6+/-2.3)e+03,(6.6+/-2.3)e+03,(6.6+/-2.3)e+03,(6.6+/-2.3)e+03,(6.6+/-2.3)e+03,(6.6+/-2.3)e+03,(6.6+/-2.3)e+03,(6.6+/-2.3)e+03,(6.6+/-2.3)e+03,(6.6+/-2.3)e+03,(6.6+/-2.3)e+03,(6.6+/-2.3)e+03,(6.6+/-2.3)e+03,(6.6+/-2.3)e+03,(6.6+/-2.3)e+03,(6.6+/-2.3)e+03,(6.6+/-2.3)e+03,(6.6+/-2.3)e+03,(6.6+/-2.3)e+03,(6.6+/-2.3)e+03,(6.6+/-2.3)e+03,(6.6+/-2.3)e+03,(6.6+/-2.3)e+03,(6.6+/-2.3)e+03,(6.6+/-2.3)e+03,(6.6+/-2.3)e+03,(6.6+/-2.3)e+03,(6.6+/-2.3)e+03
Trinidad and Tobago,71499,188458,0,0,0,0,(6.6+/-2.3)e+03,(6.6+/-2.3)e+03,(6.6+/-2.3)e+03,(6.6+/-2.3)e+03,(6.6+/-2.3)e+03,(6.6+/-2.3)e+03,(6.6+/-2.3)e+03,(6.6+/-2.3)e+03,(6.6+/-2.3)e+03,(6.6+/-2.3)e+03,(6.6+/-2.3)e+03,(6.6+/-2.3)e+03,(6.6+/-2.3)e+03,(6.6+/-2.3)e+03,(6.6+/-2.3)e+03,(6.6+/-2.3)e+03,(6.6+/-2.3)e+03,(6.6+/-2.3)e+03,(6.6+/-2.3)e+03,(6.6+/-2.3)e+03,(6.6+/-2.3)e+03,(6.6+/-2.3)e+03,(6.6+/-2.3)e+03,(6.6+/-2.3)e+03,(6.6+/-2.3)e+03,(6.6+/-2.3)e+03,(6.6+/-2.3)e+03,(6.6+/-2.3)e+03,(6.6+/-2.3)e+03,(6.6+/-2.3)e+03,(6.6+/-2.3)e+03,(6.6+/-2.3)e+03,(6.6+/-2.3)e+03,(6.6+/-2.3)e+03,(6.6+/-2.3)e+03,(6.6+/-2.3)e+03,(6.6+/-2.3)e+03,(6.6+/-2.3)e+03,(6.6+/-2.3)e+03,(6.6+/-2.3)e+03,(6.6+/-2.3)e+03,(6.6+/-2.3)e+03,(6.6+/-2.3)e+03,(6.6+/-2.3)e+03,(6.6+/-2.3)e+03,(6.6+/-2.3)e+03,(6.6+/-2.3)e+03,(6.6+/-2.3)e+03,(6.6+/-2.3)e+03
Tunisia,719580,1559020,0,0,0,0,(6.6+/-2.3)e+03,(6.6+/-2.3)e+03,(6.6+/-2.3)e+03,(6.6+/-2.3)e+03,(6.6+/-2.3)e+03,(6.6+/-2.3)e+03,(6.6+/-2.3)e+03,(6.6+/-2.3)e+03,(6.6+/-2.3)e+03,(6.6+/-2.3)e+03,(6.6+/-2.3)e+03,(6.6+/-2.3)e+03,(6.6+/-2.3)e+03,(6.6+/-2.3)e+03,(6.6+/-2.3)e+03,(6.6+/-2.3)e+03,(6.6+/-2.3)e+03,(6.6+/-2.3)e+03,(6.6+/-2.3)e+03,(6.6+/-2.3)e+03,(6.6+/-2.3)e+03,(6.6+/-2.3)e+03,(6.6+/-2.3)e+03,(6.6+/-2.3)e+03,(6.6+/-2.3)e+03,(6.6+/-2.3)e+03,(6.6+/-2.3)e+03,(6.6+/-2.3)e+03,(6.6+/-2.3)e+03,(6.6+/-2.3)e+03,(6.6+/-2.3)e+03,(6.6+/-2.3)e+03,(6.6+/-2.3)e+03,(6.6+/-2.3)e+03,(6.6+/-2.3)e+03,(6.6+/-2.3)e+03,(6.6+/-2.3)e+03,(6.6+/-2.3)e+03,(6.6+/-2.3)e+03,(6.6+/-2.3)e+03,(6.6+/-2.3)e+03,(6.6+/-2.3)e+03,(6.6+/-2.3)e+03,(6.6+/-2.3)e+03,(6.6+/-2.3)e+03,(6.6+/-2.3)e+03,(6.6+/-2.3)e+03,(6.6+/-2.3)e+03,(6.6+/-2.3)e+03
Türkiye,5752370,13275591,0,0,0,0,(6.9+/-2.6)e+06,(6.9+/-2.6)e+06,(6.9+/-2.6)e+06,(6.9+/-2.6)e+06,(6.9+/-2.6)e+06,(6.9+/-2.6)e+06,(6.9+/-2.6)e+06,(6.9+/-2.6)e+06,(6.9+/-2.6)e+06,(6.9+/-2.6)e+06,(6.9+/-2.6)e+06,(6.9+/-2.6)e+06,(6.9+/-2.6)e+06,(6.9+/-2.6)e+06,(6.9+/-2.6)e+06,(6.9+/-2.6)e+06,(6.9+/-2.6)e+06,(6.9+/-2.6)e+06,(6.9+/-2.6)e+06,(6.9+/-2.6)e+06,(6.9+/-2.6)e+06,(6.9+/-2.6)e+06,(6.9+/-2.6)e+06,(6.9+/-2.6)e+06,(6.9+/-2.6)e+06,(6.9+/-2.6)e+06,(6.9+/-2.6)e+06,(6.9+/-2.6)e+06,(6.9+/-2.6)e+06,(6.9+/-2.6)e+06,(6.9+/-2.6)e+06,(6.9+/-2.6)e+06,(6.9+/-2.6)e+06,(6.9+/-2.6)e+06,(6.9+/-2.6)e+06,(6.9+/-2.6)e+06,(6.9+/-2.6)e+06,(6.9+/-2.6)e+06,(6.9+/-2.6)e+06,(6.9+/-2.6)e+06,(6.9+/-2.6)e+06,(6.9+/-2.6)e+06,(6.9+/-2.6)e+06,(6.9+/-2.6)e+06,(6.9+/-2.6)e+06,(6.9+/-2.6)e+06,(6.9+/-2.6)e+06,(6.9+/-2.6)e+06,(6.9+/-2.6)e+06
Tuvalu,1207,2381,0,0,0,0,(6.6+/-2.3)e+03,(6.6+/-2.3)e+03,(6.6+/-2.3)e+03,(6.6+/-2.3)e+03,(6.6+/-2.3)e+03,(6.6+/-2.3)e+03,(6.6+/-2.3)e+03,(6.6+/-2.3)e+03,(6.6+/-2.3)e+03,(6.6+/-2.3)e+03,(6.6+/-2.3)e+03,(6.6+/-2.3)e+03,(6.6+/-2.3)e+03,(6.6+/-2.3)e+03,(6.6+/-2.3)e+03,(6.6+/-2.3)e+03,(6.6+/-2.3)e+03,(6.6+/-2.3)e+03,(6.6+/-2.3)e+03,(6.6+/-2.3)e+03,(6.6+/-2.3)e+03,(6.6+/-2.3)e+03,(6.6+/-2.3)e+03,(6.6+/-2.3)e+03,(6.6+/-2.3)e+03,(6.6+/-2.3)e+03,(6.6+/-2.3)e+03,(6.6+/-2.3)e+03,(6.6+/-2.3)e+03,(6.6+/-2.3)e+03,(6.6+/-2.3)e+03,(6.6+/-2.3)e+03,(6.6+/-2.3)e+03,(6.6+/-2.3)e+03,(6.6+/-2.3)e+03,(6.6+/-2.3)e+03,(6.6+/-2.3)e+03,(6.6+/-2.3)e+03,(6.6+/-2.3)e+03,(6.6+/-2.3)e+03,(6.6+/-2.3)e+03,(6.6+/-2.3)e+03,(6.6+/-2.3)e+03,(6.6+/-2.3)e+03,(6.6+/-2.3)e+03,(6.6+/-2.3)e+03,(6.6+/-2.3)e+03,(6.6+/-2.3)e+03,(6.6+/-2.3)e+03
Tanzania,8127248,11761159,0,0,0,0,(6.6+/-2.3)e+03,(6.6+/-2.3)e+03,(6.6+/-2.3)e+03,(6.6+/-2.3)e+03,(6.6+/-2.3)e+03,(6.6+/-2.3)e+03,(6.6+/-2.3)e+03,(6.6+/-2.3)e+03,(6.6+/-2.3)e+03,(6.6+/-2.3)e+03,(6.6+/-2.3)e+03,(6.6+/-2.3)e+03,(6.6+/-2.3)e+03,(6.6+/-2.3)e+03,(6.6+/-2.3)e+03,(6.6+/-2.3)e+03,(6.6+/-2.3)e+03,(6.6+/-2.3)e+03,(6.6+/-2.3)e+03,(6.6+/-2.3)e+03,(6.6+/-2.3)e+03,(6.6+/-2.3)e+03,(6.6+/-2.3)e+03,(6.6+/-2.3)e+03,(6.6+/-2.3)e+03,(6.6+/-2.3)e+03,(6.6+/-2.3)e+03,(6.6+/-2.3)e+03,(6.6+/-2.3)e+03,(6.6+/-2.3)e+03,(6.6+/-2.3)e+03,(6.6+/-2.3)e+03,(6.6+/-2.3)e+03,(6.6+/-2.3)e+03,(6.6+/-2.3)e+03,(6.6+/-2.3)e+03,(6.6+/-2.3)e+03,(6.6+/-2.3)e+03,(6.6+/-2.3)e+03,(6.6+/-2.3)e+03,(6.6+/-2.3)e+03,(6.6+/-2.3)e+03,(6.6+/-2.3)e+03,(6.6+/-2.3)e+03,(6.6+/-2.3)e+03,(6.6+/-2.3)e+03,(6.6+/-2.3)e+03,(6.6+/-2.3)e+03,(6.6+/-2.3)e+03
Uganda,1975617,5216317,0,0,0,0,(6.6+/-2.3)e+03,(6.6+/-2.3)e+03,(6.6+/-2.3)e+03,(6.6+/-2.3)e+03,(6.6+/-2.3)e+03,(6.6+/-2.3)e+03,(6.6+/-2.3)e+03,(6.6+/-2.3)e+03,(6.6+/-2.3)e+03,(6.6+/-2.3)e+03,(6.6+/-2.3)e+03,(6.6+/-2.3)e+03,(6.6+/-2.3)e+03,(6.6+/-2.3)e+03,(6.6+/-2.3)e+03,(6.6+/-2.3)e+03,(6.6+/-2.3)e+03,(6.6+/-2.3)e+03,(6.6+/-2.3)e+03,(6.6+/-2.3)e+03,(6.6+/-2.3)e+03,(6.6+/-2.3)e+03,(6.6+/-2.3)e+03,(6.6+/-2.3)e+03,(6.6+/-2.3)e+03,(6.6+/-2.3)e+03,(6.6+/-2.3)e+03,(6.6+/-2.3)e+03,(6.6+/-2.3)e+03,(6.6+/-2.3)e+03,(6.6+/-2.3)e+03,(6.6+/-2.3)e+03,(6.6+/-2.3)e+03,(6.6+/-2.3)e+03,(6.6+/-2.3)e+03,(6.6+/-2.3)e+03,(6.6+/-2.3)e+03,(6.6+/-2.3)e+03,(6.6+/-2.3)e+03,(6.6+/-2.3)e+03,(6.6+/-2.3)e+03,(6.6+/-2.3)e+03,(6.6+/-2.3)e+03,(6.6+/-2.3)e+03,(6.6+/-2.3)e+03,(6.6+/-2.3)e+03,(6.6+/-2.3)e+03,(6.6+/-2.3)e+03,(6.6+/-2.3)e+03
Ukraine,3651787,8044542,0,0,0,0,(1.6+/-0.6)e+06,(1.6+/-0.6)e+06,(1.6+/-0.6)e+06,(1.6+/-0.6)e+06,(1.6+/-0.6)e+06,(1.6+/-0.6)e+06,(1.6+/-0.6)e+06,(1.6+/-0.6)e+06,(1.6+/-0.6)e+06,(1.6+/-0.6)e+06,(1.6+/-0.6)e+06,(1.6+/-0.6)e+06,(1.6+/-0.6)e+06,(1.6+/-0.6)e+06,(1.6+/-0.6)e+06,(1.6+/-0.6)e+06,(1.6+/-0.6)e+06,(1.6+/-0.6)e+06,(1.6+/-0.6)e+06,(1.6+/-0.6)e+06,(1.6+/-0.6)e+06,(1.6+/-0.6)e+06,(1.6+/-0.6)e+06,(1.6+/-0.6)e+06,(1.6+/-0.6)e+06,(1.6+/-0.6)e+06,(1.6+/-0.6)e+06,(1.6+/-0.6)e+06,(1.6+/-0.6)e+06,(1.6+/-0.6)e+06,(1.6+/-0.6)e+06,(1.6+/-0.6)e+06,(1.6+/-0.6)e+06,(1.6+/-0.6)e+06,(1.6+/-0.6)e+06,(1.6+/-0.6)e+06,(1.6+/-0.6)e+06,(1.6+/-0.6)e+06,(1.6+/-0.6)e+06,(1.6+/-0.6)e+06,(1.6+/-0.6)e+06,(1.6+/-0.6)e+06,(1.6+/-0.6)e+06,(1.6+/-0.6)e+06,(1.6+/-0.6)e+06,(1.6+/-0.6)e+06,(1.6+/-0.6)e+06,(1.6+/-0.6)e+06,(1.6+/-0.6)e+06
Uruguay,234226,653717,0,0,0,0,(6.6+/-2.3)e+03,(6.6+/-2.3)e+03,(6.6+/-2.3)e+03,(6.6+/-2.3)e+03,(6.6+/-2.3)e+03,(6.6+/-2.3)e+03,(6.6+/-2.3)e+03,(6.6+/-2.3)e+03,(6.6+/-2.3)e+03,(6.6+/-2.3)e+03,(6.6+/-2.3)e+03,(6.6+/-2.3)e+03,(6.6+/-2.3)e+03,(6.6+/-2.3)e+03,(6.6+/-2.3)e+03,(6.6+/-2.3)e+03,(6.6+/-2.3)e+03,(6.6+/-2.3)e+03,(6.6+/-2.3)e+03,(6.6+/-2.3)e+03,(6.6+/-2.3)e+03,(6.6+/-2.3)e+03,(6.6+/-2.3)e+03,(6.6+/-2.3)e+03,(6.6+/-2.3)e+03,(6.6+/-2.3)e+03,(6.6+/-2.3)e+03,(6.6+/-2.3)e+03,(6.6+/-2.3)e+03,(6.6+/-2.3)e+03,(6.6+/-2.3)e+03,(6.6+/-2.3)e+03,(6.6+/-2.3)e+03,(6.6+/-2.3)e+03,(6.6+/-2.3)e+03,(6.6+/-2.3)e+03,(6.6+/-2.3)e+03,(6.6+/-2.3)e+03,(6.6+/-2.3)e+03,(6.6+/-2.3)e+03,(6.6+/-2.3)e+03,(6.6+/-2.3)e+03,(6.6+/-2.3)e+03,(6.6+/-2.3)e+03,(6.6+/-2.3)e+03,(6.6+/-2.3)e+03,(6.6+/-2.3)e+03,(6.6+/-2.3)e+03,(6.6+/-2.3)e+03
United States,23868907,52622624,0,0,0,0,(6.4+/-2.4)e+07,(6.4+/-2.4)e+07,(6.4+/-2.4)e+07,(6.4+/-2.4)e+07,(6.4+/-2.4)e+07,(6.4+/-2.4)e+07,(6.4+/-2.4)e+07,(6.4+/-2.4)e+07,(6.4+/-2.4)e+07,(6.4+/-2.4)e+07,(6.4+/-2.4)e+07,(6.4+/-2.4)e+07,(6.4+/-2.4)e+07,(6.4+/-2.4)e+07,(6.4+/-2.4)e+07,(6.4+/-2.4)e+07,(6.4+/-2.4)e+07,(6.4+/-2.4)e+07,(6.4+/-2.4)e+07,(6.4+/-2.4)e+07,(6.4+/-2.4)e+07,(6.4+/-2.4)e+07,(6.4+/-2.4)e+07,(6.4+/-2.4)e+07,(6.4+/-2.4)e+07,(6.4+/-2.4)e+07,(6.4+/-2.4)e+07,(6.4+/-2.4)e+07,(6.4+/-2.4)e+07,(6.4+/-2.4)e+07,(6.4+/-2.4)e+07,(6.4+/-2.4)e+07,(6.4+/-2.4)e+07,(6.4+/-2.4)e+07,(6.4+/-2.4)e+07,(6.4+/-2.4)e+07,(6.4+/-2.4)e+07,(6.4+/-2.4)e+07,(6.4+/-2.4)e+07,(6.4+/-2.4)e+07,(6.4+/-2.4)e+07,(6.4+/-2.4)e+07,(6.4+/-2.4)e+07,(6.4+/-2.4)e+07,(6.4+/-2.4)e+07,(6.4+/-2.4)e+07,(6.4+/-2.4)e+07,(6.4+/-2.4)e+07,(6.4+/-2.4)e+07
Uzbekistan,1917814,4159989,0,0,0,0,(8.4+/-3.1)e+05,(8.4+/-3.1)e+05,(8.4+/-3.1)e+05,(8.4+/-3.1)e+05,(8.4+/-3.1)e+05,(8.4+/-3.1)e+05,(8.4+/-3.1)e+05,(8.4+/-3.1)e+05,(8.4+/-3.1)e+05,(8.4+/-3.1)e+05,(8.4+/-3.1)e+05,(8.4+/-3.1)e+05,(8.4+/-3.1)e+05,(8.4+/-3.1)e+05,(8.4+/-3.1)e+05,(8.4+/-3.1)e+05,(8.4+/-3.1)e+05,(8.4+/-3.1)e+05,(8.4+/-3.1)e+05,(8.4+/-3.1)e+05,(8.4+/-3.1)e+05,(8.4+/-3.1)e+05,(8.4+/-3.1)e+05,(8.4+/-3.1)e+05,(8.4+/-3.1)e+05,(8.4+/-3.1)e+05,(8.4+/-3.1)e+05,(8.4+/-3.1)e+05,(8.4+/-3.1)e+05,(8.4+/-3.1)e+05,(8.4+/-3.1)e+05,(8.4+/-3.1)e+05,(8.4+/-3.1)e+05,(8.4+/-3.1)e+05,(8.4+/-3.1)e+05,(8.4+/-3.1)e+05,(8.4+/-3.1)e+05,(8.4+/-3.1)e+05,(8.4+/-3.1)e+05,(8.4+/-3.1)e+05,(8.4+/-3.1)e+05,(8.4+/-3.1)e+05,(8.4+/-3.1)e+05,(8.4+/-3.1)e+05,(8.4+/-3.1)e+05,(8.4+/-3.1)e+05,(8.4+/-3.1)e+05,(8.4+/-3.1)e+05,(8.4+/-3.1)e+05
St. Vincent and the Grenadines,7917,12909,0,0,0,0,(6.6+/-2.3)e+03,(6.6+/-2.3)e+03,(6.6+/-2.3)e+03,(6.6+/-2.3)e+03,(6.6+/-2.3)e+03,(6.6+/-2.3)e+03,(6.6+/-2.3)e+03,(6.6+/-2.3)e+03,(6.6+/-2.3)e+03,(6.6+/-2.3)e+03,(6.6+/-2.3)e+03,(6.6+/-2.3)e+03,(6.6+/-2.3)e+03,(6.6+/-2.3)e+03,(6.6+/-2.3)e+03,(6.6+/-2.3)e+03,(6.6+/-2.3)e+03,(6.6+/-2.3)e+03,(6.6+/-2.3)e+03,(6.6+/-2.3)e+03,(6.6+/-2.3)e+03,(6.6+/-2.3)e+03,(6.6+/-2.3)e+03,(6.6+/-2.3)e+03,(6.6+/-2.3)e+03,(6.6+/-2.3)e+03,(6.6+/-2.3)e+03,(6.6+/-2.3)e+03,(6.6+/-2.3)e+03,(6.6+/-2.3)e+03,(6.6+/-2.3)e+03,(6.6+/-2.3)e+03,(6.6+/-2.3)e+03,(6.6+/-2.3)e+03,(6.6+/-2.3)e+03,(6.6+/-2.3)e+03,(6.6+/-2.3)e+03,(6.6+/-2.3)e+03,(6.6+/-2.3)e+03,(6.6+/-2.3)e+03,(6.6+/-2.3)e+03,(6.6+/-2.3)e+03,(6.6+/-2.3)e+03,(6.6+/-2.3)e+03,(6.6+/-2.3)e+03,(6.6+/-2.3)e+03,(6.6+/-2.3)e+03,(6.6+/-2.3)e+03,(6.6+/-2.3)e+03
Venezuela,1528852,4231920,0,0,0,0,(6.6+/-2.3)e+03,(6.6+/-2.3)e+03,(6.6+/-2.3)e+03,(6.6+/-2.3)e+03,(6.6+/-2.3)e+03,(6.6+/-2.3)e+03,(6.6+/-2.3)e+03,(6.6+/-2.3)e+03,(6.6+/-2.3)e+03,(6.6+/-2.3)e+03,(6.6+/-2.3)e+03,(6.6+/-2.3)e+03,(6.6+/-2.3)e+03,(6.6+/-2.3)e+03,(6.6+/-2.3)e+03,(6.6+/-2.3)e+03,(6.6+/-2.3)e+03,(6.6+/-2.3)e+03,(6.6+/-2.3)e+03,(6.6+/-2.3)e+03,(6.6+/-2.3)e+03,(6.6+/-2.3)e+03,(6.6+/-2.3)e+03,(6.6+/-2.3)e+03,(6.6+/-2.3)e+03,(6.6+/-2.3)e+03,(6.6+/-2.3)e+03,(6.6+/-2.3)e+03,(6.6+/-2.3)e+03,(6.6+/-2.3)e+03,(6.6+/-2.3)e+03,(6.6+/-2.3)e+03,(6.6+/-2.3)e+03,(6.6+/-2.3)e+03,(6.6+/-2.3)e+03,(6.6+/-2.3)e+03,(6.6+/-2.3)e+03,(6.6+/-2.3)e+03,(6.6+/-2.3)e+03,(6.6+/-2.3)e+03,(6.6+/-2.3)e+03,(6.6+/-2.3)e+03,(6.6+/-2.3)e+03,(6.6+/-2.3)e+03,(6.6+/-2.3)e+03,(6.6+/-2.3)e+03,(6.6+/-2.3)e+03,(6.6+/-2.3)e+03,(6.6+/-2.3)e+03
British Virgin Islands,3065,7566,0,0,0,0,(6.6+/-2.3)e+03,(6.6+/-2.3)e+03,(6.6+/-2.3)e+03,(6.6+/-2.3)e+03,(6.6+/-2.3)e+03,(6.6+/-2.3)e+03,(6.6+/-2.3)e+03,(6.6+/-2.3)e+03,(6.6+/-2.3)e+03,(6.6+/-2.3)e+03,(6.6+/-2.3)e+03,(6.6+/-2.3)e+03,(6.6+/-2.3)e+03,(6.6+/-2.3)e+03,(6.6+/-2.3)e+03,(6.6+/-2.3)e+03,(6.6+/-2.3)e+03,(6.6+/-2.3)e+03,(6.6+/-2.3)e+03,(6.6+/-2.3)e+03,(6.6+/-2.3)e+03,(6.6+/-2.3)e+03,(6.6+/-2.3)e+03,(6.6+/-2.3)e+03,(6.6+/-2.3)e+03,(6.6+/-2.3)e+03,(6.6+/-2.3)e+03,(6.6+/-2.3)e+03,(6.6+/-2.3)e+03,(6.6+/-2.3)e+03,(6.6+/-2.3)e+03,(6.6+/-2.3)e+03,(6.6+/-2.3)e+03,(6.6+/-2.3)e+03,(6.6+/-2.3)e+03,(6.6+/-2.3)e+03,(6.6+/-2.3)e+03,(6.6+/-2.3)e+03,(6.6+/-2.3)e+03,(6.6+/-2.3)e+03,(6.6+/-2.3)e+03,(6.6+/-2.3)e+03,(6.6+/-2.3)e+03,(6.6+/-2.3)e+03,(6.6+/-2.3)e+03,(6.6+/-2.3)e+03,(6.6+/-2.3)e+03,(6.6+/-2.3)e+03,(6.6+/-2.3)e+03
United States Virgin Islands,6577,16233,0,0,0,0,(6.6+/-2.3)e+03,(6.6+/-2.3)e+03,(6.6+/-2.3)e+03,(6.6+/-2.3)e+03,(6.6+/-2.3)e+03,(6.6+/-2.3)e+03,(6.6+/-2.3)e+03,(6.6+/-2.3)e+03,(6.6+/-2.3)e+03,(6.6+/-2.3)e+03,(6.6+/-2.3)e+03,(6.6+/-2.3)e+03,(6.6+/-2.3)e+03,(6.6+/-2.3)e+03,(6.6+/-2.3)e+03,(6.6+/-2.3)e+03,(6.6+/-2.3)e+03,(6.6+/-2.3)e+03,(6.6+/-2.3)e+03,(6.6+/-2.3)e+03,(6.6+/-2.3)e+03,(6.6+/-2.3)e+03,(6.6+/-2.3)e+03,(6.6+/-2.3)e+03,(6.6+/-2.3)e+03,(6.6+/-2.3)e+03,(6.6+/-2.3)e+03,(6.6+/-2.3)e+03,(6.6+/-2.3)e+03,(6.6+/-2.3)e+03,(6.6+/-2.3)e+03,(6.6+/-2.3)e+03,(6.6+/-2.3)e+03,(6.6+/-2.3)e+03,(6.6+/-2.3)e+03,(6.6+/-2.3)e+03,(6.6+/-2.3)e+03,(6.6+/-2.3)e+03,(6.6+/-2.3)e+03,(6.6+/-2.3)e+03,(6.6+/-2.3)e+03,(6.6+/-2.3)e+03,(6.6+/-2.3)e+03,(6.6+/-2.3)e+03,(6.6+/-2.3)e+03,(6.6+/-2.3)e+03,(6.6+/-2.3)e+03,(6.6+/-2.3)e+03,(6.6+/-2.3)e+03
Vietnam,8668531,21262311,0,0,0,0,(9.1+/-3.4)e+06,(9.1+/-3.4)e+06,(9.1+/-3.4)e+06,(9.1+/-3.4)e+06,(9.1+/-3.4)e+06,(9.1+/-3.4)e+06,(9.1+/-3.4)e+06,(9.1+/-3.4)e+06,(9.1+/-3.4)e+06,(9.1+/-3.4)e+06,(9.1+/-3.4)e+06,(9.1+/-3.4)e+06,(9.1+/-3.4)e+06,(9.1+/-3.4)e+06,(9.1+/-3.4)e+06,(9.1+/-3.4)e+06,(9.1+/-3.4)e+06,(9.1+/-3.4)e+06,(9.1+/-3.4)e+06,(9.1+/-3.4)e+06,(9.1+/-3.4)e+06,(9.1+/-3.4)e+06,(9.1+/-3.4)e+06,(9.1+/-3.4)e+06,(9.1+/-3.4)e+06,(9.1+/-3.4)e+06,(9.1+/-3.4)e+06,(9.1+/-3.4)e+06,(9.1+/-3.4)e+06,(9.1+/-3.4)e+06,(9.1+/-3.4)e+06,(9.1+/-3.4)e+06,(9.1+/-3.4)e+06,(9.1+/-3.4)e+06,(9.1+/-3.4)e+06,(9.1+/-3.4)e+06,(9.1+/-3.4)e+06,(9.1+/-3.4)e+06,(9.1+/-3.4)e+06,(9.1+/-3.4)e+06,(9.1+/-3.4)e+06,(9.1+/-3.4)e+06,(9.1+/-3.4)e+06,(9.1+/-3.4)e+06,(9.1+/-3.4)e+06,(9.1+/-3.4)e+06,(9.1+/-3.4)e+06,(9.1+/-3.4)e+06,(9.1+/-3.4)e+06
Vanuatu,13692,33190,0,0,0,0,(6.6+/-2.3)e+03,(6.6+/-2.3)e+03,(6.6+/-2.3)e+03,(6.6+/-2.3)e+03,(6.6+/-2.3)e+03,(6.6+/-2.3)e+03,(6.6+/-2.3)e+03,(6.6+/-2.3)e+03,(6.6+/-2.3)e+03,(6.6+/-2.3)e+03,(6.6+/-2.3)e+03,(6.6+/-2.3)e+03,(6.6+/-2.3)e+03,(6.6+/-2.3)e+03,(6.6+/-2.3)e+03,(6.6+/-2.3)e+03,(6.6+/-2.3)e+03,(6.6+/-2.3)e+03,(6.6+/-2.3)e+03,(6.6+/-2.3)e+03,(6.6+/-2.3)e+03,(6.6+/-2.3)e+03,(6.6+/-2.3)e+03,(6.6+/-2.3)e+03,(6.6+/-2.3)e+03,(6.6+/-2.3)e+03,(6.6+/-2.3)e+03,(6.6+/-2.3)e+03,(6.6+/-2.3)e+03,(6.6+/-2.3)e+03,(6.6+/-2.3)e+03,(6.6+/-2.3)e+03,(6.6+/-2.3)e+03,(6.6+/-2.3)e+03,(6.6+/-2.3)e+03,(6.6+/-2.3)e+03,(6.6+/-2.3)e+03,(6.6+/-2.3)e+03,(6.6+/-2.3)e+03,(6.6+/-2.3)e+03,(6.6+/-2.3)e+03,(6.6+/-2.3)e+03,(6.6+/-2.3)e+03,(6.6+/-2.3)e+03,(6.6+/-2.3)e+03,(6.6+/-2.3)e+03,(6.6+/-2.3)e+03,(6.6+/-2.3)e+03,(6.6+/-2.3)e+03
Samoa,6898,16611,0,0,0,0,(6.6+/-2.3)e+03,(6.6+/-2.3)e+03,(6.6+/-2.3)e+03,(6.6+/-2.3)e+03,(6.6+/-2.3)e+03,(6.6+/-2.3)e+03,(6.6+/-2.3)e+03,(6.6+/-2.3)e+03,(6.6+/-2.3)e+03,(6.6+/-2.3)e+03,(6.6+/-2.3)e+03,(6.6+/-2.3)e+03,(6.6+/-2.3)e+03,(6.6+/-2.3)e+03,(6.6+/-2.3)e+03,(6.6+/-2.3)e+03,(6.6+/-2.3)e+03,(6.6+/-2.3)e+03,(6.6+/-2.3)e+03,(6.6+/-2.3)e+03,(6.6+/-2.3)e+03,(6.6+/-2.3)e+03,(6.6+/-2.3)e+03,(6.6+/-2.3)e+03,(6.6+/-2.3)e+03,(6.6+/-2.3)e+03,(6.6+/-2.3)e+03,(6.6+/-2.3)e+03,(6.6+/-2.3)e+03,(6.6+/-2.3)e+03,(6.6+/-2.3)e+03,(6.6+/-2.3)e+03,(6.6+/-2.3)e+03,(6.6+/-2.3)e+03,(6.6+/-2.3)e+03,(6.6+/-2.3)e+03,(6.6+/-2.3)e+03,(6.6+/-2.3)e+03,(6.6+/-2.3)e+03,(6.6+/-2.3)e+03,(6.6+/-2.3)e+03,(6.6+/-2.3)e+03,(6.6+/-2.3)e+03,(6.6+/-2.3)e+03,(6.6+/-2.3)e+03,(6.6+/-2.3)e+03,(6.6+/-2.3)e+03,(6.6+/-2.3)e+03,(6.6+/-2.3)e+03
Kosovo,56955,173151,0,0,0,0,(4.4+/-1.6)e+05,(4.4+/-1.6)e+05,(4.4+/-1.6)e+05,(4.4+/-1.6)e+05,(4.4+/-1.6)e+05,(4.4+/-1.6)e+05,(4.4+/-1.6)e+05,(4.4+/-1.6)e+05,(4.4+/-1.6)e+05,(4.4+/-1.6)e+05,(4.4+/-1.6)e+05,(4.4+/-1.6)e+05,(4.4+/-1.6)e+05,(4.4+/-1.6)e+05,(4.4+/-1.6)e+05,(4.4+/-1.6)e+05,(4.4+/-1.6)e+05,(4.4+/-1.6)e+05,(4.4+/-1.6)e+05,(4.4+/-1.6)e+05,(4.4+/-1.6)e+05,(4.4+/-1.6)e+05,(4.4+/-1.6)e+05,(4.4+/-1.6)e+05,(4.4+/-1.6)e+05,(4.4+/-1.6)e+05,(4.4+/-1.6)e+05,(4.4+/-1.6)e+05,(4.4+/-1.6)e+05,(4.4+/-1.6)e+05,(4.4+/-1.6)e+05,(4.4+/-1.6)e+05,(4.4+/-1.6)e+05,(4.4+/-1.6)e+05,(4.4+/-1.6)e+05,(4.4+/-1.6)e+05,(4.4+/-1.6)e+05,(4.4+/-1.6)e+05,(4.4+/-1.6)e+05,(4.4+/-1.6)e+05,(4.4+/-1.6)e+05,(4.4+/-1.6)e+05,(4.4+/-1.6)e+05,(4.4+/-1.6)e+05,(4.4+/-1.6)e+05,(4.4+/-1.6)e+05,(4.4+/-1.6)e+05,(4.4+/-1.6)e+05,(4.4+/-1.6)e+05
Yemen,892076,2409340,0,0,0,0,(6.6+/-2.3)e+03,(6.6+/-2.3)e+03,(6.6+/-2.3)e+03,(6.6+/-2.3)e+03,(6.6+/-2.3)e+03,(6.6+/-2.3)e+03,(6.6+/-2.3)e+03,(6.6+/-2.3)e+03,(6.6+/-2.3)e+03,(6.6+/-2.3)e+03,(6.6+/-2.3)e+03,(6.6+/-2.3)e+03,(6.6+/-2.3)e+03,(6.6+/-2.3)e+03,(6.6+/-2.3)e+03,(6.6+/-2.3)e+03,(6.6+/-2.3)e+03,(6.6+/-2.3)e+03,(6.6+/-2.3)e+03,(6.6+/-2.3)e+03,(6.6+/-2.3)e+03,(6.6+/-2.3)e+03,(6.6+/-2.3)e+03,(6.6+/-2.3)e+03,(6.6+/-2.3)e+03,(6.6+/-2.3)e+03,(6.6+/-2.3)e+03,(6.6+/-2.3)e+03,(6.6+/-2.3)e+03,(6.6+/-2.3)e+03,(6.6+/-2.3)e+03,(6.6+/-2.3)e+03,(6.6+/-2.3)e+03,(6.6+/-2.3)e+03,(6.6+/-2.3)e+03,(6.6+/-2.3)e+03,(6.6+/-2.3)e+03,(6.6+/-2.3)e+03,(6.6+/-2.3)e+03,(6.6+/-2.3)e+03,(6.6+/-2.3)e+03,(6.6+/-2.3)e+03,(6.6+/-2.3)e+03,(6.6+/-2.3)e+03,(6.6+/-2.3)e+03,(6.6+/-2.3)e+03,(6.6+/-2.3)e+03,(6.6+/-2.3)e+03,(6.6+/-2.3)e+03
South Africa,2984546,9294658,0,0,0,0,(1.5+/-0.6)e+07,(1.5+/-0.6)e+07,(1.5+/-0.6)e+07,(1.5+/-0.6)e+07,(1.5+/-0.6)e+07,(1.5+/-0.6)e+07,(1.5+/-0.6)e+07,(1.5+/-0.6)e+07,(1.5+/-0.6)e+07,(1.5+/-0.6)e+07,(1.5+/-0.6)e+07,(1.5+/-0.6)e+07,(1.5+/-0.6)e+07,(1.5+/-0.6)e+07,(1.5+/-0.6)e+07,(1.5+/-0.6)e+07,(1.5+/-0.6)e+07,(1.5+/-0.6)e+07,(1.5+/-0.6)e+07,(1.5+/-0.6)e+07,(1.5+/-0.6)e+07,(1.5+/-0.6)e+07,(1.5+/-0.6)e+07,(1.5+/-0.6)e+07,(1.5+/-0.6)e+07,(1.5+/-0.6)e+07,(1.5+/-0.6)e+07,(1.5+/-0.6)e+07,(1.5+/-0.6)e+07,(1.5+/-0.6)e+07,(1.5+/-0.6)e+07,(1.5+/-0.6)e+07,(1.5+/-0.6)e+07,(1.5+/-0.6)e+07,(1.5+/-0.6)e+07,(1.5+/-0.6)e+07,(1.5+/-0.6)e+07,(1.5+/-0.6)e+07,(1.5+/-0.6)e+07,(1.5+/-0.6)e+07,(1.5+/-0.6)e+07,(1.5+/-0.6)e+07,(1.5+/-0.6)e+07,(1.5+/-0.6)e+07,(1.5+/-0.6)e+07,(1.5+/-0.6)e+07,(1.5+/-0.6)e+07,(1.5+/-0.6)e+07,(1.5+/-0.6)e+07
Zambia,485805,1639768,0,0,0,0,(1.2+/-0.4)e+05,(1.2+/-0.4)e+05,(1.2+/-0.4)e+05,(1.2+/-0.4)e+05,(1.2+/-0.4)e+05,(1.2+/-0.4)e+05,(1.2+/-0.4)e+05,(1.2+/-0.4)e+05,(1.2+/-0.4)e+05,(1.2+/-0.4)e+05,(1.2+/-0.4)e+05,(1.2+/-0.4)e+05,(1.2+/-0.4)e+05,(1.2+/-0.4)e+05,(1.2+/-0.4)e+05,(1.2+/-0.4)e+05,(1.2+/-0.4)e+05,(1.2+/-0.4)e+05,(1.2+/-0.4)e+05,(1.2+/-0.4)e+05,(1.2+/-0.4)e+05,(1.2+/-0.4)e+05,(1.2+/-0.4)e+05,(1.2+/-0.4)e+05,(1.2+/-0.4)e+05,(1.2+/-0.4)e+05,(1.2+/-0.4)e+05,(1.2+/-0.4)e+05,(1.2+/-0.4)e+05,(1.2+/-0.4)e+05,(1.2+/-0.4)e+05,(1.2+/-0.4)e+05,(1.2+/-0.4)e+05,(1.2+/-0.4)e+05,(1.2+/-0.4)e+05,(1.2+/-0.4)e+05,(1.2+/-0.4)e+05,(1.2+/-0.4)e+05,(1.2+/-0.4)e+05,(1.2+/-0.4)e+05,(1.2+/-0.4)e+05,(1.2+/-0.4)e+05,(1.2+/-0.4)e+05,(1.2+/-0.4)e+05,(1.2+/-0.4)e+05,(1.2+/-0.4)e+05,(1.2+/-0.4)e+05,(1.2+/-0.4)e+05,(1.2+/-0.4)e+05
Zimbabwe,492356,1465226,0,0,0,0,(5.7+/-2.1)e+05,(5.7+/-2.1)e+05,(5.7+/-2.1)e+05,(5.7+/-2.1)e+05,(5.7+/-2.1)e+05,(5.7+/-2.1)e+05,(5.7+/-2.1)e+05,(5.7+/-2.1)e+05,(5.7+/-2.1)e+05,(5.7+/-2.1)e+05,(5.7+/-2.1)e+05,(5.7+/-2.1)e+05,(5.7+/-2.1)e+05,(5.7+/-2.1)e+05,(5.7+/-2.1)e+05,(5.7+/-2.1)e+05,(5.7+/-2.1)e+05,(5.7+/-2.1)e+05,(5.7+/-2.1)e+05,(5.7+/-2.1)e+05,(5.7+/-2.1)e+05,(5.7+/-2.1)e+05,(5.7+/-2.1)e+05,(5.7+/-2.1)e+05,(5.7+/-2.1)e+05,(5.7+/-2.1)e+05,(5.7+/-2.1)e+05,(5.7+/-2.1)e+05,(5.7+/-2.1)e+05,(5.7+/-2.1)e+05,(5.7+/-2.1)e+05,(5.7+/-2.1)e+05,(5.7+/-2.1)e+05,(5.7+/-2.1)e+05,(5.7+/-2.1)e+05,(5.7+/-2.1)e+05,(5.7+/-2.1)e+05,(5.7+/-2.1)e+05,(5.7+/-2.1)e+05,(5.7+/-2.1)e+05,(5.7+/-2.1)e+05,(5.7+/-2.1)e+05,(5.7+/-2.1)e+05,(5.7+/-2.1)e+05,(5.7+/-2.1)e+05,(5.7+/-2.1)e+05,(5.7+/-2.1)e+05,(5.7+/-2.1)e+05,(5.7+/-2.1)e+05
Australia and New Zealand,2366325,5272682,0,0,0,0,(7.8+/-2.9)e+06,(7.8+/-2.9)e+06,(7.8+/-2.9)e+06,(7.8+/-2.9)e+06,(7.8+/-2.9)e+06,(7.8+/-2.9)e+06,(7.8+/-2.9)e+06,(7.8+/-2.9)e+06,(7.8+/-2.9)e+06,(7.8+/-2.9)e+06,(7.8+/-2.9)e+06,(7.8+/-2.9)e+06,(7.8+/-2.9)e+06,(7.8+/-2.9)e+06,(7.8+/-2.9)e+06,(7.8+/-2.9)e+06,(7.8+/-2.9)e+06,(7.8+/-2.9)e+06,(7.8+/-2.9)e+06,(7.8+/-2.9)e+06,(7.8+/-2.9)e+06,(7.8+/-2.9)e+06,(7.8+/-2.9)e+06,(7.8+/-2.9)e+06,(7.8+/-2.9)e+06,(7.8+/-2.9)e+06,(7.8+/-2.9)e+06,(7.8+/-2.9)e+06,(7.8+/-2.9)e+06,(7.8+/-2.9)e+06,(7.8+/-2.9)e+06,(7.8+/-2.9)e+06,(7.8+/-2.9)e+06,(7.8+/-2.9)e+06,(7.8+/-2.9)e+06,(7.8+/-2.9)e+06,(7.8+/-2.9)e+06,(7.8+/-2.9)e+06,(7.8+/-2.9)e+06,(7.8+/-2.9)e+06,(7.8+/-2.9)e+06,(7.8+/-2.9)e+06,(7.8+/-2.9)e+06,(7.8+/-2.9)e+06,(7.8+/-2.9)e+06,(7.8+/-2.9)e+06,(7.8+/-2.9)e+06,(7.8+/-2.9)e+06,(7.8+/-2.9)e+06
Caribbean,2247673,6734286,0,0,0,0,(5.0+/-1.8)e+05,(5.0+/-1.8)e+05,(5.0+/-1.8)e+05,(5.0+/-1.8)e+05,(5.0+/-1.8)e+05,(5.0+/-1.8)e+05,(5.0+/-1.8)e+05,(5.0+/-1.8)e+05,(5.0+/-1.8)e+05,(5.0+/-1.8)e+05,(5.0+/-1.8)e+05,(5.0+/-1.8)e+05,(5.0+/-1.8)e+05,(5.0+/-1.8)e+05,(5.0+/-1.8)e+05,(5.0+/-1.8)e+05,(5.0+/-1.8)e+05,(5.0+/-1.8)e+05,(5.0+/-1.8)e+05,(5.0+/-1.8)e+05,(5.0+/-1.8)e+05,(5.0+/-1.8)e+05,(5.0+/-1.8)e+05,(5.0+/-1.8)e+05,(5.0+/-1.8)e+05,(5.0+/-1.8)e+05,(5.0+/-1.8)e+05,(5.0+/-1.8)e+05,(5.0+/-1.8)e+05,(5.0+/-1.8)e+05,(5.0+/-1.8)e+05,(5.0+/-1.8)e+05,(5.0+/-1.8)e+05,(5.0+/-1.8)e+05,(5.0+/-1.8)e+05,(5.0+/-1.8)e+05,(5.0+/-1.8)e+05,(5.0+/-1.8)e+05,(5.0+/-1.8)e+05,(5.0+/-1.8)e+05,(5.0+/-1.8)e+05,(5.0+/-1.8)e+05,(5.0+/-1.8)e+05,(5.0+/-1.8)e+05,(5.0+/-1.8)e+05,(5.0+/-1.8)e+05,(5.0+/-1.8)e+05,(5.0+/-1.8)e+05,(5.0+/-1.8)e+05
Central America,10923315,33415901,0,0,0,0,(2.0+/-0.7)e+06,(2.0+/-0.7)e+06,(2.0+/-0.7)e+06,(2.0+/-0.7)e+06,(2.0+/-0.7)e+06,(2.0+/-0.7)e+06,(2.0+/-0.7)e+06,(2.0+/-0.7)e+06,(2.0+/-0.7)e+06,(2.0+/-0.7)e+06,(2.0+/-0.7)e+06,(2.0+/-0.7)e+06,(2.0+/-0.7)e+06,(2.0+/-0.7)e+06,(2.0+/-0.7)e+06,(2.0+/-0.7)e+06,(2.0+/-0.7)e+06,(2.0+/-0.7)e+06,(2.0+/-0.7)e+06,(2.0+/-0.7)e+06,(2.0+/-0.7)e+06,(2.0+/-0.7)e+06,(2.0+/-0.7)e+06,(2.0+/-0.7)e+06,(2.0+/-0.7)e+06,(2.0+/-0.7)e+06,(2.0+/-0.7)e+06,(2.0+/-0.7)e+06,(2.0+/-0.7)e+06,(2.0+/-0.7)e+06,(2.0+/-0.7)e+06,(2.0+/-0.7)e+06,(2.0+/-0.7)e+06,(2.0+/-0.7)e+06,(2.0+/-0.7)e+06,(2.0+/-0.7)e+06,(2.0+/-0.7)e+06,(2.0+/-0.7)e+06,(2.0+/-0.7)e+06,(2.0+/-0.7)e+06,(2.0+/-0.7)e+06,(2.0+/-0.7)e+06,(2.0+/-0.7)e+06,(2.0+/-0.7)e+06,(2.0+/-0.7)e+06,(2.0+/-0.7)e+06,(2.0+/-0.7)e+06,(2.0+/-0.7)e+06,(2.0+/-0.7)e+06
Central Asia,4395986,9548737,0,0,0,0,(5.7+/-2.1)e+06,(5.7+/-2.1)e+06,(5.7+/-2.1)e+06,(5.7+/-2.1)e+06,(5.7+/-2.1)e+06,(5.7+/-2.1)e+06,(5.7+/-2.1)e+06,(5.7+/-2.1)e+06,(5.7+/-2.1)e+06,(5.7+/-2.1)e+06,(5.7+/-2.1)e+06,(5.7+/-2.1)e+06,(5.7+/-2.1)e+06,(5.7+/-2.1)e+06,(5.7+/-2.1)e+06,(5.7+/-2.1)e+06,(5.7+/-2.1)e+06,(5.7+/-2.1)e+06,(5.7+/-2.1)e+06,(5.7+/-2.1)e+06,(5.7+/-2.1)e+06,(5.7+/-2.1)e+06,(5.7+/-2.1)e+06,(5.7+/-2.1)e+06,(5.7+/-2.1)e+06,(5.7+/-2.1)e+06,(5.7+/-2.1)e+06,(5.7+/-2.1)e+06,(5.7+/-2.1)e+06,(5.7+/-2.1)e+06,(5.7+/-2.1)e+06,(5.7+/-2.1)e+06,(5.7+/-2.1)e+06,(5.7+/-2.1)e+06,(5.7+/-2.1)e+06,(5.7+/-2.1)e+06,(5.7+/-2.1)e+06,(5.7+/-2.1)e+06,(5.7+/-2.1)e+06,(5.7+/-2.1)e+06,(5.7+/-2.1)e+06,(5.7+/-2.1)e+06,(5.7+/-2.1)e+06,(5.7+/-2.1)e+06,(5.7+/-2.1)e+06,(5.7+/-2.1)e+06,(5.7+/-2.1)e+06,(5.7+/-2.1)e+06,(5.7+/-2.1)e+06
Eastern Africa,25738733,54309550,0,0,0,0,(8.9+/-3.3)e+05,(8.9+/-3.3)e+05,(8.9+/-3.3)e+05,(8.9+/-3.3)e+05,(8.9+/-3.3)e+05,(8.9+/-3.3)e+05,(8.9+/-3.3)e+05,(8.9+/-3.3)e+05,(8.9+/-3.3)e+05,(8.9+/-3.3)e+05,(8.9+/-3.3)e+05,(8.9+/-3.3)e+05,(8.9+/-3.3)e+05,(8.9+/-3.3)e+05,(8.9+/-3.3)e+05,(8.9+/-3.3)e+05,(8.9+/-3.3)e+05,(8.9+/-3.3)e+05,(8.9+/-3.3)e+05,(8.9+/-3.3)e+05,(8.9+/-3.3)e+05,(8.9+/-3.3)e+05,(8.9+/-3.3)e+05,(8.9+/-3.3)e+05,(8.9+/-3.3)e+05,(8.9+/-3.3)e+05,(8.9+/-3.3)e+05,(8.9+/-3.3)e+05,(8.9+/-3.3)e+05,(8.9+/-3.3)e+05,(8.9+/-3.3)e+05,(8.9+/-3.3)e+05,(8.9+/-3.3)e+05,(8.9+/-3.3)e+05,(8.9+/-3.3)e+05,(8.9+/-3.3)e+05,(8.9+/-3.3)e+05,(8.9+/-3.3)e+05,(8.9+/-3.3)e+05,(8.9+/-3.3)e+05,(8.9+/-3.3)e+05,(8.9+/-3.3)e+05,(8.9+/-3.3)e+05,(8.9+/-3.3)e+05,(8.9+/-3.3)e+05,(8.9+/-3.3)e+05,(8.9+/-3.3)e+05,(8.9+/-3.3)e+05,(8.9+/-3.3)e+05
Eastern Asia,134092816,329015714,0,0,0,0,(4.3+/-1.6)e+08,(4.3+/-1.6)e+08,(4.3+/-1.6)e+08,(4.3+/-1.6)e+08,(4.3+/-1.6)e+08,(4.3+/-1.6)e+08,(4.3+/-1.6)e+08,(4.3+/-1.6)e+08,(4.3+/-1.6)e+08,(4.3+/-1.6)e+08,(4.3+/-1.6)e+08,(4.3+/-1.6)e+08,(4.3+/-1.6)e+08,(4.3+/-1.6)e+08,(4.3+/-1.6)e+08,(4.3+/-1.6)e+08,(4.3+/-1.6)e+08,(4.3+/-1.6)e+08,(4.3+/-1.6)e+08,(4.3+/-1.6)e+08,(4.3+/-1.6)e+08,(4.3+/-1.6)e+08,(4.3+/-1.6)e+08,(4.3+/-1.6)e+08,(4.3+/-1.6)e+08,(4.3+/-1.6)e+08,(4.3+/-1.6)e+08,(4.3+/-1.6)e+08,(4.3+/-1.6)e+08,(4.3+/-1.6)e+08,(4.3+/-1.6)e+08,(4.3+/-1.6)e+08,(4.3+/-1.6)e+08,(4.3+/-1.6)e+08,(4.3+/-1.6)e+08,(4.3+/-1.6)e+08,(4.3+/-1.6)e+08,(4.3+/-1.6)e+08,(4.3+/-1.6)e+08,(4.3+/-1.6)e+08,(4.3+/-1.6)e+08,(4.3+/-1.6)e+08,(4.3+/-1.6)e+08,(4.3+/-1.6)e+08,(4.3+/-1.6)e+08,(4.3+/-1.6)e+08,(4.3+/-1.6)e+08,(4.3+/-1.6)e+08,(4.3+/-1.6)e+08
Eastern Europe,23045903,46852503,0,0,0,0,(2.8+/-1.1)e+07,(2.8+/-1.1)e+07,(2.8+/-1.1)e+07,(2.8+/-1.1)e+07,(2.8+/-1.1)e+07,(2.8+/-1.1)e+07,(2.8+/-1.1)e+07,(2.8+/-1.1)e+07,(2.8+/-1.1)e+07,(2.8+/-1.1)e+07,(2.8+/-1.1)e+07,(2.8+/-1.1)e+07,(2.8+/-1.1)e+07,(2.8+/-1.1)e+07,(2.8+/-1.1)e+07,(2.8+/-1.1)e+07,(2.8+/-1.1)e+07,(2.8+/-1.1)e+07,(2.8+/-1.1)e+07,(2.8+/-1.1)e+07,(2.8+/-1.1)e+07,(2.8+/-1.1)e+07,(2.8+/-1.1)e+07,(2.8+/-1.1)e+07,(2.8+/-1.1)e+07,(2.8+/-1.1)e+07,(2.8+/-1.1)e+07,(2.8+/-1.1)e+07,(2.8+/-1.1)e+07,(2.8+/-1.1)e+07,(2.8+/-1.1)e+07,(2.8+/-1.1)e+07,(2.8+/-1.1)e+07,(2.8+/-1.1)e+07,(2.8+/-1.1)e+07,(2.8+/-1.1)e+07,(2.8+/-1.1)e+07,(2.8+/-1.1)e+07,(2.8+/-1.1)e+07,(2.8+/-1.1)e+07,(2.8+/-1.1)e+07,(2.8+/-1.1)e+07,(2.8+/-1.1)e+07,(2.8+/-1.1)e+07,(2.8+/-1.1)e+07,(2.8+/-1.1)e+07,(2.8+/-1.1)e+07,(2.8+/-1.1)e+07,(2.8+/-1.1)e+07
Melanesia,619305,1612683,0,0,0,0,(1.6+/-0.6)e+05,(1.6+/-0.6)e+05,(1.6+/-0.6)e+05,(1.6+/-0.6)e+05,(1.6+/-0.6)e+05,(1.6+/-0.6)e+05,(1.6+/-0.6)e+05,(1.6+/-0.6)e+05,(1.6+/-0.6)e+05,(1.6+/-0.6)e+05,(1.6+/-0.6)e+05,(1.6+/-0.6)e+05,(1.6+/-0.6)e+05,(1.6+/-0.6)e+05,(1.6+/-0.6)e+05,(1.6+/-0.6)e+05,(1.6+/-0.6)e+05,(1.6+/-0.6)e+05,(1.6+/-0.6)e+05,(1.6+/-0.6)e+05,(1.6+/-0.6)e+05,(1.6+/-0.6)e+05,(1.6+/-0.6)e+05,(1.6+/-0.6)e+05,(1.6+/-0.6)e+05,(1.6+/-0.6)e+05,(1.6+/-0.6)e+05,(1.6+/-0.6)e+05,(1.6+/-0.6)e+05,(1.6+/-0.6)e+05,(1.6+/-0.6)e+05,(1.6+/-0.6)e+05,(1.6+/-0.6)e+05,(1.6+/-0.6)e+05,(1.6+/-0.6)e+05,(1.6+/-0.6)e+05,(1.6+/-0.6)e+05,(1.6+/-0.6)e+05,(1.6+/-0.6)e+05,(1.6+/-0.6)e+05,(1.6+/-0.6)e+05,(1.6+/-0.6)e+05,(1.6+/-0.6)e+05,(1.6+/-0.6)e+05,(1.6+/-0.6)e+05,(1.6+/-0.6)e+05,(1.6+/-0.6)e+05,(1.6+/-0.6)e+05,(1.6+/-0.6)e+05
Micronesia,22462,58646,0,0,0,0,(4.0+/-1.4)e+04,(4.0+/-1.4)e+04,(4.0+/-1.4)e+04,(4.0+/-1.4)e+04,(4.0+/-1.4)e+04,(4.0+/-1.4)e+04,(4.0+/-1.4)e+04,(4.0+/-1.4)e+04,(4.0+/-1.4)e+04,(4.0+/-1.4)e+04,(4.0+/-1.4)e+04,(4.0+/-1.4)e+04,(4.0+/-1.4)e+04,(4.0+/-1.4)e+04,(4.0+/-1.4)e+04,(4.0+/-1.4)e+04,(4.0+/-1.4)e+04,(4.0+/-1.4)e+04,(4.0+/-1.4)e+04,(4.0+/-1.4)e+04,(4.0+/-1.4)e+04,(4.0+/-1.4)e+04,(4.0+/-1.4)e+04,(4.0+/-1.4)e+04,(4.0+/-1.4)e+04,(4.0+/-1.4)e+04,(4.0+/-1.4)e+04,(4.0+/-1.4)e+04,(4.0+/-1.4)e+04,(4.0+/-1.4)e+04,(4.0+/-1.4)e+04,(4.0+/-1.4)e+04,(4.0+/-1.4)e+04,(4.0+/-1.4)e+04,(4.0+/-1.4)e+04,(4.0+/-1.4)e+04,(4.0+/-1.4)e+04,(4.0+/-1.4)e+04,(4.0+/-1.4)e+04,(4.0+/-1.4)e+04,(4.0+/-1.4)e+04,(4.0+/-1.4)e+04,(4.0+/-1.4)e+04,(4.0+/-1.4)e+04,(4.0+/-1.4)e+04,(4.0+/-1.4)e+04,(4.0+/-1.4)e+04,(4.0+/-1.4)e+04,(4.0+/-1.4)e+04
Middle Africa,9369410,19642360,0,0,0,0,(5.9+/-2.1)e+04,(5.9+/-2.1)e+04,(5.9+/-2.1)e+04,(5.9+/-2.1)e+04,(5.9+/-2.1)e+04,(5.9+/-2.1)e+04,(5.9+/-2.1)e+04,(5.9+/-2.1)e+04,(5.9+/-2.1)e+04,(5.9+/-2.1)e+04,(5.9+/-2.1)e+04,(5.9+/-2.1)e+04,(5.9+/-2.1)e+04,(5.9+/-2.1)e+04,(5.9+/-2.1)e+04,(5.9+/-2.1)e+04,(5.9+/-2.1)e+04,(5.9+/-2.1)e+04,(5.9+/-2.1)e+04,(5.9+/-2.1)e+04,(5.9+/-2.1)e+04,(5.9+/-2.1)e+04,(5.9+/-2.1)e+04,(5.9+/-2.1)e+04,(5.9+/-2.1)e+04,(5.9+/-2.1)e+04,(5.9+/-2.1)e+04,(5.9+/-2.1)e+04,(5.9+/-2.1)e+04,(5.9+/-2.1)e+04,(5.9+/-2.1)e+04,(5.9+/-2.1)e+04,(5.9+/-2.1)e+04,(5.9+/-2.1)e+04,(5.9+/-2.1)e+04,(5.9+/-2.1)e+04,(5.9+/-2.1)e+04,(5.9+/-2.1)e+04,(5.9+/-2.1)e+04,(5.9+/-2.1)e+04,(5.9+/-2.1)e+04,(5.9+/-2.1)e+04,(5.9+/-2.1)e+04,(5.9+/-2.1)e+04,(5.9+/-2.1)e+04,(5.9+/-2.1)e+04,(5.9+/-2.1)e+04,(5.9+/-2.1)e+04,(5.9+/-2.1)e+04
Northern Africa,12017413,29083184,0,0,0,0,(1.4+/-0.5)e+06,(1.4+/-0.5)e+06,(1.4+/-0.5)e+06,(1.4+/-0.5)e+06,(1.4+/-0.5)e+06,(1.4+/-0.5)e+06,(1.4+/-0.5)e+06,(1.4+/-0.5)e+06,(1.4+/-0.5)e+06,(1.4+/-0.5)e+06,(1.4+/-0.5)e+06,(1.4+/-0.5)e+06,(1.4+/-0.5)e+06,(1.4+/-0.5)e+06,(1.4+/-0.5)e+06,(1.4+/-0.5)e+06,(1.4+/-0.5)e+06,(1.4+/-0.5)e+06,(1.4+/-0.5)e+06,(1.4+/-0.5)e+06,(1.4+/-0.5)e+06,(1.4+/-0.5)e+06,(1.4+/-0.5)e+06,(1.4+/-0.5)e+06,(1.4+/-0.5)e+06,(1.4+/-0.5)e+06,(1.4+/-0.5)e+06,(1.4+/-0.5)e+06,(1.4+/-0.5)e+06,(1.4+/-0.5)e+06,(1.4+/-0.5)e+06,(1.4+/-0.5)e+06,(1.4+/-0.5)e+06,(1.4+/-0.5)e+06,(1.4+/-0.5)e+06,(1.4+/-0.5)e+06,(1.4+/-0.5)e+06,(1.4+/-0.5)e+06,(1.4+/-0.5)e+06,(1.4+/-0.5)e+06,(1.4+/-0.5)e+06,(1.4+/-0.5)e+06,(1.4+/-0.5)e+06,(1.4+/-0.5)e+06,(1.4+/-0.5)e+06,(1.4+/-0.5)e+06,(1.4+/-0.5)e+06,(1.4+/-0.5)e+06,(1.4+/-0.5)e+06
Northern America,27021498,59574957,0,0,0,0,(6.5+/-2.4)e+07,(6.5+/-2.4)e+07,(6.5+/-2.4)e+07,(6.5+/-2.4)e+07,(6.5+/-2.4)e+07,(6.5+/-2.4)e+07,(6.5+/-2.4)e+07,(6.5+/-2.4)e+07,(6.5+/-2.4)e+07,(6.5+/-2.4)e+07,(6.5+/-2.4)e+07,(6.5+/-2.4)e+07,(6.5+/-2.4)e+07,(6.5+/-2.4)e+07,(6.5+/-2.4)e+07,(6.5+/-2.4)e+07,(6.5+/-2.4)e+07,(6.5+/-2.4)e+07,(6.5+/-2.4)e+07,(6.5+/-2.4)e+07,(6.5+/-2.4)e+07,(6.5+/-2.4)e+07,(6.5+/-2.4)e+07,(6.5+/-2.4)e+07,(6.5+/-2.4)e+07,(6.5+/-2.4)e+07,(6.5+/-2.4)e+07,(6.5+/-2.4)e+07,(6.5+/-2.4)e+07,(6.5+/-2.4)e+07,(6.5+/-2.4)e+07,(6.5+/-2.4)e+07,(6.5+/-2.4)e+07,(6.5+/-2.4)e+07,(6.5+/-2.4)e+07,(6.5+/-2.4)e+07,(6.5+/-2.4)e+07,(6.5+/-2.4)e+07,(6.5+/-2.4)e+07,(6.5+/-2.4)e+07,(6.5+/-2.4)e+07,(6.5+/-2.4)e+07,(6.5+/-2.4)e+07,(6.5+/-2.4)e+07,(6.5+/-2.4)e+07,(6.5+/-2.4)e+07,(6.5+/-2.4)e+07,(6.5+/-2.4)e+07,(6.5+/-2.4)e+07
Northern Europe,7473021,16386328,0,0,0,0,(5.5+/-2.0)e+05,(5.5+/-2.0)e+05,(5.5+/-2.0)e+05,(5.5+/-2.0)e+05,(5.5+/-2.0)e+05,(5.5+/-2.0)e+05,(5.5+/-2.0)e+05,(5.5+/-2.0)e+05,(5.5+/-2.0)e+05,(5.5+/-2.0)e+05,(5.5+/-2.0)e+05,(5.5+/-2.0)e+05,(5.5+/-2.0)e+05,(5.5+/-2.0)e+05,(5.5+/-2.0)e+05,(5.5+/-2.0)e+05,(5.5+/-2.0)e+05,(5.5+/-2.0)e+05,(5.5+/-2.0)e+05,(5.5+/-2.0)e+05,(5.5+/-2.0)e+05,(5.5+/-2.0)e+05,(5.5+/-2.0)e+05,(5.5+/-2.0)e+05,(5.5+/-2.0)e+05,(5.5+/-2.0)e+05,(5.5+/-2.0)e+05,(5.5+/-2.0)e+05,(5.5+/-2.0)e+05,(5.5+/-2.0)e+05,(5.5+/-2.0)e+05,(5.5+/-2.0)e+05,(5.5+/-2.0)e+05,(5.5+/-2.0)e+05,(5.5+/-2.0)e+05,(5.5+/-2.0)e+05,(5.5+/-2.0)e+05,(5.5+/-2.0)e+05,(5.5+/-2.0)e+05,(5.5+/-2.0)e+05,(5.5+/-2.0)e+05,(5.5+/-2.0)e+05,(5.5+/-2.0)e+05,(5.5+/-2.0)e+05,(5.5+/-2.0)e+05,(5.5+/-2.0)e+05,(5.5+/-2.0)e+05,(5.5+/-2.0)e+05,(5.5+/-2.0)e+05
Polynesia,33568,81723,0,0,0,0,(4.0+/-1.4)e+04,(4.0+/-1.4)e+04,(4.0+/-1.4)e+04,(4.0+/-1.4)e+04,(4.0+/-1.4)e+04,(4.0+/-1.4)e+04,(4.0+/-1.4)e+04,(4.0+/-1.4)e+04,(4.0+/-1.4)e+04,(4.0+/-1.4)e+04,(4.0+/-1.4)e+04,(4.0+/-1.4)e+04,(4.0+/-1.4)e+04,(4.0+/-1.4)e+04,(4.0+/-1.4)e+04,(4.0+/-1.4)e+04,(4.0+/-1.4)e+04,(4.0+/-1.4)e+04,(4.0+/-1.4)e+04,(4.0+/-1.4)e+04,(4.0+/-1.4)e+04,(4.0+/-1.4)e+04,(4.0+/-1.4)e+04,(4.0+/-1.4)e+04,(4.0+/-1.4)e+04,(4.0+/-1.4)e+04,(4.0+/-1.4)e+04,(4.0+/-1.4)e+04,(4.0+/-1.4)e+04,(4.0+/-1.4)e+04,(4.0+/-1.4)e+04,(4.0+/-1.4)e+04,(4.0+/-1.4)e+04,(4.0+/-1.4)e+04,(4.0+/-1.4)e+04,(4.0+/-1.4)e+04,(4.0+/-1.4)e+04,(4.0+/-1.4)e+04,(4.0+/-1.4)e+04,(4.0+/-1.4)e+04,(4.0+/-1.4)e+04,(4.0+/-1.4)e+04,(4.0+/-1.4)e+04,(4.0+/-1.4)e+04,(4.0+/-1.4)e+04,(4.0+/-1.4)e+04,(4.0+/-1.4)e+04,(4.0+/-1.4)e+04,(4.0+/-1.4)e+04
South America,29355571,83849131,0,0,0,0,(3.1+/-1.2)e+06,(3.1+/-1.2)e+06,(3.1+/-1.2)e+06,(3.1+/-1.2)e+06,(3.1+/-1.2)e+06,(3.1+/-1.2)e+06,(3.1+/-1.2)e+06,(3.1+/-1.2)e+06,(3.1+/-1.2)e+06,(3.1+/-1.2)e+06,(3.1+/-1.2)e+06,(3.1+/-1.2)e+06,(3.1+/-1.2)e+06,(3.1+/-1.2)e+06,(3.1+/-1.2)e+06,(3.1+/-1.2)e+06,(3.1+/-1.2)e+06,(3.1+/-1.2)e+06,(3.1+/-1.2)e+06,(3.1+/-1.2)e+06,(3.1+/-1.2)e+06,(3.1+/-1.2)e+06,(3.1+/-1.2)e+06,(3.1+/-1.2)e+06,(3.1+/-1.2)e+06,(3.1+/-1.2)e+06,(3.1+/-1.2)e+06,(3.1+/-1.2)e+06,(3.1+/-1.2)e+06,(3.1+/-1.2)e+06,(3.1+/-1.2)e+06,(3.1+/-1.2)e+06,(3.1+/-1.2)e+06,(3.1+/-1.2)e+06,(3.1+/-1.2)e+06,(3.1+/-1.2)e+06,(3.1+/-1.2)e+06,(3.1+/-1.2)e+06,(3.1+/-1.2)e+06,(3.1+/-1.2)e+06,(3.1+/-1.2)e+06,(3.1+/-1.2)e+06,(3.1+/-1.2)e+06,(3.1+/-1.2)e+06,(3.1+/-1.2)e+06,(3.1+/-1.2)e+06,(3.1+/-1.2)e+06,(3.1+/-1.2)e+06,(3.1+/-1.2)e+06
South-eastern Asia,54372904,138751581,0,0,0,0,(4.0+/-1.5)e+07,(4.0+/-1.5)e+07,(4.0+/-1.5)e+07,(4.0+/-1.5)e+07,(4.0+/-1.5)e+07,(4.0+/-1.5)e+07,(4.0+/-1.5)e+07,(4.0+/-1.5)e+07,(4.0+/-1.5)e+07,(4.0+/-1.5)e+07,(4.0+/-1.5)e+07,(4.0+/-1.5)e+07,(4.0+/-1.5)e+07,(4.0+/-1.5)e+07,(4.0+/-1.5)e+07,(4.0+/-1.5)e+07,(4.0+/-1.5)e+07,(4.0+/-1.5)e+07,(4.0+/-1.5)e+07,(4.0+/-1.5)e+07,(4.0+/-1.5)e+07,(4.0+/-1.5)e+07,(4.0+/-1.5)e+07,(4.0+/-1.5)e+07,(4.0+/-1.5)e+07,(4.0+/-1.5)e+07,(4.0+/-1.5)e+07,(4.0+/-1.5)e+07,(4.0+/-1.5)e+07,(4.0+/-1.5)e+07,(4.0+/-1.5)e+07,(4.0+/-1.5)e+07,(4.0+/-1.5)e+07,(4.0+/-1.5)e+07,(4.0+/-1.5)e+07,(4.0+/-1.5)e+07,(4.0+/-1.5)e+07,(4.0+/-1.5)e+07,(4.0+/-1.5)e+07,(4.0+/-1.5)e+07,(4.0+/-1.5)e+07,(4.0+/-1.5)e+07,(4.0+/-1.5)e+07,(4.0+/-1.5)e+07,(4.0+/-1.5)e+07,(4.0+/-1.5)e+07,(4.0+/-1.5)e+07,(4.0+/-1.5)e+07,(4.0+/-1.5)e+07
Southern Africa,3414558,10510151,0,0,0,0,(1.5+/-0.6)e+07,(1.5+/-0.6)e+07,(1.5+/-0.6)e+07,(1.5+/-0.6)e+07,(1.5+/-0.6)e+07,(1.5+/-0.6)e+07,(1.5+/-0.6)e+07,(1.5+/-0.6)e+07,(1.5+/-0.6)e+07,(1.5+/-0.6)e+07,(1.5+/-0.6)e+07,(1.5+/-0.6)e+07,(1.5+/-0.6)e+07,(1.5+/-0.6)e+07,(1.5+/-0.6)e+07,(1.5+/-0.6)e+07,(1.5+/-0.6)e+07,(1.5+/-0.6)e+07,(1.5+/-0.6)e+07,(1.5+/-0.6)e+07,(1.5+/-0.6)e+07,(1.5+/-0.6)e+07,(1.5+/-0.6)e+07,(1.5+/-0.6)e+07,(1.5+/-0.6)e+07,(1.5+/-0.6)e+07,(1.5+/-0.6)e+07,(1.5+/-0.6)e+07,(1.5+/-0.6)e+07,(1.5+/-0.6)e+07,(1.5+/-0.6)e+07,(1.5+/-0.6)e+07,(1.5+/-0.6)e+07,(1.5+/-0.6)e+07,(1.5+/-0.6)e+07,(1.5+/-0.6)e+07,(1.5+/-0.6)e+07,(1.5+/-0.6)e+07,(1.5+/-0.6)e+07,(1.5+/-0.6)e+07,(1.5+/-0.6)e+07,(1.5+/-0.6)e+07,(1.5+/-0.6)e+07,(1.5+/-0.6)e+07,(1.5+/-0.6)e+07,(1.5+/-0.6)e+07,(1.5+/-0.6)e+07,(1.5+/-0.6)e+07,(1.5+/-0.6)e+07
Southern Asia,152774494,291437630,0,0,0,0,(8.7+/-3.2)e+07,(8.7+/-3.2)e+07,(8.7+/-3.2)e+07,(8.7+/-3.2)e+07,(8.7+/-3.2)e+07,(8.7+/-3.2)e+07,(8.7+/-3.2)e+07,(8.7+/-3.2)e+07,(8.7+/-3.2)e+07,(8.7+/-3.2)e+07,(8.7+/-3.2)e+07,(8.7+/-3.2)e+07,(8.7+/-3.2)e+07,(8.7+/-3.2)e+07,(8.7+/-3.2)e+07,(8.7+/-3.2)e+07,(8.7+/-3.2)e+07,(8.7+/-3.2)e+07,(8.7+/-3.2)e+07,(8.7+/-3.2)e+07,(8.7+/-3.2)e+07,(8.7+/-3.2)e+07,(8.7+/-3.2)e+07,(8.7+/-3.2)e+07,(8.7+/-3.2)e+07,(8.7+/-3.2)e+07,(8.7+/-3.2)e+07,(8.7+/-3.2)e+07,(8.7+/-3.2)e+07,(8.7+/-3.2)e+07,(8.7+/-3.2)e+07,(8.7+/-3.2)e+07,(8.7+/-3.2)e+07,(8.7+/-3.2)e+07,(8.7+/-3.2)e+07,(8.7+/-3.2)e+07,(8.7+/-3.2)e+07,(8.7+/-3.2)e+07,(8.7+/-3.2)e+07,(8.7+/-3.2)e+07,(8.7+/-3.2)e+07,(8.7+/-3.2)e+07,(8.7+/-3.2)e+07,(8.7+/-3.2)e+07,(8.7+/-3.2)e+07,(8.7+/-3.2)e+07,(8.7+/-3.2)e+07,(8.7+/-3.2)e+07,(8.7+/-3.2)e+07
Southern Europe,10239028,24154381,0,0,0,0,(6.5+/-2.4)e+06,(6.5+/-2.4)e+06,(6.5+/-2.4)e+06,(6.5+/-2.4)e+06,(6.5+/-2.4)e+06,(6.5+/-2.4)e+06,(6.5+/-2.4)e+06,(6.5+/-2.4)e+06,(6.5+/-2.4)e+06,(6.5+/-2.4)e+06,(6.5+/-2.4)e+06,(6.5+/-2.4)e+06,(6.5+/-2.4)e+06,(6.5+/-2.4)e+06,(6.5+/-2.4)e+06,(6.5+/-2.4)e+06,(6.5+/-2.4)e+06,(6.5+/-2.4)e+06,(6.5+/-2.4)e+06,(6.5+/-2.4)e+06,(6.5+/-2.4)e+06,(6.5+/-2.4)e+06,(6.5+/-2.4)e+06,(6.5+/-2.4)e+06,(6.5+/-2.4)e+06,(6.5+/-2.4)e+06,(6.5+/-2.4)e+06,(6.5+/-2.4)e+06,(6.5+/-2.4)e+06,(6.5+/-2.4)e+06,(6.5+/-2.4)e+06,(6.5+/-2.4)e+06,(6.5+/-2.4)e+06,(6.5+/-2.4)e+06,(6.5+/-2.4)e+06,(6.5+/-2.4)e+06,(6.5+/-2.4)e+06,(6.5+/-2.4)e+06,(6.5+/-2.4)e+06,(6.5+/-2.4)e+06,(6.5+/-2.4)e+06,(6.5+/-2.4)e+06,(6.5+/-2.4)e+06,(6.5+/-2.4)e+06,(6.5+/-2.4)e+06,(6.5+/-2.4)e+06,(6.5+/-2.4)e+06,(6.5+/-2.4)e+06,(6.5+/-2.4)e+06
Western Africa,17250115,47388443,0,0,0,0,(2.8+/-1.0)e+05,(2.8+/-1.0)e+05,(2.8+/-1.0)e+05,(2.8+/-1.0)e+05,(2.8+/-1.0)e+05,(2.8+/-1.0)e+05,(2.8+/-1.0)e+05,(2.8+/-1.0)e+05,(2.8+/-1.0)e+05,(2.8+/-1.0)e+05,(2.8+/-1.0)e+05,(2.8+/-1.0)e+05,(2.8+/-1.0)e+05,(2.8+/-1.0)e+05,(2.8+/-1.0)e+05,(2.8+/-1.0)e+05,(2.8+/-1.0)e+05,(2.8+/-1.0)e+05,(2.8+/-1.0)e+05,(2.8+/-1.0)e+05,(2.8+/-1.0)e+05,(2.8+/-1.0)e+05,(2.8+/-1.0)e+05,(2.8+/-1.0)e+05,(2.8+/-1.0)e+05,(2.8+/-1.0)e+05,(2.8+/-1.0)e+05,(2.8+/-1.0)e+05,(2.8+/-1.0)e+05,(2.8+/-1.0)e+05,(2.8+/-1.0)e+05,(2.8+/-1.0)e+05,(2.8+/-1.0)e+05,(2.8+/-1.0)e+05,(2.8+/-1.0)e+05,(2.8+/-1.0)e+05,(2.8+/-1.0)e+05,(2.8+/-1.0)e+05,(2.8+/-1.0)e+05,(2.8+/-1.0)e+05,(2.8+/-1.0)e+05,(2.8+/-1.0)e+05,(2.8+/-1.0)e+05,(2.8+/-1.0)e+05,(2.8+/-1.0)e+05,(2.8+/-1.0)e+05,(2.8+/-1.0)e+05,(2.8+/-1.0)e+05,(2.8+/-1.0)e+05
Western Asia,15940382,39023753,0,0,0,0,(8.4+/-3.1)e+06,(8.4+/-3.1)e+06,(8.4+/-3.1)e+06,(8.4+/-3.1)e+06,(8.4+/-3.1)e+06,(8.4+/-3.1)e+06,(8.4+/-3.1)e+06,(8.4+/-3.1)e+06,(8.4+/-3.1)e+06,(8.4+/-3.1)e+06,(8.4+/-3.1)e+06,(8.4+/-3.1)e+06,(8.4+/-3.1)e+06,(8.4+/-3.1)e+06,(8.4+/-3.1)e+06,(8.4+/-3.1)e+06,(8.4+/-3.1)e+06,(8.4+/-3.1)e+06,(8.4+/-3.1)e+06,(8.4+/-3.1)e+06,(8.4+/-3.1)e+06,(8.4+/-3.1)e+06,(8.4+/-3.1)e+06,(8.4+/-3.1)e+06,(8.4+/-3.1)e+06,(8.4+/-3.1)e+06,(8.4+/-3.1)e+06,(8.4+/-3.1)e+06,(8.4+/-3.1)e+06,(8.4+/-3.1)e+06,(8.4+/-3.1)e+06,(8.4+/-3.1)e+06,(8.4+/-3.1)e+06,(8.4+/-3.1)e+06,(8.4+/-3.1)e+06,(8.4+/-3.1)e+06,(8.4+/-3.1)e+06,(8.4+/-3.1)e+06,(8.4+/-3.1)e+06,(8.4+/-3.1)e+06,(8.4+/-3.1)e+06,(8.4+/-3.1)e+06,(8.4+/-3.1)e+06,(8.4+/-3.1)e+06,(8.4+/-3.1)e+06,(8.4+/-3.1)e+06,(8.4+/-3.1)e+06,(8.4+/-3.1)e+06,(8.4+/-3.1)e+06
Western Europe,14939189,31147282,0,0,0,0,(1.2+/-0.4)e+07,(1.2+/-0.4)e+07,(1.2+/-0.4)e+07,(1.2+/-0.4)e+07,(1.2+/-0.4)e+07,(1.2+/-0.4)e+07,(1.2+/-0.4)e+07,(1.2+/-0.4)e+07,(1.2+/-0.4)e+07,(1.2+/-0.4)e+07,(1.2+/-0.4)e+07,(1.2+/-0.4)e+07,(1.2+/-0.4)e+07,(1.2+/-0.4)e+07,(1.2+/-0.4)e+07,(1.2+/-0.4)e+07,(1.2+/-0.4)e+07,(1.2+/-0.4)e+07,(1.2+/-0.4)e+07,(1.2+/-0.4)e+07,(1.2+/-0.4)e+07,(1.2+/-0.4)e+07,(1.2+/-0.4)e+07,(1.2+/-0.4)e+07,(1.2+/-0.4)e+07,(1.2+/-0.4)e+07,(1.2+/-0.4)e+07,(1.2+/-0.4)e+07,(1.2+/-0.4)e+07,(1.2+/-0.4)e+07,(1.2+/-0.4)e+07,(1.2+/-0.4)e+07,(1.2+/-0.4)e+07,(1.2+/-0.4)e+07,(1.2+/-0.4)e+07,(1.2+/-0.4)e+07,(1.2+/-0.4)e+07,(1.2+/-0.4)e+07,(1.2+/-0.4)e+07,(1.2+/-0.4)e+07,(1.2+/-0.4)e+07,(1.2+/-0.4)e+07,(1.2+/-0.4)e+07,(1.2+/-0.4)e+07,(1.2+/-0.4)e+07,(1.2+/-0.4)e+07,(1.2+/-0.4)e+07,(1.2+/-0.4)e+07,(1.2+/-0.4)e+07
Global,557653669,1277851606,0,0,0,0,(7.2+/-2.7)e+08,(7.2+/-2.7)e+08,(7.2+/-2.7)e+08,(7.2+/-2.7)e+08,(7.2+/-2.7)e+08,(7.2+/-2.7)e+08,(7.2+/-2.7)e+08,(7.2+/-2.7)e+08,(7.2+/-2.7)e+08,(7.2+/-2.7)e+08,(7.2+/-2.7)e+08,(7.2+/-2.7)e+08,(7.2+/-2.7)e+08,(7.2+/-2.7)e+08,(7.2+/-2.7)e+08,(7.2+/-2.7)e+08,(7.2+/-2.7)e+08,(7.2+/-2.7)e+08,(7.2+/-2.7)e+08,(7.2+/-2.7)e+08,(7.2+/-2.7)e+08,(7.2+/-2.7)e+08,(7.2+/-2.7)e+08,(7.2+/-2.7)e+08,(7.2+/-2.7)e+08,(7.2+/-2.7)e+08,(7.2+/-2.7)e+08,(7.2+/-2.7)e+08,(7.2+/-2.7)e+08,(7.2+/-2.7)e+08,(7.2+/-2.7)e+08,(7.2+/-2.7)e+08,(7.2+/-2.7)e+08,(7.2+/-2.7)e+08,(7.2+/-2.7)e+08,(7.2+/-2.7)e+08,(7.2+/-2.7)e+08,(7.2+/-2.7)e+08,(7.2+/-2.7)e+08,(7.2+/-2.7)e+08,(7.2+/-2.7)e+08,(7.2+/-2.7)e+08,(7.2+/-2.7)e+08,(7.2+/-2.7)e+08,(7.2+/-2.7)e+08,(7.2+/-2.7)e+08,(7.2+/-2.7)e+08,(7.2+/-2.7)e+08,(7.2+/-2.7)e+08
