,0,1,2,3,4,5,6,7,8,9,10,11,12,13,14,15,16,17,18,19,20,21,22,23,24,25,26,27,28,29,30,31,32,33,34,35,36,37,38,39,40,41,42,43,44,45,46,47,48,49,50,51,52,53,54
Aruba,7780,19199,0.0,0.0+/-0,0.0+/-0,0.0+/-0,0.0085+/-0.0030,0.0085+/-0.0030,0.0085+/-0.0030,0.0085+/-0.0030,0.0085+/-0.0030,0.0085+/-0.0030,0.0085+/-0.0030,0.0085+/-0.0030,0.0085+/-0.0030,0.0085+/-0.0030,0.0085+/-0.0030,0.0085+/-0.0030,0.0085+/-0.0030,0.0085+/-0.0030,0.0085+/-0.0030,0.0085+/-0.0030,0.0085+/-0.0030,0.0085+/-0.0030,0.0085+/-0.0030,0.0085+/-0.0030,0.0085+/-0.0030,0.0085+/-0.0030,0.0085+/-0.0030,0.0085+/-0.0030,0.0085+/-0.0030,0.0085+/-0.0030,0.0085+/-0.0030,0.0085+/-0.0030,0.0085+/-0.0030,0.0085+/-0.0030,0.0085+/-0.0030,0.0085+/-0.0030,0.0085+/-0.0030,0.0085+/-0.0030,0.0085+/-0.0030,0.0085+/-0.0030,0.0085+/-0.0030,0.0085+/-0.0030,0.0085+/-0.0030,0.0085+/-0.0030,0.0085+/-0.0030,0.0085+/-0.0030,0.0085+/-0.0030,0.0085+/-0.0030,0.0085+/-0.0030,0.0085+/-0.0030,0.0085+/-0.0030,0.0085+/-0.0030,0.0085+/-0.0030
Afghanistan,1131504,2811747,0.0,(1.8+/-1.0)e-05,(4.1+/-2.2)e-05,(7+/-4)e-05,0.00017+/-0.00006,0.00023+/-0.00009,0.00035+/-0.00015,0.00041+/-0.00018,0.00045+/-0.00021,0.00048+/-0.00022,0.00050+/-0.00023,0.00052+/-0.00024,0.00052+/-0.00024,0.00052+/-0.00024,0.00052+/-0.00024,0.00052+/-0.00024,0.00052+/-0.00024,0.00052+/-0.00024,0.00052+/-0.00024,0.00052+/-0.00024,0.00052+/-0.00024,0.00052+/-0.00024,0.00052+/-0.00024,0.00052+/-0.00024,0.00052+/-0.00024,0.00052+/-0.00024,0.00052+/-0.00024,0.00052+/-0.00024,0.00052+/-0.00024,0.00052+/-0.00024,0.00052+/-0.00024,0.00052+/-0.00024,0.00052+/-0.00024,0.00052+/-0.00024,0.00052+/-0.00024,0.00052+/-0.00024,0.00052+/-0.00024,0.00052+/-0.00024,0.00052+/-0.00024,0.00052+/-0.00024,0.00052+/-0.00024,0.00052+/-0.00024,0.00052+/-0.00024,0.00052+/-0.00024,0.00052+/-0.00024,0.00052+/-0.00024,0.00052+/-0.00024,0.00052+/-0.00024,0.00052+/-0.00024,0.00052+/-0.00024,0.00052+/-0.00024,0.00052+/-0.00024,0.00052+/-0.00024
Angola,1197635,4410067,0.0,0.0+/-0,0.0+/-0,0.0+/-0,(5.5+/-1.9)e-05,(5.5+/-1.9)e-05,(5.5+/-1.9)e-05,(5.5+/-1.9)e-05,(5.5+/-1.9)e-05,(5.5+/-1.9)e-05,(5.5+/-1.9)e-05,(5.5+/-1.9)e-05,(5.5+/-1.9)e-05,(5.5+/-1.9)e-05,(5.5+/-1.9)e-05,(5.5+/-1.9)e-05,(5.5+/-1.9)e-05,(5.5+/-1.9)e-05,(5.5+/-1.9)e-05,(5.5+/-1.9)e-05,(5.5+/-1.9)e-05,(5.5+/-1.9)e-05,(5.5+/-1.9)e-05,(5.5+/-1.9)e-05,(5.5+/-1.9)e-05,(5.5+/-1.9)e-05,(5.5+/-1.9)e-05,(5.5+/-1.9)e-05,(5.5+/-1.9)e-05,(5.5+/-1.9)e-05,(5.5+/-1.9)e-05,(5.5+/-1.9)e-05,(5.5+/-1.9)e-05,(5.5+/-1.9)e-05,(5.5+/-1.9)e-05,(5.5+/-1.9)e-05,(5.5+/-1.9)e-05,(5.5+/-1.9)e-05,(5.5+/-1.9)e-05,(5.5+/-1.9)e-05,(5.5+/-1.9)e-05,(5.5+/-1.9)e-05,(5.5+/-1.9)e-05,(5.5+/-1.9)e-05,(5.5+/-1.9)e-05,(5.5+/-1.9)e-05,(5.5+/-1.9)e-05,(5.5+/-1.9)e-05,(5.5+/-1.9)e-05,(5.5+/-1.9)e-05,(5.5+/-1.9)e-05,(5.5+/-1.9)e-05,(5.5+/-1.9)e-05
Albania,206910,463254,0.0,0.00012+/-0.00006,0.00027+/-0.00014,0.00045+/-0.00024,0.0010+/-0.0004,0.0014+/-0.0006,0.0022+/-0.0010,0.0026+/-0.0012,0.0029+/-0.0013,0.0030+/-0.0014,0.0032+/-0.0015,0.0033+/-0.0016,0.0033+/-0.0016,0.0033+/-0.0016,0.0033+/-0.0016,0.0033+/-0.0016,0.0033+/-0.0016,0.0033+/-0.0016,0.0033+/-0.0016,0.0033+/-0.0016,0.0033+/-0.0016,0.0033+/-0.0016,0.0033+/-0.0016,0.0033+/-0.0016,0.0033+/-0.0016,0.0033+/-0.0016,0.0033+/-0.0016,0.0033+/-0.0016,0.0033+/-0.0016,0.0033+/-0.0016,0.0033+/-0.0016,0.0033+/-0.0016,0.0033+/-0.0016,0.0033+/-0.0016,0.0033+/-0.0016,0.0033+/-0.0016,0.0033+/-0.0016,0.0033+/-0.0016,0.0033+/-0.0016,0.0033+/-0.0016,0.0033+/-0.0016,0.0033+/-0.0016,0.0033+/-0.0016,0.0033+/-0.0016,0.0033+/-0.0016,0.0033+/-0.0016,0.0033+/-0.0016,0.0033+/-0.0016,0.0033+/-0.0016,0.0033+/-0.0016,0.0033+/-0.0016,0.0033+/-0.0016,0.0033+/-0.0016
Andorra,5739,15955,0.0,0.00036+/-0.00019,0.0008+/-0.0004,0.0013+/-0.0007,0.014+/-0.004,0.015+/-0.004,0.017+/-0.005,0.018+/-0.005,0.019+/-0.006,0.020+/-0.006,0.020+/-0.006,0.020+/-0.006,0.020+/-0.006,0.020+/-0.006,0.020+/-0.006,0.020+/-0.006,0.020+/-0.006,0.020+/-0.006,0.020+/-0.006,0.020+/-0.006,0.020+/-0.006,0.020+/-0.006,0.020+/-0.006,0.020+/-0.006,0.020+/-0.006,0.020+/-0.006,0.020+/-0.006,0.020+/-0.006,0.020+/-0.006,0.020+/-0.006,0.020+/-0.006,0.020+/-0.006,0.020+/-0.006,0.020+/-0.006,0.020+/-0.006,0.020+/-0.006,0.020+/-0.006,0.020+/-0.006,0.020+/-0.006,0.020+/-0.006,0.020+/-0.006,0.020+/-0.006,0.020+/-0.006,0.020+/-0.006,0.020+/-0.006,0.020+/-0.006,0.020+/-0.006,0.020+/-0.006,0.020+/-0.006,0.020+/-0.006,0.020+/-0.006,0.020+/-0.006,0.020+/-0.006
United Arab Emirates,846149,2156843,0.0,0.0010+/-0.0006,0.0024+/-0.0012,0.0039+/-0.0021,0.0064+/-0.0033,0.017+/-0.005,0.031+/-0.009,0.041+/-0.011,0.051+/-0.012,0.059+/-0.014,0.068+/-0.015,0.076+/-0.016,0.083+/-0.016,0.090+/-0.017,0.097+/-0.017,0.104+/-0.018,0.111+/-0.019,0.118+/-0.019,0.126+/-0.020,0.133+/-0.021,0.140+/-0.022,0.147+/-0.022,0.154+/-0.023,0.161+/-0.024,0.168+/-0.025,0.175+/-0.026,0.182+/-0.027,0.189+/-0.028,0.196+/-0.029,0.204+/-0.029,0.211+/-0.030,0.218+/-0.031,0.225+/-0.032,0.232+/-0.033,0.239+/-0.034,0.246+/-0.035,0.25+/-0.04,0.26+/-0.04,0.27+/-0.04,0.27+/-0.04,0.28+/-0.04,0.29+/-0.04,0.30+/-0.04,0.30+/-0.04,0.31+/-0.04,0.32+/-0.04,0.32+/-0.05,0.33+/-0.05,0.34+/-0.05,0.35+/-0.05,0.35+/-0.05,0.36+/-0.05,0.37+/-0.05
Argentina,2516635,8179552,0.0,0.00064+/-0.00034,0.0014+/-0.0008,0.0024+/-0.0013,0.0046+/-0.0021,0.0067+/-0.0032,0.011+/-0.005,0.017+/-0.006,0.022+/-0.007,0.027+/-0.008,0.032+/-0.008,0.036+/-0.009,0.040+/-0.009,0.044+/-0.009,0.048+/-0.010,0.052+/-0.010,0.055+/-0.010,0.059+/-0.011,0.063+/-0.011,0.067+/-0.011,0.071+/-0.012,0.075+/-0.012,0.079+/-0.012,0.083+/-0.013,0.086+/-0.013,0.090+/-0.014,0.094+/-0.014,0.098+/-0.015,0.102+/-0.015,0.106+/-0.016,0.110+/-0.016,0.114+/-0.017,0.117+/-0.017,0.121+/-0.018,0.125+/-0.018,0.129+/-0.019,0.133+/-0.019,0.137+/-0.020,0.141+/-0.020,0.144+/-0.021,0.148+/-0.021,0.152+/-0.022,0.156+/-0.022,0.160+/-0.023,0.164+/-0.023,0.168+/-0.024,0.172+/-0.024,0.175+/-0.025,0.179+/-0.025,0.183+/-0.026,0.187+/-0.026,0.191+/-0.027,0.195+/-0.028
Armenia,208858,448854,0.0,0.00019+/-0.00010,0.00043+/-0.00023,0.0007+/-0.0004,0.0015+/-0.0006,0.0021+/-0.0009,0.0033+/-0.0016,0.0040+/-0.0019,0.0044+/-0.0021,0.0047+/-0.0023,0.0049+/-0.0024,0.0051+/-0.0025,0.0051+/-0.0025,0.0051+/-0.0025,0.0051+/-0.0025,0.0051+/-0.0025,0.0051+/-0.0025,0.0051+/-0.0025,0.0051+/-0.0025,0.0051+/-0.0025,0.0051+/-0.0025,0.0051+/-0.0025,0.0051+/-0.0025,0.0051+/-0.0025,0.0051+/-0.0025,0.0051+/-0.0025,0.0051+/-0.0025,0.0051+/-0.0025,0.0051+/-0.0025,0.0051+/-0.0025,0.0051+/-0.0025,0.0051+/-0.0025,0.0051+/-0.0025,0.0051+/-0.0025,0.0051+/-0.0025,0.0051+/-0.0025,0.0051+/-0.0025,0.0051+/-0.0025,0.0051+/-0.0025,0.0051+/-0.0025,0.0051+/-0.0025,0.0051+/-0.0025,0.0051+/-0.0025,0.0051+/-0.0025,0.0051+/-0.0025,0.0051+/-0.0025,0.0051+/-0.0025,0.0051+/-0.0025,0.0051+/-0.0025,0.0051+/-0.0025,0.0051+/-0.0025,0.0051+/-0.0025,0.0051+/-0.0025
American Samoa,6748,16251,0.0,0.0+/-0,0.0+/-0,0.0+/-0,0.0098+/-0.0034,0.0098+/-0.0034,0.0098+/-0.0034,0.0098+/-0.0034,0.0098+/-0.0034,0.0098+/-0.0034,0.0098+/-0.0034,0.0098+/-0.0034,0.0098+/-0.0034,0.0098+/-0.0034,0.0098+/-0.0034,0.0098+/-0.0034,0.0098+/-0.0034,0.0098+/-0.0034,0.0098+/-0.0034,0.0098+/-0.0034,0.0098+/-0.0034,0.0098+/-0.0034,0.0098+/-0.0034,0.0098+/-0.0034,0.0098+/-0.0034,0.0098+/-0.0034,0.0098+/-0.0034,0.0098+/-0.0034,0.0098+/-0.0034,0.0098+/-0.0034,0.0098+/-0.0034,0.0098+/-0.0034,0.0098+/-0.0034,0.0098+/-0.0034,0.0098+/-0.0034,0.0098+/-0.0034,0.0098+/-0.0034,0.0098+/-0.0034,0.0098+/-0.0034,0.0098+/-0.0034,0.0098+/-0.0034,0.0098+/-0.0034,0.0098+/-0.0034,0.0098+/-0.0034,0.0098+/-0.0034,0.0098+/-0.0034,0.0098+/-0.0034,0.0098+/-0.0034,0.0098+/-0.0034,0.0098+/-0.0034,0.0098+/-0.0034,0.0098+/-0.0034,0.0098+/-0.0034
Antigua and Barbuda,7072,11531,0.0,0.00012+/-0.00006,0.00026+/-0.00014,0.00044+/-0.00023,0.0100+/-0.0033,0.0104+/-0.0033,0.0112+/-0.0034,0.0115+/-0.0035,0.0118+/-0.0035,0.012+/-0.004,0.012+/-0.004,0.012+/-0.004,0.012+/-0.004,0.012+/-0.004,0.012+/-0.004,0.012+/-0.004,0.012+/-0.004,0.012+/-0.004,0.012+/-0.004,0.012+/-0.004,0.012+/-0.004,0.012+/-0.004,0.012+/-0.004,0.012+/-0.004,0.012+/-0.004,0.012+/-0.004,0.012+/-0.004,0.012+/-0.004,0.012+/-0.004,0.012+/-0.004,0.012+/-0.004,0.012+/-0.004,0.012+/-0.004,0.012+/-0.004,0.012+/-0.004,0.012+/-0.004,0.012+/-0.004,0.012+/-0.004,0.012+/-0.004,0.012+/-0.004,0.012+/-0.004,0.012+/-0.004,0.012+/-0.004,0.012+/-0.004,0.012+/-0.004,0.012+/-0.004,0.012+/-0.004,0.012+/-0.004,0.012+/-0.004,0.012+/-0.004,0.012+/-0.004,0.012+/-0.004,0.012+/-0.004
Australia,1956618,4359765,0.0,0.0008+/-0.0004,0.0017+/-0.0009,0.0028+/-0.0015,0.049+/-0.015,0.056+/-0.015,0.067+/-0.016,0.075+/-0.017,0.082+/-0.017,0.088+/-0.018,0.094+/-0.018,0.101+/-0.019,0.106+/-0.019,0.111+/-0.019,0.117+/-0.020,0.122+/-0.020,0.127+/-0.020,0.133+/-0.021,0.138+/-0.021,0.144+/-0.022,0.149+/-0.022,0.154+/-0.023,0.160+/-0.023,0.165+/-0.024,0.171+/-0.024,0.176+/-0.025,0.181+/-0.025,0.187+/-0.026,0.192+/-0.026,0.197+/-0.027,0.203+/-0.028,0.208+/-0.028,0.214+/-0.029,0.219+/-0.030,0.224+/-0.030,0.230+/-0.031,0.235+/-0.031,0.240+/-0.032,0.246+/-0.033,0.251+/-0.033,0.257+/-0.034,0.262+/-0.035,0.267+/-0.035,0.27+/-0.04,0.28+/-0.04,0.28+/-0.04,0.29+/-0.04,0.29+/-0.04,0.30+/-0.04,0.30+/-0.04,0.31+/-0.04,0.32+/-0.04,0.32+/-0.04
Austria,712114,1557540,0.0,0.0018+/-0.0009,0.0039+/-0.0021,0.0066+/-0.0035,0.011+/-0.006,0.029+/-0.009,0.053+/-0.015,0.071+/-0.018,0.087+/-0.021,0.103+/-0.023,0.117+/-0.025,0.132+/-0.026,0.144+/-0.027,0.157+/-0.028,0.169+/-0.029,0.182+/-0.031,0.194+/-0.032,0.207+/-0.033,0.219+/-0.035,0.23+/-0.04,0.24+/-0.04,0.26+/-0.04,0.27+/-0.04,0.28+/-0.04,0.29+/-0.04,0.31+/-0.05,0.32+/-0.05,0.33+/-0.05,0.34+/-0.05,0.36+/-0.05,0.37+/-0.05,0.38+/-0.05,0.39+/-0.06,0.41+/-0.06,0.42+/-0.06,0.43+/-0.06,0.44+/-0.06,0.46+/-0.07,0.47+/-0.07,0.48+/-0.07,0.49+/-0.07,0.51+/-0.07,0.52+/-0.07,0.53+/-0.08,0.54+/-0.08,0.56+/-0.08,0.57+/-0.08,0.58+/-0.08,0.59+/-0.08,0.61+/-0.09,0.62+/-0.09,0.63+/-0.09,0.64+/-0.09
Azerbaijan,630532,1286959,0.0,0.00062+/-0.00009,0.00128+/-0.00020,0.00196+/-0.00031,0.0028+/-0.0005,0.0037+/-0.0006,0.0049+/-0.0010,0.0058+/-0.0012,0.0065+/-0.0013,0.0072+/-0.0015,0.0079+/-0.0016,0.0085+/-0.0016,0.0090+/-0.0017,0.0095+/-0.0017,0.0100+/-0.0018,0.0106+/-0.0018,0.0111+/-0.0019,0.0116+/-0.0019,0.0121+/-0.0020,0.0126+/-0.0020,0.0131+/-0.0021,0.0137+/-0.0021,0.0142+/-0.0022,0.0147+/-0.0023,0.0152+/-0.0023,0.0157+/-0.0024,0.0162+/-0.0024,0.0168+/-0.0025,0.0173+/-0.0026,0.0178+/-0.0026,0.0183+/-0.0027,0.0188+/-0.0028,0.0193+/-0.0028,0.0199+/-0.0029,0.0204+/-0.0029,0.0209+/-0.0030,0.0214+/-0.0031,0.0219+/-0.0032,0.0224+/-0.0032,0.0230+/-0.0033,0.0235+/-0.0034,0.0240+/-0.0034,0.0245+/-0.0035,0.025+/-0.004,0.026+/-0.004,0.026+/-0.004,0.027+/-0.004,0.027+/-0.004,0.028+/-0.004,0.028+/-0.004,0.029+/-0.004,0.029+/-0.004,0.030+/-0.004
Burundi,155059,493514,0.0,0.0+/-0,0.0+/-0,0.0+/-0,0.00043+/-0.00015,0.00043+/-0.00015,0.00043+/-0.00015,0.00043+/-0.00015,0.00043+/-0.00015,0.00043+/-0.00015,0.00043+/-0.00015,0.00043+/-0.00015,0.00043+/-0.00015,0.00043+/-0.00015,0.00043+/-0.00015,0.00043+/-0.00015,0.00043+/-0.00015,0.00043+/-0.00015,0.00043+/-0.00015,0.00043+/-0.00015,0.00043+/-0.00015,0.00043+/-0.00015,0.00043+/-0.00015,0.00043+/-0.00015,0.00043+/-0.00015,0.00043+/-0.00015,0.00043+/-0.00015,0.00043+/-0.00015,0.00043+/-0.00015,0.00043+/-0.00015,0.00043+/-0.00015,0.00043+/-0.00015,0.00043+/-0.00015,0.00043+/-0.00015,0.00043+/-0.00015,0.00043+/-0.00015,0.00043+/-0.00015,0.00043+/-0.00015,0.00043+/-0.00015,0.00043+/-0.00015,0.00043+/-0.00015,0.00043+/-0.00015,0.00043+/-0.00015,0.00043+/-0.00015,0.00043+/-0.00015,0.00043+/-0.00015,0.00043+/-0.00015,0.00043+/-0.00015,0.00043+/-0.00015,0.00043+/-0.00015,0.00043+/-0.00015,0.00043+/-0.00015,0.00043+/-0.00015
Belgium,699840,1569528,0.0,0.0017+/-0.0009,0.0037+/-0.0020,0.0062+/-0.0033,0.010+/-0.005,0.015+/-0.008,0.026+/-0.014,0.032+/-0.016,0.044+/-0.018,0.055+/-0.020,0.066+/-0.021,0.077+/-0.022,0.085+/-0.023,0.094+/-0.023,0.103+/-0.023,0.112+/-0.024,0.120+/-0.025,0.129+/-0.025,0.138+/-0.026,0.147+/-0.027,0.156+/-0.027,0.164+/-0.028,0.173+/-0.029,0.182+/-0.030,0.191+/-0.031,0.199+/-0.032,0.208+/-0.033,0.217+/-0.034,0.226+/-0.035,0.23+/-0.04,0.24+/-0.04,0.25+/-0.04,0.26+/-0.04,0.27+/-0.04,0.28+/-0.04,0.29+/-0.04,0.30+/-0.04,0.30+/-0.04,0.31+/-0.05,0.32+/-0.05,0.33+/-0.05,0.34+/-0.05,0.35+/-0.05,0.36+/-0.05,0.37+/-0.05,0.38+/-0.05,0.38+/-0.05,0.39+/-0.06,0.40+/-0.06,0.41+/-0.06,0.42+/-0.06,0.43+/-0.06,0.44+/-0.06
Benin,936258,2873300,0.0,0.0+/-0,0.0+/-0,0.0+/-0,(7.0+/-2.5)e-05,(7.0+/-2.5)e-05,(7.0+/-2.5)e-05,(7.0+/-2.5)e-05,(7.0+/-2.5)e-05,(7.0+/-2.5)e-05,(7.0+/-2.5)e-05,(7.0+/-2.5)e-05,(7.0+/-2.5)e-05,(7.0+/-2.5)e-05,(7.0+/-2.5)e-05,(7.0+/-2.5)e-05,(7.0+/-2.5)e-05,(7.0+/-2.5)e-05,(7.0+/-2.5)e-05,(7.0+/-2.5)e-05,(7.0+/-2.5)e-05,(7.0+/-2.5)e-05,(7.0+/-2.5)e-05,(7.0+/-2.5)e-05,(7.0+/-2.5)e-05,(7.0+/-2.5)e-05,(7.0+/-2.5)e-05,(7.0+/-2.5)e-05,(7.0+/-2.5)e-05,(7.0+/-2.5)e-05,(7.0+/-2.5)e-05,(7.0+/-2.5)e-05,(7.0+/-2.5)e-05,(7.0+/-2.5)e-05,(7.0+/-2.5)e-05,(7.0+/-2.5)e-05,(7.0+/-2.5)e-05,(7.0+/-2.5)e-05,(7.0+/-2.5)e-05,(7.0+/-2.5)e-05,(7.0+/-2.5)e-05,(7.0+/-2.5)e-05,(7.0+/-2.5)e-05,(7.0+/-2.5)e-05,(7.0+/-2.5)e-05,(7.0+/-2.5)e-05,(7.0+/-2.5)e-05,(7.0+/-2.5)e-05,(7.0+/-2.5)e-05,(7.0+/-2.5)e-05,(7.0+/-2.5)e-05,(7.0+/-2.5)e-05,(7.0+/-2.5)e-05
Burkina Faso,478407,1547478,0.0,0.0+/-0,0.0+/-0,0.0+/-0,0.00014+/-0.00005,0.00014+/-0.00005,0.00014+/-0.00005,0.00014+/-0.00005,0.00014+/-0.00005,0.00014+/-0.00005,0.00014+/-0.00005,0.00014+/-0.00005,0.00014+/-0.00005,0.00014+/-0.00005,0.00014+/-0.00005,0.00014+/-0.00005,0.00014+/-0.00005,0.00014+/-0.00005,0.00014+/-0.00005,0.00014+/-0.00005,0.00014+/-0.00005,0.00014+/-0.00005,0.00014+/-0.00005,0.00014+/-0.00005,0.00014+/-0.00005,0.00014+/-0.00005,0.00014+/-0.00005,0.00014+/-0.00005,0.00014+/-0.00005,0.00014+/-0.00005,0.00014+/-0.00005,0.00014+/-0.00005,0.00014+/-0.00005,0.00014+/-0.00005,0.00014+/-0.00005,0.00014+/-0.00005,0.00014+/-0.00005,0.00014+/-0.00005,0.00014+/-0.00005,0.00014+/-0.00005,0.00014+/-0.00005,0.00014+/-0.00005,0.00014+/-0.00005,0.00014+/-0.00005,0.00014+/-0.00005,0.00014+/-0.00005,0.00014+/-0.00005,0.00014+/-0.00005,0.00014+/-0.00005,0.00014+/-0.00005,0.00014+/-0.00005,0.00014+/-0.00005,0.00014+/-0.00005
Bangladesh,15374027,28627693,0.0,0.00059+/-0.00009,0.00120+/-0.00018,0.00183+/-0.00028,0.0037+/-0.0006,0.0045+/-0.0007,0.0056+/-0.0010,0.0064+/-0.0011,0.0071+/-0.0013,0.0077+/-0.0013,0.0083+/-0.0014,0.0089+/-0.0015,0.0094+/-0.0015,0.0099+/-0.0016,0.0104+/-0.0016,0.0109+/-0.0017,0.0114+/-0.0017,0.0119+/-0.0018,0.0124+/-0.0018,0.0129+/-0.0019,0.0133+/-0.0019,0.0138+/-0.0020,0.0143+/-0.0021,0.0148+/-0.0021,0.0153+/-0.0022,0.0158+/-0.0022,0.0163+/-0.0023,0.0168+/-0.0023,0.0173+/-0.0024,0.0178+/-0.0025,0.0183+/-0.0025,0.0188+/-0.0026,0.0193+/-0.0027,0.0198+/-0.0027,0.0203+/-0.0028,0.0208+/-0.0029,0.0213+/-0.0029,0.0218+/-0.0030,0.0223+/-0.0031,0.0228+/-0.0031,0.0233+/-0.0032,0.0237+/-0.0033,0.0242+/-0.0033,0.0247+/-0.0034,0.0252+/-0.0035,0.0257+/-0.0035,0.026+/-0.004,0.027+/-0.004,0.027+/-0.004,0.028+/-0.004,0.028+/-0.004,0.029+/-0.004,0.029+/-0.004
Bulgaria,474555,1100174,0.0,0.00032+/-0.00017,0.0007+/-0.0004,0.0012+/-0.0006,0.034+/-0.012,0.035+/-0.012,0.040+/-0.012,0.043+/-0.013,0.046+/-0.013,0.048+/-0.013,0.051+/-0.013,0.053+/-0.013,0.055+/-0.013,0.057+/-0.013,0.059+/-0.013,0.062+/-0.013,0.064+/-0.013,0.066+/-0.013,0.068+/-0.013,0.070+/-0.014,0.072+/-0.014,0.074+/-0.014,0.076+/-0.014,0.079+/-0.014,0.081+/-0.014,0.083+/-0.014,0.085+/-0.014,0.087+/-0.015,0.089+/-0.015,0.091+/-0.015,0.093+/-0.015,0.096+/-0.015,0.098+/-0.015,0.100+/-0.015,0.102+/-0.016,0.104+/-0.016,0.106+/-0.016,0.108+/-0.016,0.110+/-0.016,0.112+/-0.017,0.115+/-0.017,0.117+/-0.017,0.119+/-0.017,0.121+/-0.017,0.123+/-0.018,0.125+/-0.018,0.127+/-0.018,0.129+/-0.018,0.132+/-0.019,0.134+/-0.019,0.136+/-0.019,0.138+/-0.019,0.140+/-0.019
Bahrain,108961,277743,0.0,0.0014+/-0.0007,0.0031+/-0.0016,0.0052+/-0.0027,0.009+/-0.004,0.013+/-0.007,0.023+/-0.012,0.035+/-0.014,0.047+/-0.016,0.058+/-0.017,0.068+/-0.018,0.077+/-0.019,0.086+/-0.020,0.094+/-0.020,0.103+/-0.021,0.111+/-0.021,0.119+/-0.022,0.128+/-0.023,0.136+/-0.024,0.145+/-0.024,0.153+/-0.025,0.162+/-0.026,0.170+/-0.027,0.178+/-0.028,0.187+/-0.029,0.195+/-0.030,0.204+/-0.031,0.212+/-0.032,0.220+/-0.033,0.229+/-0.034,0.237+/-0.035,0.25+/-0.04,0.25+/-0.04,0.26+/-0.04,0.27+/-0.04,0.28+/-0.04,0.29+/-0.04,0.30+/-0.04,0.30+/-0.04,0.31+/-0.04,0.32+/-0.05,0.33+/-0.05,0.34+/-0.05,0.35+/-0.05,0.35+/-0.05,0.36+/-0.05,0.37+/-0.05,0.38+/-0.05,0.39+/-0.06,0.40+/-0.06,0.41+/-0.06,0.41+/-0.06,0.42+/-0.06
Bahamas,29987,88071,0.0,(7+/-4)e-05,0.00016+/-0.00009,0.00027+/-0.00014,0.0026+/-0.0008,0.0029+/-0.0009,0.0033+/-0.0010,0.0036+/-0.0011,0.0038+/-0.0011,0.0039+/-0.0012,0.0040+/-0.0012,0.0040+/-0.0012,0.0040+/-0.0012,0.0040+/-0.0012,0.0040+/-0.0012,0.0040+/-0.0012,0.0040+/-0.0012,0.0040+/-0.0012,0.0040+/-0.0012,0.0040+/-0.0012,0.0040+/-0.0012,0.0040+/-0.0012,0.0040+/-0.0012,0.0040+/-0.0012,0.0040+/-0.0012,0.0040+/-0.0012,0.0040+/-0.0012,0.0040+/-0.0012,0.0040+/-0.0012,0.0040+/-0.0012,0.0040+/-0.0012,0.0040+/-0.0012,0.0040+/-0.0012,0.0040+/-0.0012,0.0040+/-0.0012,0.0040+/-0.0012,0.0040+/-0.0012,0.0040+/-0.0012,0.0040+/-0.0012,0.0040+/-0.0012,0.0040+/-0.0012,0.0040+/-0.0012,0.0040+/-0.0012,0.0040+/-0.0012,0.0040+/-0.0012,0.0040+/-0.0012,0.0040+/-0.0012,0.0040+/-0.0012,0.0040+/-0.0012,0.0040+/-0.0012,0.0040+/-0.0012,0.0040+/-0.0012,0.0040+/-0.0012
Bosnia and Herzegovina,196136,457929,0.0,0.00029+/-0.00015,0.00064+/-0.00034,0.0011+/-0.0006,0.036+/-0.013,0.037+/-0.013,0.039+/-0.013,0.040+/-0.013,0.042+/-0.013,0.044+/-0.013,0.046+/-0.013,0.048+/-0.013,0.050+/-0.013,0.051+/-0.013,0.053+/-0.013,0.054+/-0.013,0.056+/-0.014,0.058+/-0.014,0.059+/-0.014,0.061+/-0.014,0.063+/-0.014,0.064+/-0.014,0.066+/-0.014,0.067+/-0.014,0.069+/-0.014,0.071+/-0.014,0.072+/-0.014,0.074+/-0.014,0.076+/-0.014,0.077+/-0.014,0.079+/-0.014,0.080+/-0.015,0.082+/-0.015,0.084+/-0.015,0.085+/-0.015,0.087+/-0.015,0.089+/-0.015,0.090+/-0.015,0.092+/-0.015,0.093+/-0.015,0.095+/-0.015,0.097+/-0.016,0.098+/-0.016,0.100+/-0.016,0.101+/-0.016,0.103+/-0.016,0.105+/-0.016,0.106+/-0.016,0.108+/-0.017,0.110+/-0.017,0.111+/-0.017,0.113+/-0.017,0.114+/-0.017
Belarus,737743,1454255,0.0,0.00035+/-0.00018,0.0008+/-0.0004,0.0013+/-0.0007,0.0022+/-0.0011,0.0033+/-0.0017,0.0056+/-0.0029,0.0088+/-0.0035,0.012+/-0.004,0.014+/-0.004,0.017+/-0.005,0.019+/-0.005,0.021+/-0.005,0.023+/-0.005,0.025+/-0.005,0.027+/-0.005,0.029+/-0.005,0.031+/-0.006,0.033+/-0.006,0.035+/-0.006,0.037+/-0.006,0.039+/-0.006,0.042+/-0.007,0.044+/-0.007,0.046+/-0.007,0.048+/-0.007,0.050+/-0.008,0.052+/-0.008,0.054+/-0.008,0.056+/-0.008,0.058+/-0.009,0.060+/-0.009,0.062+/-0.009,0.064+/-0.009,0.066+/-0.010,0.068+/-0.010,0.070+/-0.010,0.072+/-0.010,0.074+/-0.011,0.076+/-0.011,0.078+/-0.011,0.080+/-0.011,0.082+/-0.012,0.084+/-0.012,0.086+/-0.012,0.088+/-0.013,0.091+/-0.013,0.093+/-0.013,0.095+/-0.013,0.097+/-0.014,0.099+/-0.014,0.101+/-0.014,0.103+/-0.015
Belize,27428,79161,0.0,0.00010+/-0.00005,0.00023+/-0.00012,0.00038+/-0.00020,0.0030+/-0.0009,0.0033+/-0.0010,0.0040+/-0.0012,0.0043+/-0.0013,0.0046+/-0.0014,0.0047+/-0.0015,0.0049+/-0.0016,0.0050+/-0.0016,0.0050+/-0.0016,0.0050+/-0.0016,0.0050+/-0.0016,0.0050+/-0.0016,0.0050+/-0.0016,0.0050+/-0.0016,0.0050+/-0.0016,0.0050+/-0.0016,0.0050+/-0.0016,0.0050+/-0.0016,0.0050+/-0.0016,0.0050+/-0.0016,0.0050+/-0.0016,0.0050+/-0.0016,0.0050+/-0.0016,0.0050+/-0.0016,0.0050+/-0.0016,0.0050+/-0.0016,0.0050+/-0.0016,0.0050+/-0.0016,0.0050+/-0.0016,0.0050+/-0.0016,0.0050+/-0.0016,0.0050+/-0.0016,0.0050+/-0.0016,0.0050+/-0.0016,0.0050+/-0.0016,0.0050+/-0.0016,0.0050+/-0.0016,0.0050+/-0.0016,0.0050+/-0.0016,0.0050+/-0.0016,0.0050+/-0.0016,0.0050+/-0.0016,0.0050+/-0.0016,0.0050+/-0.0016,0.0050+/-0.0016,0.0050+/-0.0016,0.0050+/-0.0016,0.0050+/-0.0016,0.0050+/-0.0016
Bermuda,7369,18185,0.0,0.0+/-0,0.0+/-0,0.0+/-0,0.0089+/-0.0032,0.0089+/-0.0032,0.0089+/-0.0032,0.0089+/-0.0032,0.0089+/-0.0032,0.0089+/-0.0032,0.0089+/-0.0032,0.0089+/-0.0032,0.0089+/-0.0032,0.0089+/-0.0032,0.0089+/-0.0032,0.0089+/-0.0032,0.0089+/-0.0032,0.0089+/-0.0032,0.0089+/-0.0032,0.0089+/-0.0032,0.0089+/-0.0032,0.0089+/-0.0032,0.0089+/-0.0032,0.0089+/-0.0032,0.0089+/-0.0032,0.0089+/-0.0032,0.0089+/-0.0032,0.0089+/-0.0032,0.0089+/-0.0032,0.0089+/-0.0032,0.0089+/-0.0032,0.0089+/-0.0032,0.0089+/-0.0032,0.0089+/-0.0032,0.0089+/-0.0032,0.0089+/-0.0032,0.0089+/-0.0032,0.0089+/-0.0032,0.0089+/-0.0032,0.0089+/-0.0032,0.0089+/-0.0032,0.0089+/-0.0032,0.0089+/-0.0032,0.0089+/-0.0032,0.0089+/-0.0032,0.0089+/-0.0032,0.0089+/-0.0032,0.0089+/-0.0032,0.0089+/-0.0032,0.0089+/-0.0032,0.0089+/-0.0032,0.0089+/-0.0032,0.0089+/-0.0032
Bolivia,1144170,2932001,0.0,0.00035+/-0.00005,0.00072+/-0.00011,0.00109+/-0.00017,0.00157+/-0.00025,0.00205+/-0.00035,0.0027+/-0.0005,0.0032+/-0.0006,0.0036+/-0.0007,0.0040+/-0.0008,0.0044+/-0.0008,0.0047+/-0.0009,0.0050+/-0.0009,0.0053+/-0.0009,0.0056+/-0.0010,0.0059+/-0.0010,0.0062+/-0.0010,0.0065+/-0.0011,0.0068+/-0.0011,0.0071+/-0.0011,0.0074+/-0.0011,0.0077+/-0.0012,0.0079+/-0.0012,0.0082+/-0.0012,0.0085+/-0.0013,0.0088+/-0.0013,0.0091+/-0.0014,0.0094+/-0.0014,0.0097+/-0.0014,0.0100+/-0.0015,0.0103+/-0.0015,0.0106+/-0.0015,0.0109+/-0.0016,0.0112+/-0.0016,0.0115+/-0.0017,0.0118+/-0.0017,0.0121+/-0.0017,0.0123+/-0.0018,0.0126+/-0.0018,0.0129+/-0.0018,0.0132+/-0.0019,0.0135+/-0.0019,0.0138+/-0.0020,0.0141+/-0.0020,0.0144+/-0.0020,0.0147+/-0.0021,0.0150+/-0.0021,0.0153+/-0.0022,0.0156+/-0.0022,0.0159+/-0.0022,0.0162+/-0.0023,0.0165+/-0.0023,0.0168+/-0.0024
Brazil,14664402,41877575,0.0,0.00029+/-0.00016,0.00066+/-0.00035,0.0011+/-0.0006,0.0025+/-0.0010,0.0034+/-0.0015,0.0073+/-0.0025,0.0103+/-0.0030,0.0130+/-0.0034,0.015+/-0.004,0.018+/-0.004,0.020+/-0.004,0.022+/-0.004,0.024+/-0.005,0.026+/-0.005,0.028+/-0.005,0.030+/-0.005,0.032+/-0.005,0.034+/-0.005,0.036+/-0.006,0.038+/-0.006,0.041+/-0.006,0.043+/-0.006,0.045+/-0.007,0.047+/-0.007,0.049+/-0.007,0.051+/-0.007,0.053+/-0.008,0.055+/-0.008,0.057+/-0.008,0.059+/-0.008,0.061+/-0.009,0.063+/-0.009,0.065+/-0.009,0.067+/-0.010,0.069+/-0.010,0.071+/-0.010,0.073+/-0.010,0.075+/-0.011,0.077+/-0.011,0.079+/-0.011,0.081+/-0.011,0.083+/-0.012,0.085+/-0.012,0.087+/-0.012,0.089+/-0.013,0.091+/-0.013,0.093+/-0.013,0.095+/-0.013,0.097+/-0.014,0.099+/-0.014,0.101+/-0.014,0.103+/-0.015
Barbados,17487,50402,0.0,0.00033+/-0.00018,0.0008+/-0.0004,0.0013+/-0.0007,0.0058+/-0.0017,0.0069+/-0.0021,0.0090+/-0.0031,0.010+/-0.004,0.011+/-0.004,0.011+/-0.004,0.012+/-0.004,0.012+/-0.005,0.012+/-0.005,0.012+/-0.005,0.012+/-0.005,0.012+/-0.005,0.012+/-0.005,0.012+/-0.005,0.012+/-0.005,0.012+/-0.005,0.012+/-0.005,0.012+/-0.005,0.012+/-0.005,0.012+/-0.005,0.012+/-0.005,0.012+/-0.005,0.012+/-0.005,0.012+/-0.005,0.012+/-0.005,0.012+/-0.005,0.012+/-0.005,0.012+/-0.005,0.012+/-0.005,0.012+/-0.005,0.012+/-0.005,0.012+/-0.005,0.012+/-0.005,0.012+/-0.005,0.012+/-0.005,0.012+/-0.005,0.012+/-0.005,0.012+/-0.005,0.012+/-0.005,0.012+/-0.005,0.012+/-0.005,0.012+/-0.005,0.012+/-0.005,0.012+/-0.005,0.012+/-0.005,0.012+/-0.005,0.012+/-0.005,0.012+/-0.005,0.012+/-0.005
Brunei Darussalam,34110,83793,0.0,0.0007+/-0.0004,0.0016+/-0.0008,0.0026+/-0.0014,0.028+/-0.009,0.030+/-0.009,0.034+/-0.010,0.037+/-0.011,0.038+/-0.012,0.039+/-0.012,0.040+/-0.012,0.041+/-0.013,0.041+/-0.013,0.041+/-0.013,0.041+/-0.013,0.041+/-0.013,0.041+/-0.013,0.041+/-0.013,0.041+/-0.013,0.041+/-0.013,0.041+/-0.013,0.041+/-0.013,0.041+/-0.013,0.041+/-0.013,0.041+/-0.013,0.041+/-0.013,0.041+/-0.013,0.041+/-0.013,0.041+/-0.013,0.041+/-0.013,0.041+/-0.013,0.041+/-0.013,0.041+/-0.013,0.041+/-0.013,0.041+/-0.013,0.041+/-0.013,0.041+/-0.013,0.041+/-0.013,0.041+/-0.013,0.041+/-0.013,0.041+/-0.013,0.041+/-0.013,0.041+/-0.013,0.041+/-0.013,0.041+/-0.013,0.041+/-0.013,0.041+/-0.013,0.041+/-0.013,0.041+/-0.013,0.041+/-0.013,0.041+/-0.013,0.041+/-0.013,0.041+/-0.013
Bhutan,77633,119166,0.0,(5.0+/-2.6)e-05,0.00011+/-0.00006,0.00019+/-0.00010,0.00115+/-0.00034,0.0013+/-0.0004,0.0016+/-0.0005,0.0018+/-0.0006,0.0019+/-0.0006,0.0020+/-0.0007,0.0020+/-0.0007,0.0021+/-0.0007,0.0021+/-0.0007,0.0021+/-0.0007,0.0021+/-0.0007,0.0021+/-0.0007,0.0021+/-0.0007,0.0021+/-0.0007,0.0021+/-0.0007,0.0021+/-0.0007,0.0021+/-0.0007,0.0021+/-0.0007,0.0021+/-0.0007,0.0021+/-0.0007,0.0021+/-0.0007,0.0021+/-0.0007,0.0021+/-0.0007,0.0021+/-0.0007,0.0021+/-0.0007,0.0021+/-0.0007,0.0021+/-0.0007,0.0021+/-0.0007,0.0021+/-0.0007,0.0021+/-0.0007,0.0021+/-0.0007,0.0021+/-0.0007,0.0021+/-0.0007,0.0021+/-0.0007,0.0021+/-0.0007,0.0021+/-0.0007,0.0021+/-0.0007,0.0021+/-0.0007,0.0021+/-0.0007,0.0021+/-0.0007,0.0021+/-0.0007,0.0021+/-0.0007,0.0021+/-0.0007,0.0021+/-0.0007,0.0021+/-0.0007,0.0021+/-0.0007,0.0021+/-0.0007,0.0021+/-0.0007,0.0021+/-0.0007
Botswana,134847,380492,0.0,0.0+/-0,0.0+/-0,0.0+/-0,0.019+/-0.007,0.019+/-0.007,0.019+/-0.007,0.019+/-0.007,0.019+/-0.007,0.019+/-0.007,0.019+/-0.007,0.019+/-0.007,0.019+/-0.007,0.019+/-0.007,0.019+/-0.007,0.019+/-0.007,0.019+/-0.007,0.019+/-0.007,0.019+/-0.007,0.019+/-0.007,0.019+/-0.007,0.019+/-0.007,0.019+/-0.007,0.019+/-0.007,0.019+/-0.007,0.019+/-0.007,0.019+/-0.007,0.019+/-0.007,0.019+/-0.007,0.019+/-0.007,0.019+/-0.007,0.019+/-0.007,0.019+/-0.007,0.019+/-0.007,0.019+/-0.007,0.019+/-0.007,0.019+/-0.007,0.019+/-0.007,0.019+/-0.007,0.019+/-0.007,0.019+/-0.007,0.019+/-0.007,0.019+/-0.007,0.019+/-0.007,0.019+/-0.007,0.019+/-0.007,0.019+/-0.007,0.019+/-0.007,0.019+/-0.007,0.019+/-0.007,0.019+/-0.007,0.019+/-0.007,0.019+/-0.007
Central African Republic,245041,806929,0.0,0.0+/-0,0.0+/-0,0.0+/-0,0.00027+/-0.00009,0.00027+/-0.00009,0.00027+/-0.00009,0.00027+/-0.00009,0.00027+/-0.00009,0.00027+/-0.00009,0.00027+/-0.00009,0.00027+/-0.00009,0.00027+/-0.00009,0.00027+/-0.00009,0.00027+/-0.00009,0.00027+/-0.00009,0.00027+/-0.00009,0.00027+/-0.00009,0.00027+/-0.00009,0.00027+/-0.00009,0.00027+/-0.00009,0.00027+/-0.00009,0.00027+/-0.00009,0.00027+/-0.00009,0.00027+/-0.00009,0.00027+/-0.00009,0.00027+/-0.00009,0.00027+/-0.00009,0.00027+/-0.00009,0.00027+/-0.00009,0.00027+/-0.00009,0.00027+/-0.00009,0.00027+/-0.00009,0.00027+/-0.00009,0.00027+/-0.00009,0.00027+/-0.00009,0.00027+/-0.00009,0.00027+/-0.00009,0.00027+/-0.00009,0.00027+/-0.00009,0.00027+/-0.00009,0.00027+/-0.00009,0.00027+/-0.00009,0.00027+/-0.00009,0.00027+/-0.00009,0.00027+/-0.00009,0.00027+/-0.00009,0.00027+/-0.00009,0.00027+/-0.00009,0.00027+/-0.00009,0.00027+/-0.00009,0.00027+/-0.00009,0.00027+/-0.00009
Canada,3141367,6925621,0.0,0.0007+/-0.0004,0.0078+/-0.0013,0.0151+/-0.0023,0.026+/-0.004,0.035+/-0.005,0.046+/-0.008,0.054+/-0.009,0.062+/-0.011,0.070+/-0.012,0.077+/-0.013,0.084+/-0.013,0.090+/-0.014,0.096+/-0.015,0.102+/-0.015,0.108+/-0.016,0.114+/-0.017,0.120+/-0.018,0.127+/-0.018,0.133+/-0.019,0.139+/-0.020,0.145+/-0.021,0.151+/-0.021,0.157+/-0.022,0.164+/-0.023,0.170+/-0.024,0.176+/-0.025,0.182+/-0.026,0.188+/-0.026,0.194+/-0.027,0.200+/-0.028,0.207+/-0.029,0.213+/-0.030,0.219+/-0.031,0.225+/-0.031,0.231+/-0.032,0.237+/-0.033,0.243+/-0.034,0.250+/-0.035,0.26+/-0.04,0.26+/-0.04,0.27+/-0.04,0.27+/-0.04,0.28+/-0.04,0.29+/-0.04,0.29+/-0.04,0.30+/-0.04,0.31+/-0.04,0.31+/-0.04,0.32+/-0.04,0.32+/-0.05,0.33+/-0.05,0.34+/-0.05
Switzerland,742393,1527430,0.0,0.0191+/-0.0029,0.039+/-0.006,0.060+/-0.010,0.083+/-0.014,0.110+/-0.020,0.148+/-0.031,0.17+/-0.04,0.20+/-0.04,0.22+/-0.05,0.24+/-0.05,0.26+/-0.05,0.27+/-0.05,0.29+/-0.05,0.30+/-0.05,0.32+/-0.06,0.34+/-0.06,0.35+/-0.06,0.37+/-0.06,0.38+/-0.06,0.40+/-0.06,0.41+/-0.07,0.43+/-0.07,0.45+/-0.07,0.46+/-0.07,0.48+/-0.07,0.49+/-0.07,0.51+/-0.08,0.52+/-0.08,0.54+/-0.08,0.56+/-0.08,0.57+/-0.08,0.59+/-0.09,0.60+/-0.09,0.62+/-0.09,0.63+/-0.09,0.65+/-0.09,0.67+/-0.10,0.68+/-0.10,0.70+/-0.10,0.71+/-0.10,0.73+/-0.10,0.74+/-0.11,0.76+/-0.11,0.77+/-0.11,0.79+/-0.11,0.81+/-0.12,0.82+/-0.12,0.84+/-0.12,0.85+/-0.12,0.87+/-0.12,0.88+/-0.13,0.90+/-0.13
Chile,1401657,3662692,0.0,0.00033+/-0.00018,0.0008+/-0.0004,0.0013+/-0.0007,0.011+/-0.004,0.012+/-0.004,0.014+/-0.004,0.018+/-0.005,0.020+/-0.005,0.023+/-0.005,0.025+/-0.006,0.027+/-0.006,0.029+/-0.006,0.031+/-0.006,0.033+/-0.006,0.035+/-0.006,0.037+/-0.006,0.039+/-0.006,0.041+/-0.007,0.043+/-0.007,0.045+/-0.007,0.047+/-0.007,0.049+/-0.007,0.051+/-0.007,0.053+/-0.008,0.055+/-0.008,0.057+/-0.008,0.059+/-0.008,0.061+/-0.009,0.063+/-0.009,0.065+/-0.009,0.067+/-0.009,0.069+/-0.009,0.071+/-0.010,0.073+/-0.010,0.075+/-0.010,0.077+/-0.010,0.079+/-0.011,0.081+/-0.011,0.083+/-0.011,0.085+/-0.011,0.087+/-0.012,0.089+/-0.012,0.091+/-0.012,0.093+/-0.012,0.095+/-0.013,0.097+/-0.013,0.099+/-0.013,0.101+/-0.014,0.103+/-0.014,0.105+/-0.014,0.107+/-0.014,0.109+/-0.015
China,118172208,283882634,0.0,0.0046+/-0.0007,0.033+/-0.005,0.039+/-0.006,0.079+/-0.014,0.086+/-0.015,0.095+/-0.016,0.103+/-0.016,0.110+/-0.017,0.116+/-0.018,0.123+/-0.018,0.129+/-0.019,0.135+/-0.020,0.140+/-0.020,0.146+/-0.021,0.152+/-0.021,0.157+/-0.022,0.163+/-0.023,0.169+/-0.023,0.174+/-0.024,0.180+/-0.024,0.186+/-0.025,0.191+/-0.026,0.197+/-0.026,0.203+/-0.027,0.208+/-0.028,0.214+/-0.029,0.220+/-0.029,0.226+/-0.030,0.231+/-0.031,0.237+/-0.032,0.243+/-0.032,0.248+/-0.033,0.254+/-0.034,0.260+/-0.034,0.265+/-0.035,0.27+/-0.04,0.28+/-0.04,0.28+/-0.04,0.29+/-0.04,0.29+/-0.04,0.30+/-0.04,0.31+/-0.04,0.31+/-0.04,0.32+/-0.04,0.32+/-0.04,0.33+/-0.04,0.33+/-0.04,0.34+/-0.05,0.34+/-0.05,0.35+/-0.05,0.36+/-0.05,0.36+/-0.05
Cote d'Ivoire,2365948,5430101,0.0,0.0+/-0,0.0+/-0,0.0+/-0,(2.8+/-1.0)e-05,(2.8+/-1.0)e-05,(2.8+/-1.0)e-05,(2.8+/-1.0)e-05,(2.8+/-1.0)e-05,(2.8+/-1.0)e-05,(2.8+/-1.0)e-05,(2.8+/-1.0)e-05,(2.8+/-1.0)e-05,(2.8+/-1.0)e-05,(2.8+/-1.0)e-05,(2.8+/-1.0)e-05,(2.8+/-1.0)e-05,(2.8+/-1.0)e-05,(2.8+/-1.0)e-05,(2.8+/-1.0)e-05,(2.8+/-1.0)e-05,(2.8+/-1.0)e-05,(2.8+/-1.0)e-05,(2.8+/-1.0)e-05,(2.8+/-1.0)e-05,(2.8+/-1.0)e-05,(2.8+/-1.0)e-05,(2.8+/-1.0)e-05,(2.8+/-1.0)e-05,(2.8+/-1.0)e-05,(2.8+/-1.0)e-05,(2.8+/-1.0)e-05,(2.8+/-1.0)e-05,(2.8+/-1.0)e-05,(2.8+/-1.0)e-05,(2.8+/-1.0)e-05,(2.8+/-1.0)e-05,(2.8+/-1.0)e-05,(2.8+/-1.0)e-05,(2.8+/-1.0)e-05,(2.8+/-1.0)e-05,(2.8+/-1.0)e-05,(2.8+/-1.0)e-05,(2.8+/-1.0)e-05,(2.8+/-1.0)e-05,(2.8+/-1.0)e-05,(2.8+/-1.0)e-05,(2.8+/-1.0)e-05,(2.8+/-1.0)e-05,(2.8+/-1.0)e-05,(2.8+/-1.0)e-05,(2.8+/-1.0)e-05,(2.8+/-1.0)e-05
Cameroon,646375,1664250,0.0,0.0+/-0,0.0+/-0,0.0+/-0,0.00010+/-0.00004,0.00010+/-0.00004,0.00010+/-0.00004,0.00010+/-0.00004,0.00010+/-0.00004,0.00010+/-0.00004,0.00010+/-0.00004,0.00010+/-0.00004,0.00010+/-0.00004,0.00010+/-0.00004,0.00010+/-0.00004,0.00010+/-0.00004,0.00010+/-0.00004,0.00010+/-0.00004,0.00010+/-0.00004,0.00010+/-0.00004,0.00010+/-0.00004,0.00010+/-0.00004,0.00010+/-0.00004,0.00010+/-0.00004,0.00010+/-0.00004,0.00010+/-0.00004,0.00010+/-0.00004,0.00010+/-0.00004,0.00010+/-0.00004,0.00010+/-0.00004,0.00010+/-0.00004,0.00010+/-0.00004,0.00010+/-0.00004,0.00010+/-0.00004,0.00010+/-0.00004,0.00010+/-0.00004,0.00010+/-0.00004,0.00010+/-0.00004,0.00010+/-0.00004,0.00010+/-0.00004,0.00010+/-0.00004,0.00010+/-0.00004,0.00010+/-0.00004,0.00010+/-0.00004,0.00010+/-0.00004,0.00010+/-0.00004,0.00010+/-0.00004,0.00010+/-0.00004,0.00010+/-0.00004,0.00010+/-0.00004,0.00010+/-0.00004,0.00010+/-0.00004,0.00010+/-0.00004
DR Congo,6210203,9446038,0.0,0.0+/-0,0.0+/-0,0.0+/-0,(1.1+/-0.4)e-05,(1.1+/-0.4)e-05,(1.1+/-0.4)e-05,(1.1+/-0.4)e-05,(1.1+/-0.4)e-05,(1.1+/-0.4)e-05,(1.1+/-0.4)e-05,(1.1+/-0.4)e-05,(1.1+/-0.4)e-05,(1.1+/-0.4)e-05,(1.1+/-0.4)e-05,(1.1+/-0.4)e-05,(1.1+/-0.4)e-05,(1.1+/-0.4)e-05,(1.1+/-0.4)e-05,(1.1+/-0.4)e-05,(1.1+/-0.4)e-05,(1.1+/-0.4)e-05,(1.1+/-0.4)e-05,(1.1+/-0.4)e-05,(1.1+/-0.4)e-05,(1.1+/-0.4)e-05,(1.1+/-0.4)e-05,(1.1+/-0.4)e-05,(1.1+/-0.4)e-05,(1.1+/-0.4)e-05,(1.1+/-0.4)e-05,(1.1+/-0.4)e-05,(1.1+/-0.4)e-05,(1.1+/-0.4)e-05,(1.1+/-0.4)e-05,(1.1+/-0.4)e-05,(1.1+/-0.4)e-05,(1.1+/-0.4)e-05,(1.1+/-0.4)e-05,(1.1+/-0.4)e-05,(1.1+/-0.4)e-05,(1.1+/-0.4)e-05,(1.1+/-0.4)e-05,(1.1+/-0.4)e-05,(1.1+/-0.4)e-05,(1.1+/-0.4)e-05,(1.1+/-0.4)e-05,(1.1+/-0.4)e-05,(1.1+/-0.4)e-05,(1.1+/-0.4)e-05,(1.1+/-0.4)e-05,(1.1+/-0.4)e-05,(1.1+/-0.4)e-05
Congo Republic,149073,383827,0.0,0.0+/-0,0.0+/-0,0.0+/-0,0.00044+/-0.00016,0.00044+/-0.00016,0.00044+/-0.00016,0.00044+/-0.00016,0.00044+/-0.00016,0.00044+/-0.00016,0.00044+/-0.00016,0.00044+/-0.00016,0.00044+/-0.00016,0.00044+/-0.00016,0.00044+/-0.00016,0.00044+/-0.00016,0.00044+/-0.00016,0.00044+/-0.00016,0.00044+/-0.00016,0.00044+/-0.00016,0.00044+/-0.00016,0.00044+/-0.00016,0.00044+/-0.00016,0.00044+/-0.00016,0.00044+/-0.00016,0.00044+/-0.00016,0.00044+/-0.00016,0.00044+/-0.00016,0.00044+/-0.00016,0.00044+/-0.00016,0.00044+/-0.00016,0.00044+/-0.00016,0.00044+/-0.00016,0.00044+/-0.00016,0.00044+/-0.00016,0.00044+/-0.00016,0.00044+/-0.00016,0.00044+/-0.00016,0.00044+/-0.00016,0.00044+/-0.00016,0.00044+/-0.00016,0.00044+/-0.00016,0.00044+/-0.00016,0.00044+/-0.00016,0.00044+/-0.00016,0.00044+/-0.00016,0.00044+/-0.00016,0.00044+/-0.00016,0.00044+/-0.00016,0.00044+/-0.00016,0.00044+/-0.00016,0.00044+/-0.00016,0.00044+/-0.00016
Colombia,3394685,9721375,0.0,0.00018+/-0.00009,0.00040+/-0.00021,0.00067+/-0.00035,0.0027+/-0.0008,0.0033+/-0.0011,0.0044+/-0.0016,0.0061+/-0.0019,0.0075+/-0.0021,0.0089+/-0.0023,0.0102+/-0.0024,0.0114+/-0.0025,0.0125+/-0.0026,0.0135+/-0.0027,0.0146+/-0.0027,0.0156+/-0.0028,0.0167+/-0.0029,0.0178+/-0.0030,0.0188+/-0.0031,0.0199+/-0.0032,0.0210+/-0.0033,0.0220+/-0.0034,0.0231+/-0.0035,0.024+/-0.004,0.025+/-0.004,0.026+/-0.004,0.027+/-0.004,0.028+/-0.004,0.029+/-0.004,0.031+/-0.004,0.032+/-0.004,0.033+/-0.005,0.034+/-0.005,0.035+/-0.005,0.036+/-0.005,0.037+/-0.005,0.038+/-0.005,0.039+/-0.005,0.040+/-0.006,0.041+/-0.006,0.042+/-0.006,0.043+/-0.006,0.044+/-0.006,0.045+/-0.006,0.046+/-0.006,0.047+/-0.007,0.049+/-0.007,0.050+/-0.007,0.051+/-0.007,0.052+/-0.007,0.053+/-0.007,0.054+/-0.007,0.055+/-0.008
Comoros,39222,86672,0.0,0.0+/-0,0.0+/-0,0.0+/-0,0.0017+/-0.0006,0.0017+/-0.0006,0.0017+/-0.0006,0.0017+/-0.0006,0.0017+/-0.0006,0.0017+/-0.0006,0.0017+/-0.0006,0.0017+/-0.0006,0.0017+/-0.0006,0.0017+/-0.0006,0.0017+/-0.0006,0.0017+/-0.0006,0.0017+/-0.0006,0.0017+/-0.0006,0.0017+/-0.0006,0.0017+/-0.0006,0.0017+/-0.0006,0.0017+/-0.0006,0.0017+/-0.0006,0.0017+/-0.0006,0.0017+/-0.0006,0.0017+/-0.0006,0.0017+/-0.0006,0.0017+/-0.0006,0.0017+/-0.0006,0.0017+/-0.0006,0.0017+/-0.0006,0.0017+/-0.0006,0.0017+/-0.0006,0.0017+/-0.0006,0.0017+/-0.0006,0.0017+/-0.0006,0.0017+/-0.0006,0.0017+/-0.0006,0.0017+/-0.0006,0.0017+/-0.0006,0.0017+/-0.0006,0.0017+/-0.0006,0.0017+/-0.0006,0.0017+/-0.0006,0.0017+/-0.0006,0.0017+/-0.0006,0.0017+/-0.0006,0.0017+/-0.0006,0.0017+/-0.0006,0.0017+/-0.0006,0.0017+/-0.0006,0.0017+/-0.0006,0.0017+/-0.0006
Cabo Verde,30303,81767,0.0,0.0+/-0,0.0+/-0,0.0+/-0,0.0022+/-0.0008,0.0022+/-0.0008,0.0022+/-0.0008,0.0022+/-0.0008,0.0022+/-0.0008,0.0022+/-0.0008,0.0022+/-0.0008,0.0022+/-0.0008,0.0022+/-0.0008,0.0022+/-0.0008,0.0022+/-0.0008,0.0022+/-0.0008,0.0022+/-0.0008,0.0022+/-0.0008,0.0022+/-0.0008,0.0022+/-0.0008,0.0022+/-0.0008,0.0022+/-0.0008,0.0022+/-0.0008,0.0022+/-0.0008,0.0022+/-0.0008,0.0022+/-0.0008,0.0022+/-0.0008,0.0022+/-0.0008,0.0022+/-0.0008,0.0022+/-0.0008,0.0022+/-0.0008,0.0022+/-0.0008,0.0022+/-0.0008,0.0022+/-0.0008,0.0022+/-0.0008,0.0022+/-0.0008,0.0022+/-0.0008,0.0022+/-0.0008,0.0022+/-0.0008,0.0022+/-0.0008,0.0022+/-0.0008,0.0022+/-0.0008,0.0022+/-0.0008,0.0022+/-0.0008,0.0022+/-0.0008,0.0022+/-0.0008,0.0022+/-0.0008,0.0022+/-0.0008,0.0022+/-0.0008,0.0022+/-0.0008,0.0022+/-0.0008,0.0022+/-0.0008,0.0022+/-0.0008
Costa Rica,298773,827494,0.0,0.00061+/-0.00032,0.0014+/-0.0007,0.0023+/-0.0012,0.0039+/-0.0019,0.0058+/-0.0030,0.010+/-0.005,0.016+/-0.006,0.021+/-0.007,0.025+/-0.007,0.030+/-0.008,0.034+/-0.008,0.038+/-0.009,0.042+/-0.009,0.046+/-0.009,0.049+/-0.009,0.053+/-0.010,0.057+/-0.010,0.061+/-0.010,0.065+/-0.011,0.068+/-0.011,0.072+/-0.012,0.076+/-0.012,0.080+/-0.012,0.084+/-0.013,0.087+/-0.013,0.091+/-0.014,0.095+/-0.014,0.099+/-0.015,0.102+/-0.015,0.106+/-0.016,0.110+/-0.016,0.114+/-0.017,0.118+/-0.017,0.121+/-0.018,0.125+/-0.018,0.129+/-0.019,0.133+/-0.019,0.137+/-0.020,0.140+/-0.020,0.144+/-0.021,0.148+/-0.021,0.152+/-0.022,0.155+/-0.022,0.159+/-0.023,0.163+/-0.023,0.167+/-0.024,0.171+/-0.024,0.174+/-0.025,0.178+/-0.025,0.182+/-0.026,0.186+/-0.026,0.190+/-0.027
Cuba,457372,1492773,0.0,0.0024+/-0.0004,0.0050+/-0.0008,0.0076+/-0.0012,0.0107+/-0.0018,0.0141+/-0.0025,0.019+/-0.004,0.022+/-0.005,0.025+/-0.005,0.028+/-0.006,0.030+/-0.006,0.033+/-0.006,0.035+/-0.007,0.037+/-0.007,0.039+/-0.007,0.041+/-0.007,0.043+/-0.007,0.045+/-0.008,0.047+/-0.008,0.049+/-0.008,0.051+/-0.008,0.053+/-0.008,0.055+/-0.009,0.057+/-0.009,0.059+/-0.009,0.061+/-0.009,0.063+/-0.009,0.065+/-0.010,0.067+/-0.010,0.069+/-0.010,0.071+/-0.010,0.073+/-0.011,0.075+/-0.011,0.077+/-0.011,0.079+/-0.011,0.081+/-0.012,0.083+/-0.012,0.085+/-0.012,0.087+/-0.013,0.089+/-0.013,0.091+/-0.013,0.093+/-0.013,0.095+/-0.014,0.097+/-0.014,0.099+/-0.014,0.101+/-0.014,0.103+/-0.015,0.105+/-0.015,0.107+/-0.015,0.109+/-0.016,0.111+/-0.016,0.113+/-0.016,0.115+/-0.016
Curacao,10033,24761,0.0,0.0+/-0,0.0+/-0,0.0+/-0,0.0066+/-0.0023,0.0066+/-0.0023,0.0066+/-0.0023,0.0066+/-0.0023,0.0066+/-0.0023,0.0066+/-0.0023,0.0066+/-0.0023,0.0066+/-0.0023,0.0066+/-0.0023,0.0066+/-0.0023,0.0066+/-0.0023,0.0066+/-0.0023,0.0066+/-0.0023,0.0066+/-0.0023,0.0066+/-0.0023,0.0066+/-0.0023,0.0066+/-0.0023,0.0066+/-0.0023,0.0066+/-0.0023,0.0066+/-0.0023,0.0066+/-0.0023,0.0066+/-0.0023,0.0066+/-0.0023,0.0066+/-0.0023,0.0066+/-0.0023,0.0066+/-0.0023,0.0066+/-0.0023,0.0066+/-0.0023,0.0066+/-0.0023,0.0066+/-0.0023,0.0066+/-0.0023,0.0066+/-0.0023,0.0066+/-0.0023,0.0066+/-0.0023,0.0066+/-0.0023,0.0066+/-0.0023,0.0066+/-0.0023,0.0066+/-0.0023,0.0066+/-0.0023,0.0066+/-0.0023,0.0066+/-0.0023,0.0066+/-0.0023,0.0066+/-0.0023,0.0066+/-0.0023,0.0066+/-0.0023,0.0066+/-0.0023,0.0066+/-0.0023,0.0066+/-0.0023,0.0066+/-0.0023
Cayman Islands,8477,20919,0.0,0.0+/-0,0.0+/-0,0.0+/-0,0.0078+/-0.0027,0.0078+/-0.0027,0.0078+/-0.0027,0.0078+/-0.0027,0.0078+/-0.0027,0.0078+/-0.0027,0.0078+/-0.0027,0.0078+/-0.0027,0.0078+/-0.0027,0.0078+/-0.0027,0.0078+/-0.0027,0.0078+/-0.0027,0.0078+/-0.0027,0.0078+/-0.0027,0.0078+/-0.0027,0.0078+/-0.0027,0.0078+/-0.0027,0.0078+/-0.0027,0.0078+/-0.0027,0.0078+/-0.0027,0.0078+/-0.0027,0.0078+/-0.0027,0.0078+/-0.0027,0.0078+/-0.0027,0.0078+/-0.0027,0.0078+/-0.0027,0.0078+/-0.0027,0.0078+/-0.0027,0.0078+/-0.0027,0.0078+/-0.0027,0.0078+/-0.0027,0.0078+/-0.0027,0.0078+/-0.0027,0.0078+/-0.0027,0.0078+/-0.0027,0.0078+/-0.0027,0.0078+/-0.0027,0.0078+/-0.0027,0.0078+/-0.0027,0.0078+/-0.0027,0.0078+/-0.0027,0.0078+/-0.0027,0.0078+/-0.0027,0.0078+/-0.0027,0.0078+/-0.0027,0.0078+/-0.0027,0.0078+/-0.0027,0.0078+/-0.0027,0.0078+/-0.0027
Cyprus,87737,243898,0.0,0.00027+/-0.00014,0.00060+/-0.00031,0.0010+/-0.0005,0.0023+/-0.0009,0.0032+/-0.0013,0.0049+/-0.0022,0.0058+/-0.0027,0.0064+/-0.0030,0.0068+/-0.0032,0.0071+/-0.0034,0.0074+/-0.0035,0.0074+/-0.0035,0.0074+/-0.0035,0.0074+/-0.0035,0.0074+/-0.0035,0.0074+/-0.0035,0.0074+/-0.0035,0.0074+/-0.0035,0.0074+/-0.0035,0.0074+/-0.0035,0.0074+/-0.0035,0.0074+/-0.0035,0.0074+/-0.0035,0.0074+/-0.0035,0.0074+/-0.0035,0.0074+/-0.0035,0.0074+/-0.0035,0.0074+/-0.0035,0.0074+/-0.0035,0.0074+/-0.0035,0.0074+/-0.0035,0.0074+/-0.0035,0.0074+/-0.0035,0.0074+/-0.0035,0.0074+/-0.0035,0.0074+/-0.0035,0.0074+/-0.0035,0.0074+/-0.0035,0.0074+/-0.0035,0.0074+/-0.0035,0.0074+/-0.0035,0.0074+/-0.0035,0.0074+/-0.0035,0.0074+/-0.0035,0.0074+/-0.0035,0.0074+/-0.0035,0.0074+/-0.0035,0.0074+/-0.0035,0.0074+/-0.0035,0.0074+/-0.0035,0.0074+/-0.0035,0.0074+/-0.0035
Czechia,944870,1823115,0.0,0.0011+/-0.0006,0.0025+/-0.0013,0.0041+/-0.0022,0.039+/-0.010,0.051+/-0.011,0.067+/-0.013,0.079+/-0.015,0.090+/-0.016,0.100+/-0.018,0.109+/-0.019,0.119+/-0.020,0.127+/-0.020,0.136+/-0.021,0.144+/-0.022,0.153+/-0.023,0.161+/-0.023,0.169+/-0.024,0.178+/-0.025,0.186+/-0.026,0.195+/-0.027,0.203+/-0.028,0.211+/-0.029,0.220+/-0.030,0.228+/-0.031,0.237+/-0.032,0.245+/-0.033,0.253+/-0.034,0.262+/-0.035,0.27+/-0.04,0.28+/-0.04,0.29+/-0.04,0.30+/-0.04,0.30+/-0.04,0.31+/-0.04,0.32+/-0.04,0.33+/-0.04,0.34+/-0.05,0.35+/-0.05,0.35+/-0.05,0.36+/-0.05,0.37+/-0.05,0.38+/-0.05,0.39+/-0.05,0.40+/-0.05,0.40+/-0.05,0.41+/-0.06,0.42+/-0.06,0.43+/-0.06,0.44+/-0.06,0.45+/-0.06,0.46+/-0.06,0.46+/-0.06
Germany,6836857,13817702,0.0,0.0143+/-0.0021,0.104+/-0.016,0.121+/-0.018,0.155+/-0.022,0.177+/-0.025,0.206+/-0.030,0.230+/-0.033,0.25+/-0.04,0.27+/-0.04,0.29+/-0.04,0.31+/-0.05,0.33+/-0.05,0.35+/-0.05,0.37+/-0.05,0.38+/-0.05,0.40+/-0.06,0.42+/-0.06,0.44+/-0.06,0.45+/-0.06,0.47+/-0.07,0.49+/-0.07,0.51+/-0.07,0.52+/-0.07,0.54+/-0.08,0.56+/-0.08,0.58+/-0.08,0.60+/-0.08,0.61+/-0.09,0.63+/-0.09,0.65+/-0.09,0.67+/-0.09,0.68+/-0.10,0.70+/-0.10,0.72+/-0.10,0.74+/-0.10,0.75+/-0.11,0.77+/-0.11,0.79+/-0.11,0.81+/-0.11,0.83+/-0.12,0.84+/-0.12,0.86+/-0.12,0.88+/-0.12,0.90+/-0.13,0.91+/-0.13,0.93+/-0.13,0.95+/-0.13,0.97+/-0.14,0.98+/-0.14,1.00+/-0.14,1.02+/-0.14,1.04+/-0.15
Djibouti,30487,76121,0.0,0.0+/-0,0.0+/-0,0.0+/-0,0.0022+/-0.0008,0.0022+/-0.0008,0.0022+/-0.0008,0.0022+/-0.0008,0.0022+/-0.0008,0.0022+/-0.0008,0.0022+/-0.0008,0.0022+/-0.0008,0.0022+/-0.0008,0.0022+/-0.0008,0.0022+/-0.0008,0.0022+/-0.0008,0.0022+/-0.0008,0.0022+/-0.0008,0.0022+/-0.0008,0.0022+/-0.0008,0.0022+/-0.0008,0.0022+/-0.0008,0.0022+/-0.0008,0.0022+/-0.0008,0.0022+/-0.0008,0.0022+/-0.0008,0.0022+/-0.0008,0.0022+/-0.0008,0.0022+/-0.0008,0.0022+/-0.0008,0.0022+/-0.0008,0.0022+/-0.0008,0.0022+/-0.0008,0.0022+/-0.0008,0.0022+/-0.0008,0.0022+/-0.0008,0.0022+/-0.0008,0.0022+/-0.0008,0.0022+/-0.0008,0.0022+/-0.0008,0.0022+/-0.0008,0.0022+/-0.0008,0.0022+/-0.0008,0.0022+/-0.0008,0.0022+/-0.0008,0.0022+/-0.0008,0.0022+/-0.0008,0.0022+/-0.0008,0.0022+/-0.0008,0.0022+/-0.0008,0.0022+/-0.0008,0.0022+/-0.0008,0.0022+/-0.0008
Dominica,4958,8085,0.0,(5.8+/-3.0)e-05,0.00013+/-0.00007,0.00022+/-0.00011,0.014+/-0.005,0.014+/-0.005,0.014+/-0.005,0.014+/-0.005,0.015+/-0.005,0.015+/-0.005,0.015+/-0.005,0.015+/-0.005,0.015+/-0.005,0.015+/-0.005,0.015+/-0.005,0.015+/-0.005,0.015+/-0.005,0.015+/-0.005,0.015+/-0.005,0.015+/-0.005,0.015+/-0.005,0.015+/-0.005,0.015+/-0.005,0.015+/-0.005,0.015+/-0.005,0.015+/-0.005,0.015+/-0.005,0.015+/-0.005,0.015+/-0.005,0.015+/-0.005,0.015+/-0.005,0.015+/-0.005,0.015+/-0.005,0.015+/-0.005,0.015+/-0.005,0.015+/-0.005,0.015+/-0.005,0.015+/-0.005,0.015+/-0.005,0.015+/-0.005,0.015+/-0.005,0.015+/-0.005,0.015+/-0.005,0.015+/-0.005,0.015+/-0.005,0.015+/-0.005,0.015+/-0.005,0.015+/-0.005,0.015+/-0.005,0.015+/-0.005,0.015+/-0.005,0.015+/-0.005,0.015+/-0.005
Denmark,475469,1033883,0.0,0.0021+/-0.0011,0.0047+/-0.0025,0.008+/-0.004,0.031+/-0.007,0.053+/-0.011,0.082+/-0.019,0.104+/-0.023,0.124+/-0.026,0.143+/-0.029,0.161+/-0.031,0.178+/-0.033,0.194+/-0.034,0.21+/-0.04,0.22+/-0.04,0.24+/-0.04,0.25+/-0.04,0.27+/-0.04,0.29+/-0.04,0.30+/-0.05,0.32+/-0.05,0.33+/-0.05,0.35+/-0.05,0.36+/-0.05,0.38+/-0.05,0.39+/-0.06,0.41+/-0.06,0.42+/-0.06,0.44+/-0.06,0.45+/-0.06,0.47+/-0.07,0.48+/-0.07,0.50+/-0.07,0.52+/-0.07,0.53+/-0.08,0.55+/-0.08,0.56+/-0.08,0.58+/-0.08,0.59+/-0.08,0.61+/-0.09,0.62+/-0.09,0.64+/-0.09,0.65+/-0.09,0.67+/-0.09,0.68+/-0.10,0.70+/-0.10,0.71+/-0.10,0.73+/-0.10,0.74+/-0.11,0.76+/-0.11,0.78+/-0.11,0.79+/-0.11,0.81+/-0.11
Dominican Republic,509133,1661708,0.0,0.0032+/-0.0005,0.0065+/-0.0010,0.0100+/-0.0016,0.0209+/-0.0035,0.025+/-0.004,0.031+/-0.006,0.036+/-0.007,0.040+/-0.007,0.043+/-0.008,0.046+/-0.008,0.050+/-0.009,0.052+/-0.009,0.055+/-0.009,0.058+/-0.009,0.060+/-0.009,0.063+/-0.010,0.066+/-0.010,0.068+/-0.010,0.071+/-0.011,0.074+/-0.011,0.076+/-0.011,0.079+/-0.011,0.082+/-0.012,0.084+/-0.012,0.087+/-0.012,0.089+/-0.013,0.092+/-0.013,0.095+/-0.013,0.097+/-0.014,0.100+/-0.014,0.103+/-0.014,0.105+/-0.015,0.108+/-0.015,0.111+/-0.015,0.113+/-0.016,0.116+/-0.016,0.119+/-0.016,0.121+/-0.017,0.124+/-0.017,0.127+/-0.017,0.129+/-0.018,0.132+/-0.018,0.135+/-0.018,0.137+/-0.019,0.140+/-0.019,0.143+/-0.019,0.145+/-0.020,0.148+/-0.020,0.151+/-0.021,0.153+/-0.021,0.156+/-0.021,0.159+/-0.022
Algeria,2251864,4878818,0.0,0.00015+/-0.00008,0.00034+/-0.00018,0.00057+/-0.00030,0.0009+/-0.0005,0.0014+/-0.0007,0.0024+/-0.0013,0.0029+/-0.0015,0.0041+/-0.0017,0.0052+/-0.0018,0.0062+/-0.0019,0.0073+/-0.0020,0.0081+/-0.0021,0.0090+/-0.0021,0.0099+/-0.0022,0.0107+/-0.0022,0.0116+/-0.0023,0.0125+/-0.0024,0.0133+/-0.0024,0.0142+/-0.0025,0.0150+/-0.0026,0.0159+/-0.0027,0.0168+/-0.0028,0.0176+/-0.0028,0.0185+/-0.0029,0.0194+/-0.0030,0.0202+/-0.0031,0.0211+/-0.0032,0.0220+/-0.0033,0.0228+/-0.0034,0.0237+/-0.0035,0.025+/-0.004,0.025+/-0.004,0.026+/-0.004,0.027+/-0.004,0.028+/-0.004,0.029+/-0.004,0.030+/-0.004,0.031+/-0.004,0.031+/-0.005,0.032+/-0.005,0.033+/-0.005,0.034+/-0.005,0.035+/-0.005,0.036+/-0.005,0.037+/-0.005,0.038+/-0.005,0.038+/-0.005,0.039+/-0.006,0.040+/-0.006,0.041+/-0.006,0.042+/-0.006,0.043+/-0.006
Ecuador,1337169,3304848,0.0,0.00103+/-0.00015,0.00210+/-0.00032,0.0032+/-0.0005,0.0045+/-0.0007,0.0059+/-0.0010,0.0078+/-0.0016,0.0092+/-0.0019,0.0105+/-0.0021,0.0116+/-0.0023,0.0127+/-0.0024,0.0137+/-0.0026,0.0146+/-0.0027,0.0154+/-0.0027,0.0163+/-0.0028,0.0172+/-0.0029,0.0180+/-0.0030,0.0189+/-0.0031,0.0198+/-0.0032,0.0206+/-0.0033,0.0215+/-0.0033,0.0223+/-0.0034,0.0232+/-0.0035,0.024+/-0.004,0.025+/-0.004,0.026+/-0.004,0.027+/-0.004,0.028+/-0.004,0.028+/-0.004,0.029+/-0.004,0.030+/-0.004,0.031+/-0.005,0.032+/-0.005,0.033+/-0.005,0.034+/-0.005,0.034+/-0.005,0.035+/-0.005,0.036+/-0.005,0.037+/-0.005,0.038+/-0.005,0.039+/-0.006,0.040+/-0.006,0.041+/-0.006,0.041+/-0.006,0.042+/-0.006,0.043+/-0.006,0.044+/-0.006,0.045+/-0.006,0.046+/-0.006,0.047+/-0.007,0.047+/-0.007,0.048+/-0.007,0.049+/-0.007
Egypt,5119064,12729259,0.0,0.00017+/-0.00009,0.00039+/-0.00020,0.00064+/-0.00034,0.0010+/-0.0005,0.0016+/-0.0008,0.0038+/-0.0014,0.0055+/-0.0017,0.0071+/-0.0020,0.0085+/-0.0022,0.0098+/-0.0023,0.0111+/-0.0025,0.0123+/-0.0025,0.0134+/-0.0026,0.0146+/-0.0027,0.0157+/-0.0028,0.0168+/-0.0029,0.0180+/-0.0030,0.0191+/-0.0031,0.0203+/-0.0033,0.0214+/-0.0034,0.0226+/-0.0035,0.024+/-0.004,0.025+/-0.004,0.026+/-0.004,0.027+/-0.004,0.028+/-0.004,0.029+/-0.004,0.031+/-0.004,0.032+/-0.005,0.033+/-0.005,0.034+/-0.005,0.035+/-0.005,0.036+/-0.005,0.037+/-0.005,0.039+/-0.006,0.040+/-0.006,0.041+/-0.006,0.042+/-0.006,0.043+/-0.006,0.044+/-0.006,0.045+/-0.006,0.047+/-0.007,0.048+/-0.007,0.049+/-0.007,0.050+/-0.007,0.051+/-0.007,0.052+/-0.007,0.053+/-0.008,0.055+/-0.008,0.056+/-0.008,0.057+/-0.008,0.058+/-0.008
Eritrea,194926,516427,0.0,0.0+/-0,0.0+/-0,0.0+/-0,0.00034+/-0.00012,0.00034+/-0.00012,0.00034+/-0.00012,0.00034+/-0.00012,0.00034+/-0.00012,0.00034+/-0.00012,0.00034+/-0.00012,0.00034+/-0.00012,0.00034+/-0.00012,0.00034+/-0.00012,0.00034+/-0.00012,0.00034+/-0.00012,0.00034+/-0.00012,0.00034+/-0.00012,0.00034+/-0.00012,0.00034+/-0.00012,0.00034+/-0.00012,0.00034+/-0.00012,0.00034+/-0.00012,0.00034+/-0.00012,0.00034+/-0.00012,0.00034+/-0.00012,0.00034+/-0.00012,0.00034+/-0.00012,0.00034+/-0.00012,0.00034+/-0.00012,0.00034+/-0.00012,0.00034+/-0.00012,0.00034+/-0.00012,0.00034+/-0.00012,0.00034+/-0.00012,0.00034+/-0.00012,0.00034+/-0.00012,0.00034+/-0.00012,0.00034+/-0.00012,0.00034+/-0.00012,0.00034+/-0.00012,0.00034+/-0.00012,0.00034+/-0.00012,0.00034+/-0.00012,0.00034+/-0.00012,0.00034+/-0.00012,0.00034+/-0.00012,0.00034+/-0.00012,0.00034+/-0.00012,0.00034+/-0.00012,0.00034+/-0.00012,0.00034+/-0.00012,0.00034+/-0.00012
Spain,3384171,8415960,0.0,0.0008+/-0.0004,0.0018+/-0.0009,0.0030+/-0.0016,0.0069+/-0.0026,0.009+/-0.004,0.020+/-0.007,0.028+/-0.008,0.035+/-0.009,0.042+/-0.010,0.048+/-0.011,0.054+/-0.012,0.059+/-0.012,0.065+/-0.012,0.070+/-0.013,0.075+/-0.013,0.081+/-0.014,0.086+/-0.014,0.091+/-0.015,0.097+/-0.015,0.102+/-0.016,0.107+/-0.016,0.113+/-0.017,0.118+/-0.018,0.123+/-0.018,0.129+/-0.019,0.134+/-0.020,0.139+/-0.020,0.145+/-0.021,0.150+/-0.022,0.155+/-0.022,0.161+/-0.023,0.166+/-0.024,0.171+/-0.024,0.177+/-0.025,0.182+/-0.026,0.187+/-0.027,0.193+/-0.027,0.198+/-0.028,0.203+/-0.029,0.209+/-0.029,0.214+/-0.030,0.219+/-0.031,0.225+/-0.032,0.230+/-0.032,0.235+/-0.033,0.241+/-0.034,0.246+/-0.035,0.251+/-0.035,0.26+/-0.04,0.26+/-0.04,0.27+/-0.04,0.27+/-0.04
Estonia,104460,213497,0.0,0.0008+/-0.0004,0.0017+/-0.0009,0.0028+/-0.0015,0.0051+/-0.0024,0.008+/-0.004,0.012+/-0.006,0.019+/-0.007,0.026+/-0.008,0.031+/-0.009,0.037+/-0.010,0.042+/-0.010,0.046+/-0.011,0.051+/-0.011,0.055+/-0.011,0.060+/-0.011,0.064+/-0.012,0.069+/-0.012,0.073+/-0.013,0.078+/-0.013,0.082+/-0.014,0.087+/-0.014,0.091+/-0.014,0.096+/-0.015,0.100+/-0.015,0.105+/-0.016,0.109+/-0.016,0.114+/-0.017,0.118+/-0.018,0.123+/-0.018,0.127+/-0.019,0.132+/-0.019,0.136+/-0.020,0.141+/-0.020,0.145+/-0.021,0.150+/-0.022,0.154+/-0.022,0.159+/-0.023,0.163+/-0.023,0.168+/-0.024,0.172+/-0.025,0.177+/-0.025,0.181+/-0.026,0.186+/-0.026,0.190+/-0.027,0.195+/-0.028,0.199+/-0.028,0.204+/-0.029,0.208+/-0.029,0.213+/-0.030,0.217+/-0.031,0.222+/-0.031,0.226+/-0.032
Ethiopia,4546899,12568299,0.0,0.0+/-0,0.0+/-0,0.0+/-0,(1.4+/-0.5)e-05,(1.4+/-0.5)e-05,(1.4+/-0.5)e-05,(1.4+/-0.5)e-05,(1.4+/-0.5)e-05,(1.4+/-0.5)e-05,(1.4+/-0.5)e-05,(1.4+/-0.5)e-05,(1.4+/-0.5)e-05,(1.4+/-0.5)e-05,(1.4+/-0.5)e-05,(1.4+/-0.5)e-05,(1.4+/-0.5)e-05,(1.4+/-0.5)e-05,(1.4+/-0.5)e-05,(1.4+/-0.5)e-05,(1.4+/-0.5)e-05,(1.4+/-0.5)e-05,(1.4+/-0.5)e-05,(1.4+/-0.5)e-05,(1.4+/-0.5)e-05,(1.4+/-0.5)e-05,(1.4+/-0.5)e-05,(1.4+/-0.5)e-05,(1.4+/-0.5)e-05,(1.4+/-0.5)e-05,(1.4+/-0.5)e-05,(1.4+/-0.5)e-05,(1.4+/-0.5)e-05,(1.4+/-0.5)e-05,(1.4+/-0.5)e-05,(1.4+/-0.5)e-05,(1.4+/-0.5)e-05,(1.4+/-0.5)e-05,(1.4+/-0.5)e-05,(1.4+/-0.5)e-05,(1.4+/-0.5)e-05,(1.4+/-0.5)e-05,(1.4+/-0.5)e-05,(1.4+/-0.5)e-05,(1.4+/-0.5)e-05,(1.4+/-0.5)e-05,(1.4+/-0.5)e-05,(1.4+/-0.5)e-05,(1.4+/-0.5)e-05,(1.4+/-0.5)e-05,(1.4+/-0.5)e-05,(1.4+/-0.5)e-05,(1.4+/-0.5)e-05
Finland,444260,915307,0.0,0.0015+/-0.0008,0.0035+/-0.0018,0.0058+/-0.0030,0.017+/-0.006,0.032+/-0.008,0.052+/-0.013,0.068+/-0.016,0.082+/-0.018,0.094+/-0.020,0.106+/-0.022,0.118+/-0.023,0.129+/-0.024,0.139+/-0.024,0.149+/-0.025,0.160+/-0.026,0.170+/-0.027,0.180+/-0.028,0.191+/-0.029,0.201+/-0.031,0.211+/-0.032,0.222+/-0.033,0.232+/-0.034,0.242+/-0.035,0.25+/-0.04,0.26+/-0.04,0.27+/-0.04,0.28+/-0.04,0.29+/-0.04,0.30+/-0.04,0.31+/-0.04,0.32+/-0.05,0.34+/-0.05,0.35+/-0.05,0.36+/-0.05,0.37+/-0.05,0.38+/-0.05,0.39+/-0.05,0.40+/-0.06,0.41+/-0.06,0.42+/-0.06,0.43+/-0.06,0.44+/-0.06,0.45+/-0.06,0.46+/-0.06,0.47+/-0.07,0.48+/-0.07,0.49+/-0.07,0.50+/-0.07,0.51+/-0.07,0.52+/-0.07,0.53+/-0.07,0.54+/-0.08
Fiji,55501,123080,0.0,0.00014+/-0.00007,0.00032+/-0.00017,0.00054+/-0.00028,0.0020+/-0.0006,0.0025+/-0.0008,0.0034+/-0.0013,0.0039+/-0.0015,0.0042+/-0.0016,0.0044+/-0.0018,0.0046+/-0.0018,0.0048+/-0.0019,0.0048+/-0.0019,0.0048+/-0.0019,0.0048+/-0.0019,0.0048+/-0.0019,0.0048+/-0.0019,0.0048+/-0.0019,0.0048+/-0.0019,0.0048+/-0.0019,0.0048+/-0.0019,0.0048+/-0.0019,0.0048+/-0.0019,0.0048+/-0.0019,0.0048+/-0.0019,0.0048+/-0.0019,0.0048+/-0.0019,0.0048+/-0.0019,0.0048+/-0.0019,0.0048+/-0.0019,0.0048+/-0.0019,0.0048+/-0.0019,0.0048+/-0.0019,0.0048+/-0.0019,0.0048+/-0.0019,0.0048+/-0.0019,0.0048+/-0.0019,0.0048+/-0.0019,0.0048+/-0.0019,0.0048+/-0.0019,0.0048+/-0.0019,0.0048+/-0.0019,0.0048+/-0.0019,0.0048+/-0.0019,0.0048+/-0.0019,0.0048+/-0.0019,0.0048+/-0.0019,0.0048+/-0.0019,0.0048+/-0.0019,0.0048+/-0.0019,0.0048+/-0.0019,0.0048+/-0.0019,0.0048+/-0.0019
France,4623692,9578986,0.0,0.0075+/-0.0011,0.055+/-0.008,0.064+/-0.010,0.075+/-0.011,0.087+/-0.013,0.102+/-0.015,0.115+/-0.017,0.126+/-0.019,0.137+/-0.021,0.147+/-0.022,0.158+/-0.024,0.167+/-0.025,0.176+/-0.026,0.185+/-0.027,0.195+/-0.028,0.204+/-0.029,0.213+/-0.031,0.223+/-0.032,0.232+/-0.033,0.241+/-0.034,0.25+/-0.04,0.26+/-0.04,0.27+/-0.04,0.28+/-0.04,0.29+/-0.04,0.30+/-0.04,0.31+/-0.04,0.32+/-0.04,0.32+/-0.05,0.33+/-0.05,0.34+/-0.05,0.35+/-0.05,0.36+/-0.05,0.37+/-0.05,0.38+/-0.05,0.39+/-0.06,0.40+/-0.06,0.41+/-0.06,0.42+/-0.06,0.43+/-0.06,0.44+/-0.06,0.44+/-0.06,0.45+/-0.06,0.46+/-0.07,0.47+/-0.07,0.48+/-0.07,0.49+/-0.07,0.50+/-0.07,0.51+/-0.07,0.52+/-0.07,0.53+/-0.08,0.54+/-0.08
Faroe Islands,4281,9471,0.0,0.0+/-0,0.0+/-0,0.0+/-0,0.015+/-0.005,0.015+/-0.005,0.015+/-0.005,0.015+/-0.005,0.015+/-0.005,0.015+/-0.005,0.015+/-0.005,0.015+/-0.005,0.015+/-0.005,0.015+/-0.005,0.015+/-0.005,0.015+/-0.005,0.015+/-0.005,0.015+/-0.005,0.015+/-0.005,0.015+/-0.005,0.015+/-0.005,0.015+/-0.005,0.015+/-0.005,0.015+/-0.005,0.015+/-0.005,0.015+/-0.005,0.015+/-0.005,0.015+/-0.005,0.015+/-0.005,0.015+/-0.005,0.015+/-0.005,0.015+/-0.005,0.015+/-0.005,0.015+/-0.005,0.015+/-0.005,0.015+/-0.005,0.015+/-0.005,0.015+/-0.005,0.015+/-0.005,0.015+/-0.005,0.015+/-0.005,0.015+/-0.005,0.015+/-0.005,0.015+/-0.005,0.015+/-0.005,0.015+/-0.005,0.015+/-0.005,0.015+/-0.005,0.015+/-0.005,0.015+/-0.005,0.015+/-0.005,0.015+/-0.005,0.015+/-0.005
"Micronesia, Fed. Sts.",1907,5041,0.0,0.0+/-0,0.0+/-0,0.0+/-0,0.035+/-0.012,0.035+/-0.012,0.035+/-0.012,0.035+/-0.012,0.035+/-0.012,0.035+/-0.012,0.035+/-0.012,0.035+/-0.012,0.035+/-0.012,0.035+/-0.012,0.035+/-0.012,0.035+/-0.012,0.035+/-0.012,0.035+/-0.012,0.035+/-0.012,0.035+/-0.012,0.035+/-0.012,0.035+/-0.012,0.035+/-0.012,0.035+/-0.012,0.035+/-0.012,0.035+/-0.012,0.035+/-0.012,0.035+/-0.012,0.035+/-0.012,0.035+/-0.012,0.035+/-0.012,0.035+/-0.012,0.035+/-0.012,0.035+/-0.012,0.035+/-0.012,0.035+/-0.012,0.035+/-0.012,0.035+/-0.012,0.035+/-0.012,0.035+/-0.012,0.035+/-0.012,0.035+/-0.012,0.035+/-0.012,0.035+/-0.012,0.035+/-0.012,0.035+/-0.012,0.035+/-0.012,0.035+/-0.012,0.035+/-0.012,0.035+/-0.012,0.035+/-0.012,0.035+/-0.012,0.035+/-0.012
Gabon,54830,175331,0.0,0.0+/-0,0.0+/-0,0.0+/-0,0.0012+/-0.0004,0.0012+/-0.0004,0.0012+/-0.0004,0.0012+/-0.0004,0.0012+/-0.0004,0.0012+/-0.0004,0.0012+/-0.0004,0.0012+/-0.0004,0.0012+/-0.0004,0.0012+/-0.0004,0.0012+/-0.0004,0.0012+/-0.0004,0.0012+/-0.0004,0.0012+/-0.0004,0.0012+/-0.0004,0.0012+/-0.0004,0.0012+/-0.0004,0.0012+/-0.0004,0.0012+/-0.0004,0.0012+/-0.0004,0.0012+/-0.0004,0.0012+/-0.0004,0.0012+/-0.0004,0.0012+/-0.0004,0.0012+/-0.0004,0.0012+/-0.0004,0.0012+/-0.0004,0.0012+/-0.0004,0.0012+/-0.0004,0.0012+/-0.0004,0.0012+/-0.0004,0.0012+/-0.0004,0.0012+/-0.0004,0.0012+/-0.0004,0.0012+/-0.0004,0.0012+/-0.0004,0.0012+/-0.0004,0.0012+/-0.0004,0.0012+/-0.0004,0.0012+/-0.0004,0.0012+/-0.0004,0.0012+/-0.0004,0.0012+/-0.0004,0.0012+/-0.0004,0.0012+/-0.0004,0.0012+/-0.0004,0.0012+/-0.0004,0.0012+/-0.0004,0.0012+/-0.0004
United Kingdom,4373221,9853965,0.0,0.067+/-0.010,0.49+/-0.08,0.57+/-0.09,0.66+/-0.10,0.76+/-0.11,0.90+/-0.14,1.01+/-0.16,1.11+/-0.17,1.21+/-0.19,1.30+/-0.20,1.40+/-0.21,1.48+/-0.22,1.56+/-0.23,1.64+/-0.24,1.73+/-0.25,1.81+/-0.26,1.89+/-0.27,1.97+/-0.28,2.05+/-0.30,2.14+/-0.31,2.22+/-0.32,2.30+/-0.33,2.38+/-0.34,2.47+/-0.35,2.5+/-0.4,2.6+/-0.4,2.7+/-0.4,2.8+/-0.4,2.9+/-0.4,3.0+/-0.4,3.0+/-0.4,3.1+/-0.4,3.2+/-0.5,3.3+/-0.5,3.4+/-0.5,3.5+/-0.5,3.5+/-0.5,3.6+/-0.5,3.7+/-0.5,3.8+/-0.5,3.9+/-0.5,3.9+/-0.6,4.0+/-0.6,4.1+/-0.6,4.2+/-0.6,4.3+/-0.6,4.4+/-0.6,4.4+/-0.6,4.5+/-0.6,4.6+/-0.7,4.7+/-0.7,4.8+/-0.7
Georgia,229855,469150,0.0,0.00018+/-0.00010,0.00041+/-0.00022,0.0007+/-0.0004,0.0014+/-0.0006,0.0020+/-0.0009,0.0032+/-0.0015,0.0038+/-0.0018,0.0042+/-0.0020,0.0044+/-0.0022,0.0047+/-0.0023,0.0049+/-0.0024,0.0049+/-0.0024,0.0049+/-0.0024,0.0049+/-0.0024,0.0049+/-0.0024,0.0049+/-0.0024,0.0049+/-0.0024,0.0049+/-0.0024,0.0049+/-0.0024,0.0049+/-0.0024,0.0049+/-0.0024,0.0049+/-0.0024,0.0049+/-0.0024,0.0049+/-0.0024,0.0049+/-0.0024,0.0049+/-0.0024,0.0049+/-0.0024,0.0049+/-0.0024,0.0049+/-0.0024,0.0049+/-0.0024,0.0049+/-0.0024,0.0049+/-0.0024,0.0049+/-0.0024,0.0049+/-0.0024,0.0049+/-0.0024,0.0049+/-0.0024,0.0049+/-0.0024,0.0049+/-0.0024,0.0049+/-0.0024,0.0049+/-0.0024,0.0049+/-0.0024,0.0049+/-0.0024,0.0049+/-0.0024,0.0049+/-0.0024,0.0049+/-0.0024,0.0049+/-0.0024,0.0049+/-0.0024,0.0049+/-0.0024,0.0049+/-0.0024,0.0049+/-0.0024,0.0049+/-0.0024,0.0049+/-0.0024
Ghana,1825664,4906972,0.0,0.0+/-0,0.0+/-0,0.0+/-0,(3.6+/-1.3)e-05,(3.6+/-1.3)e-05,(3.6+/-1.3)e-05,(3.6+/-1.3)e-05,(3.6+/-1.3)e-05,(3.6+/-1.3)e-05,(3.6+/-1.3)e-05,(3.6+/-1.3)e-05,(3.6+/-1.3)e-05,(3.6+/-1.3)e-05,(3.6+/-1.3)e-05,(3.6+/-1.3)e-05,(3.6+/-1.3)e-05,(3.6+/-1.3)e-05,(3.6+/-1.3)e-05,(3.6+/-1.3)e-05,(3.6+/-1.3)e-05,(3.6+/-1.3)e-05,(3.6+/-1.3)e-05,(3.6+/-1.3)e-05,(3.6+/-1.3)e-05,(3.6+/-1.3)e-05,(3.6+/-1.3)e-05,(3.6+/-1.3)e-05,(3.6+/-1.3)e-05,(3.6+/-1.3)e-05,(3.6+/-1.3)e-05,(3.6+/-1.3)e-05,(3.6+/-1.3)e-05,(3.6+/-1.3)e-05,(3.6+/-1.3)e-05,(3.6+/-1.3)e-05,(3.6+/-1.3)e-05,(3.6+/-1.3)e-05,(3.6+/-1.3)e-05,(3.6+/-1.3)e-05,(3.6+/-1.3)e-05,(3.6+/-1.3)e-05,(3.6+/-1.3)e-05,(3.6+/-1.3)e-05,(3.6+/-1.3)e-05,(3.6+/-1.3)e-05,(3.6+/-1.3)e-05,(3.6+/-1.3)e-05,(3.6+/-1.3)e-05,(3.6+/-1.3)e-05,(3.6+/-1.3)e-05,(3.6+/-1.3)e-05,(3.6+/-1.3)e-05
Gibraltar,3068,8530,0.0,0.0+/-0,0.0+/-0,0.0+/-0,0.021+/-0.008,0.021+/-0.008,0.021+/-0.008,0.021+/-0.008,0.021+/-0.008,0.021+/-0.008,0.021+/-0.008,0.021+/-0.008,0.021+/-0.008,0.021+/-0.008,0.021+/-0.008,0.021+/-0.008,0.021+/-0.008,0.021+/-0.008,0.021+/-0.008,0.021+/-0.008,0.021+/-0.008,0.021+/-0.008,0.021+/-0.008,0.021+/-0.008,0.021+/-0.008,0.021+/-0.008,0.021+/-0.008,0.021+/-0.008,0.021+/-0.008,0.021+/-0.008,0.021+/-0.008,0.021+/-0.008,0.021+/-0.008,0.021+/-0.008,0.021+/-0.008,0.021+/-0.008,0.021+/-0.008,0.021+/-0.008,0.021+/-0.008,0.021+/-0.008,0.021+/-0.008,0.021+/-0.008,0.021+/-0.008,0.021+/-0.008,0.021+/-0.008,0.021+/-0.008,0.021+/-0.008,0.021+/-0.008,0.021+/-0.008,0.021+/-0.008,0.021+/-0.008,0.021+/-0.008,0.021+/-0.008
Guinea,380919,1734246,0.0,0.0+/-0,0.0+/-0,0.0+/-0,0.00017+/-0.00006,0.00017+/-0.00006,0.00017+/-0.00006,0.00017+/-0.00006,0.00017+/-0.00006,0.00017+/-0.00006,0.00017+/-0.00006,0.00017+/-0.00006,0.00017+/-0.00006,0.00017+/-0.00006,0.00017+/-0.00006,0.00017+/-0.00006,0.00017+/-0.00006,0.00017+/-0.00006,0.00017+/-0.00006,0.00017+/-0.00006,0.00017+/-0.00006,0.00017+/-0.00006,0.00017+/-0.00006,0.00017+/-0.00006,0.00017+/-0.00006,0.00017+/-0.00006,0.00017+/-0.00006,0.00017+/-0.00006,0.00017+/-0.00006,0.00017+/-0.00006,0.00017+/-0.00006,0.00017+/-0.00006,0.00017+/-0.00006,0.00017+/-0.00006,0.00017+/-0.00006,0.00017+/-0.00006,0.00017+/-0.00006,0.00017+/-0.00006,0.00017+/-0.00006,0.00017+/-0.00006,0.00017+/-0.00006,0.00017+/-0.00006,0.00017+/-0.00006,0.00017+/-0.00006,0.00017+/-0.00006,0.00017+/-0.00006,0.00017+/-0.00006,0.00017+/-0.00006,0.00017+/-0.00006,0.00017+/-0.00006,0.00017+/-0.00006,0.00017+/-0.00006,0.00017+/-0.00006
Gambia,95721,330727,0.0,0.0+/-0,0.0+/-0,0.0+/-0,0.00069+/-0.00024,0.00069+/-0.00024,0.00069+/-0.00024,0.00069+/-0.00024,0.00069+/-0.00024,0.00069+/-0.00024,0.00069+/-0.00024,0.00069+/-0.00024,0.00069+/-0.00024,0.00069+/-0.00024,0.00069+/-0.00024,0.00069+/-0.00024,0.00069+/-0.00024,0.00069+/-0.00024,0.00069+/-0.00024,0.00069+/-0.00024,0.00069+/-0.00024,0.00069+/-0.00024,0.00069+/-0.00024,0.00069+/-0.00024,0.00069+/-0.00024,0.00069+/-0.00024,0.00069+/-0.00024,0.00069+/-0.00024,0.00069+/-0.00024,0.00069+/-0.00024,0.00069+/-0.00024,0.00069+/-0.00024,0.00069+/-0.00024,0.00069+/-0.00024,0.00069+/-0.00024,0.00069+/-0.00024,0.00069+/-0.00024,0.00069+/-0.00024,0.00069+/-0.00024,0.00069+/-0.00024,0.00069+/-0.00024,0.00069+/-0.00024,0.00069+/-0.00024,0.00069+/-0.00024,0.00069+/-0.00024,0.00069+/-0.00024,0.00069+/-0.00024,0.00069+/-0.00024,0.00069+/-0.00024,0.00069+/-0.00024,0.00069+/-0.00024,0.00069+/-0.00024,0.00069+/-0.00024
Guinea-Bissau,66238,207584,0.0,0.0+/-0,0.0+/-0,0.0+/-0,0.00100+/-0.00035,0.00100+/-0.00035,0.00100+/-0.00035,0.00100+/-0.00035,0.00100+/-0.00035,0.00100+/-0.00035,0.00100+/-0.00035,0.00100+/-0.00035,0.00100+/-0.00035,0.00100+/-0.00035,0.00100+/-0.00035,0.00100+/-0.00035,0.00100+/-0.00035,0.00100+/-0.00035,0.00100+/-0.00035,0.00100+/-0.00035,0.00100+/-0.00035,0.00100+/-0.00035,0.00100+/-0.00035,0.00100+/-0.00035,0.00100+/-0.00035,0.00100+/-0.00035,0.00100+/-0.00035,0.00100+/-0.00035,0.00100+/-0.00035,0.00100+/-0.00035,0.00100+/-0.00035,0.00100+/-0.00035,0.00100+/-0.00035,0.00100+/-0.00035,0.00100+/-0.00035,0.00100+/-0.00035,0.00100+/-0.00035,0.00100+/-0.00035,0.00100+/-0.00035,0.00100+/-0.00035,0.00100+/-0.00035,0.00100+/-0.00035,0.00100+/-0.00035,0.00100+/-0.00035,0.00100+/-0.00035,0.00100+/-0.00035,0.00100+/-0.00035,0.00100+/-0.00035,0.00100+/-0.00035,0.00100+/-0.00035,0.00100+/-0.00035,0.00100+/-0.00035,0.00100+/-0.00035
Equatorial Guinea,62287,189709,0.0,0.0+/-0,0.0+/-0,0.0+/-0,0.0011+/-0.0004,0.0011+/-0.0004,0.0011+/-0.0004,0.0011+/-0.0004,0.0011+/-0.0004,0.0011+/-0.0004,0.0011+/-0.0004,0.0011+/-0.0004,0.0011+/-0.0004,0.0011+/-0.0004,0.0011+/-0.0004,0.0011+/-0.0004,0.0011+/-0.0004,0.0011+/-0.0004,0.0011+/-0.0004,0.0011+/-0.0004,0.0011+/-0.0004,0.0011+/-0.0004,0.0011+/-0.0004,0.0011+/-0.0004,0.0011+/-0.0004,0.0011+/-0.0004,0.0011+/-0.0004,0.0011+/-0.0004,0.0011+/-0.0004,0.0011+/-0.0004,0.0011+/-0.0004,0.0011+/-0.0004,0.0011+/-0.0004,0.0011+/-0.0004,0.0011+/-0.0004,0.0011+/-0.0004,0.0011+/-0.0004,0.0011+/-0.0004,0.0011+/-0.0004,0.0011+/-0.0004,0.0011+/-0.0004,0.0011+/-0.0004,0.0011+/-0.0004,0.0011+/-0.0004,0.0011+/-0.0004,0.0011+/-0.0004,0.0011+/-0.0004,0.0011+/-0.0004,0.0011+/-0.0004,0.0011+/-0.0004,0.0011+/-0.0004,0.0011+/-0.0004,0.0011+/-0.0004
Greece,621554,1604709,0.0,0.00053+/-0.00028,0.0012+/-0.0006,0.0020+/-0.0010,0.012+/-0.004,0.014+/-0.004,0.017+/-0.005,0.022+/-0.006,0.027+/-0.007,0.031+/-0.007,0.035+/-0.008,0.038+/-0.008,0.042+/-0.008,0.045+/-0.008,0.048+/-0.009,0.051+/-0.009,0.055+/-0.009,0.058+/-0.009,0.061+/-0.010,0.064+/-0.010,0.068+/-0.010,0.071+/-0.011,0.074+/-0.011,0.077+/-0.011,0.081+/-0.012,0.084+/-0.012,0.087+/-0.012,0.090+/-0.013,0.094+/-0.013,0.097+/-0.013,0.100+/-0.014,0.103+/-0.014,0.107+/-0.015,0.110+/-0.015,0.113+/-0.015,0.116+/-0.016,0.120+/-0.016,0.123+/-0.017,0.126+/-0.017,0.129+/-0.018,0.133+/-0.018,0.136+/-0.018,0.139+/-0.019,0.142+/-0.019,0.145+/-0.020,0.149+/-0.020,0.152+/-0.021,0.155+/-0.021,0.158+/-0.021,0.162+/-0.022,0.165+/-0.022,0.168+/-0.023,0.171+/-0.023
Grenada,5273,14343,0.0,0.00015+/-0.00008,0.00034+/-0.00018,0.00056+/-0.00029,0.013+/-0.004,0.014+/-0.004,0.015+/-0.005,0.015+/-0.005,0.016+/-0.005,0.016+/-0.005,0.016+/-0.005,0.016+/-0.005,0.016+/-0.005,0.016+/-0.005,0.016+/-0.005,0.016+/-0.005,0.016+/-0.005,0.016+/-0.005,0.016+/-0.005,0.016+/-0.005,0.016+/-0.005,0.016+/-0.005,0.016+/-0.005,0.016+/-0.005,0.016+/-0.005,0.016+/-0.005,0.016+/-0.005,0.016+/-0.005,0.016+/-0.005,0.016+/-0.005,0.016+/-0.005,0.016+/-0.005,0.016+/-0.005,0.016+/-0.005,0.016+/-0.005,0.016+/-0.005,0.016+/-0.005,0.016+/-0.005,0.016+/-0.005,0.016+/-0.005,0.016+/-0.005,0.016+/-0.005,0.016+/-0.005,0.016+/-0.005,0.016+/-0.005,0.016+/-0.005,0.016+/-0.005,0.016+/-0.005,0.016+/-0.005,0.016+/-0.005,0.016+/-0.005,0.016+/-0.005,0.016+/-0.005
Greenland,3855,8527,0.0,0.0+/-0,0.0+/-0,0.0+/-0,0.017+/-0.006,0.017+/-0.006,0.017+/-0.006,0.017+/-0.006,0.017+/-0.006,0.017+/-0.006,0.017+/-0.006,0.017+/-0.006,0.017+/-0.006,0.017+/-0.006,0.017+/-0.006,0.017+/-0.006,0.017+/-0.006,0.017+/-0.006,0.017+/-0.006,0.017+/-0.006,0.017+/-0.006,0.017+/-0.006,0.017+/-0.006,0.017+/-0.006,0.017+/-0.006,0.017+/-0.006,0.017+/-0.006,0.017+/-0.006,0.017+/-0.006,0.017+/-0.006,0.017+/-0.006,0.017+/-0.006,0.017+/-0.006,0.017+/-0.006,0.017+/-0.006,0.017+/-0.006,0.017+/-0.006,0.017+/-0.006,0.017+/-0.006,0.017+/-0.006,0.017+/-0.006,0.017+/-0.006,0.017+/-0.006,0.017+/-0.006,0.017+/-0.006,0.017+/-0.006,0.017+/-0.006,0.017+/-0.006,0.017+/-0.006,0.017+/-0.006,0.017+/-0.006,0.017+/-0.006,0.017+/-0.006
Guatemala,951778,3110454,0.0,0.00023+/-0.00012,0.00051+/-0.00027,0.0009+/-0.0005,0.0030+/-0.0009,0.0037+/-0.0013,0.0052+/-0.0020,0.0059+/-0.0024,0.0077+/-0.0026,0.0094+/-0.0028,0.0110+/-0.0030,0.0125+/-0.0032,0.0138+/-0.0032,0.0151+/-0.0033,0.0164+/-0.0033,0.0177+/-0.0034,0.0190+/-0.0035,0.020+/-0.004,0.022+/-0.004,0.023+/-0.004,0.024+/-0.004,0.026+/-0.004,0.027+/-0.004,0.028+/-0.004,0.029+/-0.004,0.031+/-0.005,0.032+/-0.005,0.033+/-0.005,0.035+/-0.005,0.036+/-0.005,0.037+/-0.005,0.039+/-0.006,0.040+/-0.006,0.041+/-0.006,0.042+/-0.006,0.044+/-0.006,0.045+/-0.006,0.046+/-0.007,0.048+/-0.007,0.049+/-0.007,0.050+/-0.007,0.052+/-0.007,0.053+/-0.007,0.054+/-0.008,0.056+/-0.008,0.057+/-0.008,0.058+/-0.008,0.059+/-0.008,0.061+/-0.008,0.062+/-0.009,0.063+/-0.009,0.065+/-0.009,0.066+/-0.009
Guam,9426,23880,0.0,0.0+/-0,0.0+/-0,0.0+/-0,0.0070+/-0.0025,0.0070+/-0.0025,0.0070+/-0.0025,0.0070+/-0.0025,0.0070+/-0.0025,0.0070+/-0.0025,0.0070+/-0.0025,0.0070+/-0.0025,0.0070+/-0.0025,0.0070+/-0.0025,0.0070+/-0.0025,0.0070+/-0.0025,0.0070+/-0.0025,0.0070+/-0.0025,0.0070+/-0.0025,0.0070+/-0.0025,0.0070+/-0.0025,0.0070+/-0.0025,0.0070+/-0.0025,0.0070+/-0.0025,0.0070+/-0.0025,0.0070+/-0.0025,0.0070+/-0.0025,0.0070+/-0.0025,0.0070+/-0.0025,0.0070+/-0.0025,0.0070+/-0.0025,0.0070+/-0.0025,0.0070+/-0.0025,0.0070+/-0.0025,0.0070+/-0.0025,0.0070+/-0.0025,0.0070+/-0.0025,0.0070+/-0.0025,0.0070+/-0.0025,0.0070+/-0.0025,0.0070+/-0.0025,0.0070+/-0.0025,0.0070+/-0.0025,0.0070+/-0.0025,0.0070+/-0.0025,0.0070+/-0.0025,0.0070+/-0.0025,0.0070+/-0.0025,0.0070+/-0.0025,0.0070+/-0.0025,0.0070+/-0.0025,0.0070+/-0.0025,0.0070+/-0.0025
Guyana,40153,110729,0.0,0.00010+/-0.00005,0.00023+/-0.00012,0.00038+/-0.00020,0.0023+/-0.0007,0.0026+/-0.0008,0.0033+/-0.0010,0.0036+/-0.0012,0.0038+/-0.0013,0.0040+/-0.0014,0.0041+/-0.0014,0.0042+/-0.0015,0.0042+/-0.0015,0.0042+/-0.0015,0.0042+/-0.0015,0.0042+/-0.0015,0.0042+/-0.0015,0.0042+/-0.0015,0.0042+/-0.0015,0.0042+/-0.0015,0.0042+/-0.0015,0.0042+/-0.0015,0.0042+/-0.0015,0.0042+/-0.0015,0.0042+/-0.0015,0.0042+/-0.0015,0.0042+/-0.0015,0.0042+/-0.0015,0.0042+/-0.0015,0.0042+/-0.0015,0.0042+/-0.0015,0.0042+/-0.0015,0.0042+/-0.0015,0.0042+/-0.0015,0.0042+/-0.0015,0.0042+/-0.0015,0.0042+/-0.0015,0.0042+/-0.0015,0.0042+/-0.0015,0.0042+/-0.0015,0.0042+/-0.0015,0.0042+/-0.0015,0.0042+/-0.0015,0.0042+/-0.0015,0.0042+/-0.0015,0.0042+/-0.0015,0.0042+/-0.0015,0.0042+/-0.0015,0.0042+/-0.0015,0.0042+/-0.0015,0.0042+/-0.0015,0.0042+/-0.0015,0.0042+/-0.0015
Hong Kong,343352,796977,0.0,0.0+/-0,0.0+/-0,0.0+/-0,0.040+/-0.015,0.040+/-0.015,0.040+/-0.015,0.040+/-0.015,0.040+/-0.015,0.040+/-0.015,0.040+/-0.015,0.040+/-0.015,0.040+/-0.015,0.040+/-0.015,0.040+/-0.015,0.040+/-0.015,0.040+/-0.015,0.040+/-0.015,0.040+/-0.015,0.040+/-0.015,0.040+/-0.015,0.040+/-0.015,0.040+/-0.015,0.040+/-0.015,0.040+/-0.015,0.040+/-0.015,0.040+/-0.015,0.040+/-0.015,0.040+/-0.015,0.040+/-0.015,0.040+/-0.015,0.040+/-0.015,0.040+/-0.015,0.040+/-0.015,0.040+/-0.015,0.040+/-0.015,0.040+/-0.015,0.040+/-0.015,0.040+/-0.015,0.040+/-0.015,0.040+/-0.015,0.040+/-0.015,0.040+/-0.015,0.040+/-0.015,0.040+/-0.015,0.040+/-0.015,0.040+/-0.015,0.040+/-0.015,0.040+/-0.015,0.040+/-0.015,0.040+/-0.015,0.040+/-0.015,0.040+/-0.015
Honduras,610384,1784532,0.0,0.00074+/-0.00011,0.00151+/-0.00023,0.0023+/-0.0004,0.0033+/-0.0005,0.0043+/-0.0008,0.0058+/-0.0012,0.0068+/-0.0014,0.0077+/-0.0016,0.0085+/-0.0017,0.0093+/-0.0018,0.0100+/-0.0019,0.0106+/-0.0020,0.0112+/-0.0020,0.0118+/-0.0021,0.0124+/-0.0021,0.0131+/-0.0022,0.0137+/-0.0023,0.0143+/-0.0023,0.0149+/-0.0024,0.0155+/-0.0025,0.0161+/-0.0025,0.0167+/-0.0026,0.0173+/-0.0027,0.0180+/-0.0027,0.0186+/-0.0028,0.0192+/-0.0029,0.0198+/-0.0030,0.0204+/-0.0030,0.0210+/-0.0031,0.0216+/-0.0032,0.0222+/-0.0033,0.0229+/-0.0033,0.0235+/-0.0034,0.0241+/-0.0035,0.025+/-0.004,0.025+/-0.004,0.026+/-0.004,0.027+/-0.004,0.027+/-0.004,0.028+/-0.004,0.028+/-0.004,0.029+/-0.004,0.030+/-0.004,0.030+/-0.004,0.031+/-0.004,0.031+/-0.004,0.032+/-0.005,0.033+/-0.005,0.033+/-0.005,0.034+/-0.005,0.034+/-0.005,0.035+/-0.005
Croatia,265701,571191,0.0,0.00059+/-0.00031,0.0013+/-0.0007,0.0022+/-0.0012,0.0065+/-0.0022,0.0084+/-0.0031,0.012+/-0.005,0.014+/-0.006,0.019+/-0.007,0.023+/-0.007,0.027+/-0.008,0.031+/-0.008,0.035+/-0.008,0.038+/-0.008,0.041+/-0.009,0.045+/-0.009,0.048+/-0.009,0.052+/-0.009,0.055+/-0.010,0.058+/-0.010,0.062+/-0.010,0.065+/-0.010,0.068+/-0.011,0.072+/-0.011,0.075+/-0.012,0.079+/-0.012,0.082+/-0.012,0.085+/-0.013,0.089+/-0.013,0.092+/-0.013,0.096+/-0.014,0.099+/-0.014,0.102+/-0.015,0.106+/-0.015,0.109+/-0.016,0.112+/-0.016,0.116+/-0.016,0.119+/-0.017,0.123+/-0.017,0.126+/-0.018,0.129+/-0.018,0.133+/-0.019,0.136+/-0.019,0.140+/-0.020,0.143+/-0.020,0.146+/-0.020,0.150+/-0.021,0.153+/-0.021,0.156+/-0.022,0.160+/-0.022,0.163+/-0.023,0.167+/-0.023,0.170+/-0.024
Haiti,749495,2191240,0.0,(9+/-5)e-05,0.00021+/-0.00011,0.00035+/-0.00019,0.00065+/-0.00030,0.0010+/-0.0005,0.0016+/-0.0008,0.0019+/-0.0010,0.0021+/-0.0011,0.0022+/-0.0011,0.0024+/-0.0012,0.0024+/-0.0013,0.0024+/-0.0013,0.0024+/-0.0013,0.0024+/-0.0013,0.0024+/-0.0013,0.0024+/-0.0013,0.0024+/-0.0013,0.0024+/-0.0013,0.0024+/-0.0013,0.0024+/-0.0013,0.0024+/-0.0013,0.0024+/-0.0013,0.0024+/-0.0013,0.0024+/-0.0013,0.0024+/-0.0013,0.0024+/-0.0013,0.0024+/-0.0013,0.0024+/-0.0013,0.0024+/-0.0013,0.0024+/-0.0013,0.0024+/-0.0013,0.0024+/-0.0013,0.0024+/-0.0013,0.0024+/-0.0013,0.0024+/-0.0013,0.0024+/-0.0013,0.0024+/-0.0013,0.0024+/-0.0013,0.0024+/-0.0013,0.0024+/-0.0013,0.0024+/-0.0013,0.0024+/-0.0013,0.0024+/-0.0013,0.0024+/-0.0013,0.0024+/-0.0013,0.0024+/-0.0013,0.0024+/-0.0013,0.0024+/-0.0013,0.0024+/-0.0013,0.0024+/-0.0013,0.0024+/-0.0013,0.0024+/-0.0013
Hungary,789107,1585370,0.0,0.0007+/-0.0004,0.0016+/-0.0008,0.0027+/-0.0014,0.0081+/-0.0026,0.015+/-0.004,0.025+/-0.006,0.032+/-0.008,0.039+/-0.009,0.045+/-0.009,0.051+/-0.010,0.057+/-0.011,0.062+/-0.011,0.067+/-0.011,0.072+/-0.012,0.077+/-0.012,0.082+/-0.013,0.087+/-0.013,0.092+/-0.014,0.097+/-0.015,0.102+/-0.015,0.107+/-0.016,0.112+/-0.016,0.117+/-0.017,0.122+/-0.017,0.127+/-0.018,0.132+/-0.019,0.137+/-0.019,0.142+/-0.020,0.147+/-0.021,0.152+/-0.021,0.157+/-0.022,0.162+/-0.023,0.167+/-0.023,0.172+/-0.024,0.177+/-0.025,0.182+/-0.025,0.187+/-0.026,0.192+/-0.027,0.197+/-0.027,0.202+/-0.028,0.207+/-0.029,0.212+/-0.030,0.217+/-0.030,0.222+/-0.031,0.227+/-0.032,0.232+/-0.032,0.237+/-0.033,0.242+/-0.034,0.247+/-0.034,0.252+/-0.035,0.26+/-0.04,0.26+/-0.04
Indonesia,21942488,60424082,0.0,0.00017+/-0.00009,0.00038+/-0.00020,0.00063+/-0.00033,0.0098+/-0.0033,0.0116+/-0.0034,0.014+/-0.004,0.016+/-0.004,0.017+/-0.004,0.019+/-0.004,0.020+/-0.004,0.022+/-0.004,0.023+/-0.004,0.024+/-0.004,0.026+/-0.004,0.027+/-0.004,0.028+/-0.005,0.030+/-0.005,0.031+/-0.005,0.032+/-0.005,0.033+/-0.005,0.035+/-0.005,0.036+/-0.005,0.037+/-0.005,0.038+/-0.005,0.040+/-0.006,0.041+/-0.006,0.042+/-0.006,0.044+/-0.006,0.045+/-0.006,0.046+/-0.006,0.047+/-0.006,0.049+/-0.007,0.050+/-0.007,0.051+/-0.007,0.052+/-0.007,0.054+/-0.007,0.055+/-0.007,0.056+/-0.008,0.058+/-0.008,0.059+/-0.008,0.060+/-0.008,0.061+/-0.008,0.063+/-0.008,0.064+/-0.008,0.065+/-0.009,0.066+/-0.009,0.068+/-0.009,0.069+/-0.009,0.070+/-0.009,0.072+/-0.009,0.073+/-0.010,0.074+/-0.010
Isle of Man,4515,10175,0.0,0.0+/-0,0.0+/-0,0.0+/-0,0.015+/-0.005,0.015+/-0.005,0.015+/-0.005,0.015+/-0.005,0.015+/-0.005,0.015+/-0.005,0.015+/-0.005,0.015+/-0.005,0.015+/-0.005,0.015+/-0.005,0.015+/-0.005,0.015+/-0.005,0.015+/-0.005,0.015+/-0.005,0.015+/-0.005,0.015+/-0.005,0.015+/-0.005,0.015+/-0.005,0.015+/-0.005,0.015+/-0.005,0.015+/-0.005,0.015+/-0.005,0.015+/-0.005,0.015+/-0.005,0.015+/-0.005,0.015+/-0.005,0.015+/-0.005,0.015+/-0.005,0.015+/-0.005,0.015+/-0.005,0.015+/-0.005,0.015+/-0.005,0.015+/-0.005,0.015+/-0.005,0.015+/-0.005,0.015+/-0.005,0.015+/-0.005,0.015+/-0.005,0.015+/-0.005,0.015+/-0.005,0.015+/-0.005,0.015+/-0.005,0.015+/-0.005,0.015+/-0.005,0.015+/-0.005,0.015+/-0.005,0.015+/-0.005,0.015+/-0.005,0.015+/-0.005
India,112858780,211152739,0.0,(5.8+/-3.0)e-05,0.00013+/-0.00007,0.00069+/-0.00013,0.0086+/-0.0027,0.0092+/-0.0027,0.0101+/-0.0028,0.0107+/-0.0028,0.0113+/-0.0028,0.0119+/-0.0028,0.0124+/-0.0029,0.0130+/-0.0029,0.0134+/-0.0029,0.0139+/-0.0029,0.0144+/-0.0029,0.0148+/-0.0030,0.0153+/-0.0030,0.0158+/-0.0030,0.0163+/-0.0030,0.0167+/-0.0031,0.0172+/-0.0031,0.0177+/-0.0031,0.0181+/-0.0031,0.0186+/-0.0032,0.0191+/-0.0032,0.0196+/-0.0032,0.0200+/-0.0033,0.0205+/-0.0033,0.0210+/-0.0033,0.0214+/-0.0034,0.0219+/-0.0034,0.0224+/-0.0035,0.0229+/-0.0035,0.0233+/-0.0035,0.024+/-0.004,0.024+/-0.004,0.025+/-0.004,0.025+/-0.004,0.026+/-0.004,0.026+/-0.004,0.027+/-0.004,0.027+/-0.004,0.028+/-0.004,0.028+/-0.004,0.029+/-0.004,0.029+/-0.004,0.029+/-0.004,0.030+/-0.004,0.030+/-0.004,0.031+/-0.004,0.031+/-0.004,0.032+/-0.004,0.032+/-0.004
Ireland,385015,903965,0.0,0.0066+/-0.0035,0.015+/-0.008,0.025+/-0.013,0.040+/-0.021,0.061+/-0.032,0.10+/-0.05,0.13+/-0.07,0.18+/-0.07,0.22+/-0.08,0.27+/-0.08,0.31+/-0.09,0.35+/-0.09,0.38+/-0.09,0.42+/-0.09,0.46+/-0.10,0.49+/-0.10,0.53+/-0.10,0.56+/-0.10,0.60+/-0.11,0.64+/-0.11,0.67+/-0.11,0.71+/-0.12,0.75+/-0.12,0.78+/-0.13,0.82+/-0.13,0.86+/-0.13,0.89+/-0.14,0.93+/-0.14,0.96+/-0.15,1.00+/-0.15,1.04+/-0.15,1.07+/-0.16,1.11+/-0.16,1.15+/-0.17,1.18+/-0.17,1.22+/-0.18,1.25+/-0.18,1.29+/-0.19,1.33+/-0.19,1.36+/-0.20,1.40+/-0.20,1.44+/-0.21,1.47+/-0.21,1.51+/-0.22,1.55+/-0.22,1.58+/-0.23,1.62+/-0.23,1.65+/-0.24,1.69+/-0.24,1.73+/-0.25,1.76+/-0.25,1.80+/-0.26
Iran,4520575,10529917,0.0,0.00026+/-0.00014,0.00058+/-0.00031,0.0010+/-0.0005,0.0016+/-0.0008,0.0024+/-0.0013,0.0041+/-0.0021,0.0065+/-0.0026,0.0086+/-0.0029,0.0106+/-0.0032,0.0125+/-0.0034,0.014+/-0.004,0.016+/-0.004,0.017+/-0.004,0.019+/-0.004,0.021+/-0.004,0.022+/-0.004,0.024+/-0.004,0.025+/-0.004,0.027+/-0.005,0.028+/-0.005,0.030+/-0.005,0.031+/-0.005,0.033+/-0.005,0.035+/-0.005,0.036+/-0.006,0.038+/-0.006,0.039+/-0.006,0.041+/-0.006,0.042+/-0.006,0.044+/-0.006,0.045+/-0.007,0.047+/-0.007,0.049+/-0.007,0.050+/-0.007,0.052+/-0.007,0.053+/-0.008,0.055+/-0.008,0.056+/-0.008,0.058+/-0.008,0.060+/-0.009,0.061+/-0.009,0.063+/-0.009,0.064+/-0.009,0.066+/-0.009,0.067+/-0.010,0.069+/-0.010,0.070+/-0.010,0.072+/-0.010,0.074+/-0.010,0.075+/-0.011,0.077+/-0.011,0.078+/-0.011
Iraq,2047307,4841782,0.0,0.00034+/-0.00005,0.00070+/-0.00011,0.00107+/-0.00018,0.00153+/-0.00026,0.0020+/-0.0004,0.0027+/-0.0006,0.0032+/-0.0007,0.0036+/-0.0008,0.0040+/-0.0008,0.0043+/-0.0009,0.0047+/-0.0009,0.0050+/-0.0010,0.0052+/-0.0010,0.0055+/-0.0010,0.0058+/-0.0010,0.0061+/-0.0011,0.0064+/-0.0011,0.0066+/-0.0011,0.0069+/-0.0011,0.0072+/-0.0012,0.0075+/-0.0012,0.0077+/-0.0012,0.0080+/-0.0013,0.0083+/-0.0013,0.0086+/-0.0013,0.0089+/-0.0014,0.0091+/-0.0014,0.0094+/-0.0014,0.0097+/-0.0015,0.0100+/-0.0015,0.0103+/-0.0015,0.0105+/-0.0016,0.0108+/-0.0016,0.0111+/-0.0016,0.0114+/-0.0017,0.0117+/-0.0017,0.0119+/-0.0017,0.0122+/-0.0018,0.0125+/-0.0018,0.0128+/-0.0018,0.0130+/-0.0019,0.0133+/-0.0019,0.0136+/-0.0020,0.0139+/-0.0020,0.0142+/-0.0020,0.0144+/-0.0021,0.0147+/-0.0021,0.0150+/-0.0021,0.0153+/-0.0022,0.0156+/-0.0022,0.0158+/-0.0023,0.0161+/-0.0023
Iceland,32977,72947,0.0,0.0014+/-0.0008,0.0032+/-0.0017,0.0054+/-0.0028,0.021+/-0.005,0.037+/-0.008,0.057+/-0.013,0.072+/-0.016,0.086+/-0.018,0.099+/-0.020,0.112+/-0.021,0.124+/-0.023,0.135+/-0.024,0.145+/-0.025,0.156+/-0.026,0.167+/-0.027,0.178+/-0.028,0.188+/-0.029,0.199+/-0.030,0.210+/-0.032,0.221+/-0.033,0.231+/-0.034,0.242+/-0.035,0.25+/-0.04,0.26+/-0.04,0.27+/-0.04,0.28+/-0.04,0.30+/-0.04,0.31+/-0.04,0.32+/-0.05,0.33+/-0.05,0.34+/-0.05,0.35+/-0.05,0.36+/-0.05,0.37+/-0.05,0.38+/-0.05,0.39+/-0.06,0.40+/-0.06,0.41+/-0.06,0.42+/-0.06,0.44+/-0.06,0.45+/-0.06,0.46+/-0.06,0.47+/-0.07,0.48+/-0.07,0.49+/-0.07,0.50+/-0.07,0.51+/-0.07,0.52+/-0.07,0.53+/-0.08,0.54+/-0.08,0.55+/-0.08,0.56+/-0.08
Israel,540850,1158069,0.0,0.0018+/-0.0010,0.0184+/-0.0030,0.035+/-0.006,0.081+/-0.013,0.101+/-0.016,0.127+/-0.021,0.147+/-0.024,0.166+/-0.027,0.183+/-0.029,0.199+/-0.031,0.215+/-0.033,0.229+/-0.035,0.24+/-0.04,0.26+/-0.04,0.27+/-0.04,0.29+/-0.04,0.30+/-0.04,0.31+/-0.04,0.33+/-0.05,0.34+/-0.05,0.36+/-0.05,0.37+/-0.05,0.39+/-0.05,0.40+/-0.05,0.41+/-0.06,0.43+/-0.06,0.44+/-0.06,0.46+/-0.06,0.47+/-0.06,0.49+/-0.07,0.50+/-0.07,0.51+/-0.07,0.53+/-0.07,0.54+/-0.07,0.56+/-0.08,0.57+/-0.08,0.59+/-0.08,0.60+/-0.08,0.61+/-0.08,0.63+/-0.09,0.64+/-0.09,0.66+/-0.09,0.67+/-0.09,0.68+/-0.09,0.70+/-0.10,0.71+/-0.10,0.73+/-0.10,0.74+/-0.10,0.76+/-0.10,0.77+/-0.11,0.78+/-0.11,0.80+/-0.11
Italy,3830757,8793528,0.0,0.0014+/-0.0007,0.0153+/-0.0024,0.030+/-0.005,0.050+/-0.007,0.066+/-0.010,0.088+/-0.015,0.104+/-0.018,0.120+/-0.020,0.134+/-0.022,0.148+/-0.024,0.162+/-0.026,0.174+/-0.027,0.186+/-0.028,0.198+/-0.030,0.210+/-0.031,0.222+/-0.033,0.235+/-0.034,0.25+/-0.04,0.26+/-0.04,0.27+/-0.04,0.28+/-0.04,0.30+/-0.04,0.31+/-0.04,0.32+/-0.05,0.33+/-0.05,0.34+/-0.05,0.36+/-0.05,0.37+/-0.05,0.38+/-0.05,0.39+/-0.06,0.41+/-0.06,0.42+/-0.06,0.43+/-0.06,0.44+/-0.06,0.45+/-0.06,0.47+/-0.07,0.48+/-0.07,0.49+/-0.07,0.50+/-0.07,0.51+/-0.07,0.53+/-0.07,0.54+/-0.08,0.55+/-0.08,0.56+/-0.08,0.58+/-0.08,0.59+/-0.08,0.60+/-0.08,0.61+/-0.09,0.62+/-0.09,0.64+/-0.09,0.65+/-0.09,0.66+/-0.09
Jamaica,186040,525647,0.0,0.00013+/-0.00007,0.00029+/-0.00015,0.00049+/-0.00026,0.0011+/-0.0004,0.0016+/-0.0006,0.0024+/-0.0011,0.0028+/-0.0013,0.0031+/-0.0015,0.0033+/-0.0016,0.0035+/-0.0016,0.0036+/-0.0017,0.0036+/-0.0017,0.0036+/-0.0017,0.0036+/-0.0017,0.0036+/-0.0017,0.0036+/-0.0017,0.0036+/-0.0017,0.0036+/-0.0017,0.0036+/-0.0017,0.0036+/-0.0017,0.0036+/-0.0017,0.0036+/-0.0017,0.0036+/-0.0017,0.0036+/-0.0017,0.0036+/-0.0017,0.0036+/-0.0017,0.0036+/-0.0017,0.0036+/-0.0017,0.0036+/-0.0017,0.0036+/-0.0017,0.0036+/-0.0017,0.0036+/-0.0017,0.0036+/-0.0017,0.0036+/-0.0017,0.0036+/-0.0017,0.0036+/-0.0017,0.0036+/-0.0017,0.0036+/-0.0017,0.0036+/-0.0017,0.0036+/-0.0017,0.0036+/-0.0017,0.0036+/-0.0017,0.0036+/-0.0017,0.0036+/-0.0017,0.0036+/-0.0017,0.0036+/-0.0017,0.0036+/-0.0017,0.0036+/-0.0017,0.0036+/-0.0017,0.0036+/-0.0017,0.0036+/-0.0017,0.0036+/-0.0017
Jordan,391085,1357309,0.0,0.00206+/-0.00031,0.0042+/-0.0006,0.0064+/-0.0010,0.0091+/-0.0015,0.0119+/-0.0021,0.0157+/-0.0031,0.019+/-0.004,0.021+/-0.004,0.023+/-0.005,0.025+/-0.005,0.027+/-0.005,0.029+/-0.005,0.031+/-0.005,0.033+/-0.006,0.034+/-0.006,0.036+/-0.006,0.038+/-0.006,0.040+/-0.006,0.041+/-0.007,0.043+/-0.007,0.045+/-0.007,0.046+/-0.007,0.048+/-0.007,0.050+/-0.008,0.052+/-0.008,0.053+/-0.008,0.055+/-0.008,0.057+/-0.008,0.059+/-0.009,0.060+/-0.009,0.062+/-0.009,0.064+/-0.009,0.066+/-0.009,0.067+/-0.010,0.069+/-0.010,0.071+/-0.010,0.072+/-0.010,0.074+/-0.011,0.076+/-0.011,0.078+/-0.011,0.079+/-0.011,0.081+/-0.012,0.083+/-0.012,0.085+/-0.012,0.086+/-0.012,0.088+/-0.013,0.090+/-0.013,0.092+/-0.013,0.093+/-0.013,0.095+/-0.013,0.097+/-0.014,0.098+/-0.014
Japan,8369338,26417794,0.0,0.0114+/-0.0017,0.083+/-0.013,0.097+/-0.015,0.133+/-0.018,0.151+/-0.021,0.174+/-0.024,0.192+/-0.027,0.210+/-0.030,0.226+/-0.032,0.242+/-0.034,0.26+/-0.04,0.27+/-0.04,0.29+/-0.04,0.30+/-0.04,0.31+/-0.04,0.33+/-0.05,0.34+/-0.05,0.36+/-0.05,0.37+/-0.05,0.38+/-0.05,0.40+/-0.05,0.41+/-0.06,0.43+/-0.06,0.44+/-0.06,0.46+/-0.06,0.47+/-0.06,0.48+/-0.07,0.50+/-0.07,0.51+/-0.07,0.53+/-0.07,0.54+/-0.07,0.55+/-0.08,0.57+/-0.08,0.58+/-0.08,0.60+/-0.08,0.61+/-0.08,0.62+/-0.09,0.64+/-0.09,0.65+/-0.09,0.67+/-0.09,0.68+/-0.09,0.70+/-0.10,0.71+/-0.10,0.72+/-0.10,0.74+/-0.10,0.75+/-0.10,0.77+/-0.11,0.78+/-0.11,0.79+/-0.11,0.81+/-0.11,0.82+/-0.11,0.84+/-0.12
Kazakhstan,1293721,2640574,0.0,0.00041+/-0.00021,0.0009+/-0.0005,0.0015+/-0.0008,0.036+/-0.013,0.040+/-0.013,0.046+/-0.013,0.050+/-0.013,0.053+/-0.014,0.057+/-0.014,0.060+/-0.014,0.063+/-0.014,0.066+/-0.014,0.068+/-0.014,0.071+/-0.014,0.074+/-0.014,0.076+/-0.015,0.079+/-0.015,0.082+/-0.015,0.084+/-0.015,0.087+/-0.015,0.090+/-0.015,0.092+/-0.015,0.095+/-0.016,0.098+/-0.016,0.100+/-0.016,0.103+/-0.016,0.106+/-0.016,0.108+/-0.017,0.111+/-0.017,0.114+/-0.017,0.116+/-0.017,0.119+/-0.018,0.122+/-0.018,0.124+/-0.018,0.127+/-0.018,0.130+/-0.019,0.132+/-0.019,0.135+/-0.019,0.138+/-0.019,0.140+/-0.020,0.143+/-0.020,0.146+/-0.020,0.149+/-0.021,0.151+/-0.021,0.154+/-0.021,0.157+/-0.022,0.159+/-0.022,0.162+/-0.022,0.165+/-0.022,0.167+/-0.023,0.170+/-0.023,0.173+/-0.023
Kenya,3766997,6936256,0.0,0.0+/-0,0.0+/-0,0.0+/-0,(1.8+/-0.6)e-05,(1.8+/-0.6)e-05,(1.8+/-0.6)e-05,(1.8+/-0.6)e-05,(1.8+/-0.6)e-05,(1.8+/-0.6)e-05,(1.8+/-0.6)e-05,(1.8+/-0.6)e-05,(1.8+/-0.6)e-05,(1.8+/-0.6)e-05,(1.8+/-0.6)e-05,(1.8+/-0.6)e-05,(1.8+/-0.6)e-05,(1.8+/-0.6)e-05,(1.8+/-0.6)e-05,(1.8+/-0.6)e-05,(1.8+/-0.6)e-05,(1.8+/-0.6)e-05,(1.8+/-0.6)e-05,(1.8+/-0.6)e-05,(1.8+/-0.6)e-05,(1.8+/-0.6)e-05,(1.8+/-0.6)e-05,(1.8+/-0.6)e-05,(1.8+/-0.6)e-05,(1.8+/-0.6)e-05,(1.8+/-0.6)e-05,(1.8+/-0.6)e-05,(1.8+/-0.6)e-05,(1.8+/-0.6)e-05,(1.8+/-0.6)e-05,(1.8+/-0.6)e-05,(1.8+/-0.6)e-05,(1.8+/-0.6)e-05,(1.8+/-0.6)e-05,(1.8+/-0.6)e-05,(1.8+/-0.6)e-05,(1.8+/-0.6)e-05,(1.8+/-0.6)e-05,(1.8+/-0.6)e-05,(1.8+/-0.6)e-05,(1.8+/-0.6)e-05,(1.8+/-0.6)e-05,(1.8+/-0.6)e-05,(1.8+/-0.6)e-05,(1.8+/-0.6)e-05,(1.8+/-0.6)e-05,(1.8+/-0.6)e-05,(1.8+/-0.6)e-05
Kyrgyz Republic,511207,1211818,0.0,(5.1+/-2.7)e-05,0.00011+/-0.00006,0.00019+/-0.00010,0.0058+/-0.0020,0.0059+/-0.0020,0.0063+/-0.0021,0.0064+/-0.0021,0.0065+/-0.0021,0.0066+/-0.0021,0.0067+/-0.0021,0.0067+/-0.0021,0.0067+/-0.0021,0.0067+/-0.0021,0.0067+/-0.0021,0.0067+/-0.0021,0.0067+/-0.0021,0.0067+/-0.0021,0.0067+/-0.0021,0.0067+/-0.0021,0.0067+/-0.0021,0.0067+/-0.0021,0.0067+/-0.0021,0.0067+/-0.0021,0.0067+/-0.0021,0.0067+/-0.0021,0.0067+/-0.0021,0.0067+/-0.0021,0.0067+/-0.0021,0.0067+/-0.0021,0.0067+/-0.0021,0.0067+/-0.0021,0.0067+/-0.0021,0.0067+/-0.0021,0.0067+/-0.0021,0.0067+/-0.0021,0.0067+/-0.0021,0.0067+/-0.0021,0.0067+/-0.0021,0.0067+/-0.0021,0.0067+/-0.0021,0.0067+/-0.0021,0.0067+/-0.0021,0.0067+/-0.0021,0.0067+/-0.0021,0.0067+/-0.0021,0.0067+/-0.0021,0.0067+/-0.0021,0.0067+/-0.0021,0.0067+/-0.0021,0.0067+/-0.0021,0.0067+/-0.0021,0.0067+/-0.0021
Cambodia,1437765,3873549,0.0,0.00066+/-0.00010,0.00134+/-0.00021,0.00205+/-0.00033,0.0063+/-0.0014,0.0072+/-0.0015,0.0085+/-0.0017,0.0094+/-0.0018,0.0102+/-0.0019,0.0109+/-0.0020,0.0116+/-0.0021,0.0122+/-0.0022,0.0128+/-0.0022,0.0133+/-0.0022,0.0139+/-0.0023,0.0144+/-0.0023,0.0150+/-0.0024,0.0155+/-0.0024,0.0160+/-0.0024,0.0166+/-0.0025,0.0171+/-0.0025,0.0177+/-0.0026,0.0182+/-0.0026,0.0187+/-0.0027,0.0193+/-0.0028,0.0198+/-0.0028,0.0204+/-0.0029,0.0209+/-0.0029,0.0214+/-0.0030,0.0220+/-0.0030,0.0225+/-0.0031,0.0231+/-0.0032,0.0236+/-0.0032,0.0241+/-0.0033,0.0247+/-0.0034,0.0252+/-0.0034,0.0258+/-0.0035,0.026+/-0.004,0.027+/-0.004,0.027+/-0.004,0.028+/-0.004,0.028+/-0.004,0.029+/-0.004,0.030+/-0.004,0.030+/-0.004,0.031+/-0.004,0.031+/-0.004,0.032+/-0.004,0.032+/-0.004,0.033+/-0.004,0.033+/-0.004,0.034+/-0.005,0.034+/-0.005
Kiribati,5432,15296,0.0,0.0+/-0,0.0+/-0,0.0+/-0,0.012+/-0.004,0.012+/-0.004,0.012+/-0.004,0.012+/-0.004,0.012+/-0.004,0.012+/-0.004,0.012+/-0.004,0.012+/-0.004,0.012+/-0.004,0.012+/-0.004,0.012+/-0.004,0.012+/-0.004,0.012+/-0.004,0.012+/-0.004,0.012+/-0.004,0.012+/-0.004,0.012+/-0.004,0.012+/-0.004,0.012+/-0.004,0.012+/-0.004,0.012+/-0.004,0.012+/-0.004,0.012+/-0.004,0.012+/-0.004,0.012+/-0.004,0.012+/-0.004,0.012+/-0.004,0.012+/-0.004,0.012+/-0.004,0.012+/-0.004,0.012+/-0.004,0.012+/-0.004,0.012+/-0.004,0.012+/-0.004,0.012+/-0.004,0.012+/-0.004,0.012+/-0.004,0.012+/-0.004,0.012+/-0.004,0.012+/-0.004,0.012+/-0.004,0.012+/-0.004,0.012+/-0.004,0.012+/-0.004,0.012+/-0.004,0.012+/-0.004,0.012+/-0.004,0.012+/-0.004,0.012+/-0.004
St. Kitts and Nevis,3320,5413,0.0,0.00019+/-0.00010,0.00044+/-0.00023,0.0007+/-0.0004,0.021+/-0.007,0.022+/-0.007,0.023+/-0.007,0.024+/-0.007,0.024+/-0.007,0.024+/-0.007,0.025+/-0.007,0.025+/-0.007,0.025+/-0.007,0.025+/-0.007,0.025+/-0.007,0.025+/-0.007,0.025+/-0.007,0.025+/-0.007,0.025+/-0.007,0.025+/-0.007,0.025+/-0.007,0.025+/-0.007,0.025+/-0.007,0.025+/-0.007,0.025+/-0.007,0.025+/-0.007,0.025+/-0.007,0.025+/-0.007,0.025+/-0.007,0.025+/-0.007,0.025+/-0.007,0.025+/-0.007,0.025+/-0.007,0.025+/-0.007,0.025+/-0.007,0.025+/-0.007,0.025+/-0.007,0.025+/-0.007,0.025+/-0.007,0.025+/-0.007,0.025+/-0.007,0.025+/-0.007,0.025+/-0.007,0.025+/-0.007,0.025+/-0.007,0.025+/-0.007,0.025+/-0.007,0.025+/-0.007,0.025+/-0.007,0.025+/-0.007,0.025+/-0.007,0.025+/-0.007,0.025+/-0.007
South Korea,4058102,11099384,0.0,0.0015+/-0.0008,0.0035+/-0.0018,0.019+/-0.004,0.070+/-0.014,0.088+/-0.016,0.110+/-0.020,0.128+/-0.022,0.145+/-0.024,0.160+/-0.026,0.175+/-0.028,0.189+/-0.030,0.202+/-0.031,0.215+/-0.032,0.227+/-0.033,0.240+/-0.034,0.25+/-0.04,0.27+/-0.04,0.28+/-0.04,0.29+/-0.04,0.30+/-0.04,0.32+/-0.04,0.33+/-0.04,0.34+/-0.05,0.36+/-0.05,0.37+/-0.05,0.38+/-0.05,0.39+/-0.05,0.41+/-0.05,0.42+/-0.06,0.43+/-0.06,0.45+/-0.06,0.46+/-0.06,0.47+/-0.06,0.48+/-0.07,0.50+/-0.07,0.51+/-0.07,0.52+/-0.07,0.54+/-0.07,0.55+/-0.07,0.56+/-0.08,0.57+/-0.08,0.59+/-0.08,0.60+/-0.08,0.61+/-0.08,0.63+/-0.08,0.64+/-0.09,0.65+/-0.09,0.66+/-0.09,0.68+/-0.09,0.69+/-0.09,0.70+/-0.10,0.71+/-0.10
Kuwait,358032,912627,0.0,0.00056+/-0.00029,0.0012+/-0.0007,0.0021+/-0.0011,0.0035+/-0.0017,0.0053+/-0.0027,0.009+/-0.005,0.011+/-0.006,0.015+/-0.006,0.019+/-0.007,0.022+/-0.007,0.026+/-0.007,0.029+/-0.008,0.032+/-0.008,0.035+/-0.008,0.038+/-0.008,0.041+/-0.008,0.044+/-0.009,0.047+/-0.009,0.050+/-0.009,0.053+/-0.009,0.056+/-0.010,0.059+/-0.010,0.062+/-0.010,0.065+/-0.010,0.068+/-0.011,0.071+/-0.011,0.074+/-0.011,0.077+/-0.012,0.080+/-0.012,0.083+/-0.012,0.086+/-0.013,0.089+/-0.013,0.092+/-0.014,0.095+/-0.014,0.098+/-0.014,0.101+/-0.015,0.104+/-0.015,0.107+/-0.015,0.110+/-0.016,0.113+/-0.016,0.116+/-0.017,0.119+/-0.017,0.122+/-0.017,0.125+/-0.018,0.128+/-0.018,0.131+/-0.019,0.134+/-0.019,0.137+/-0.019,0.140+/-0.020,0.143+/-0.020,0.146+/-0.021,0.149+/-0.021
Laos,595095,1089268,0.0,(3.8+/-2.0)e-05,(9+/-4)e-05,0.00014+/-0.00007,0.011+/-0.004,0.011+/-0.004,0.011+/-0.004,0.011+/-0.004,0.011+/-0.004,0.012+/-0.004,0.012+/-0.004,0.012+/-0.004,0.012+/-0.004,0.012+/-0.004,0.012+/-0.004,0.012+/-0.004,0.012+/-0.004,0.012+/-0.004,0.012+/-0.004,0.012+/-0.004,0.012+/-0.004,0.012+/-0.004,0.012+/-0.004,0.012+/-0.004,0.012+/-0.004,0.012+/-0.004,0.012+/-0.004,0.012+/-0.004,0.012+/-0.004,0.012+/-0.004,0.012+/-0.004,0.012+/-0.004,0.012+/-0.004,0.012+/-0.004,0.012+/-0.004,0.012+/-0.004,0.012+/-0.004,0.012+/-0.004,0.012+/-0.004,0.012+/-0.004,0.012+/-0.004,0.012+/-0.004,0.012+/-0.004,0.012+/-0.004,0.012+/-0.004,0.012+/-0.004,0.012+/-0.004,0.012+/-0.004,0.012+/-0.004,0.012+/-0.004,0.012+/-0.004,0.012+/-0.004,0.012+/-0.004
Lebanon,262903,759831,0.0,(1.9+/-1.0)e-05,(4.2+/-2.2)e-05,(7+/-4)e-05,0.00036+/-0.00011,0.00042+/-0.00013,0.00054+/-0.00018,0.00061+/-0.00021,0.00065+/-0.00023,0.00068+/-0.00024,0.00070+/-0.00025,0.00072+/-0.00026,0.00072+/-0.00026,0.00072+/-0.00026,0.00072+/-0.00026,0.00072+/-0.00026,0.00072+/-0.00026,0.00072+/-0.00026,0.00072+/-0.00026,0.00072+/-0.00026,0.00072+/-0.00026,0.00072+/-0.00026,0.00072+/-0.00026,0.00072+/-0.00026,0.00072+/-0.00026,0.00072+/-0.00026,0.00072+/-0.00026,0.00072+/-0.00026,0.00072+/-0.00026,0.00072+/-0.00026,0.00072+/-0.00026,0.00072+/-0.00026,0.00072+/-0.00026,0.00072+/-0.00026,0.00072+/-0.00026,0.00072+/-0.00026,0.00072+/-0.00026,0.00072+/-0.00026,0.00072+/-0.00026,0.00072+/-0.00026,0.00072+/-0.00026,0.00072+/-0.00026,0.00072+/-0.00026,0.00072+/-0.00026,0.00072+/-0.00026,0.00072+/-0.00026,0.00072+/-0.00026,0.00072+/-0.00026,0.00072+/-0.00026,0.00072+/-0.00026,0.00072+/-0.00026,0.00072+/-0.00026,0.00072+/-0.00026
Liberia,179335,546848,0.0,0.0+/-0,0.0+/-0,0.0+/-0,0.00037+/-0.00013,0.00037+/-0.00013,0.00037+/-0.00013,0.00037+/-0.00013,0.00037+/-0.00013,0.00037+/-0.00013,0.00037+/-0.00013,0.00037+/-0.00013,0.00037+/-0.00013,0.00037+/-0.00013,0.00037+/-0.00013,0.00037+/-0.00013,0.00037+/-0.00013,0.00037+/-0.00013,0.00037+/-0.00013,0.00037+/-0.00013,0.00037+/-0.00013,0.00037+/-0.00013,0.00037+/-0.00013,0.00037+/-0.00013,0.00037+/-0.00013,0.00037+/-0.00013,0.00037+/-0.00013,0.00037+/-0.00013,0.00037+/-0.00013,0.00037+/-0.00013,0.00037+/-0.00013,0.00037+/-0.00013,0.00037+/-0.00013,0.00037+/-0.00013,0.00037+/-0.00013,0.00037+/-0.00013,0.00037+/-0.00013,0.00037+/-0.00013,0.00037+/-0.00013,0.00037+/-0.00013,0.00037+/-0.00013,0.00037+/-0.00013,0.00037+/-0.00013,0.00037+/-0.00013,0.00037+/-0.00013,0.00037+/-0.00013,0.00037+/-0.00013,0.00037+/-0.00013,0.00037+/-0.00013,0.00037+/-0.00013,0.00037+/-0.00013,0.00037+/-0.00013,0.00037+/-0.00013
Libya,421853,955786,0.0,0.0+/-0,0.0+/-0,0.0+/-0,0.00016+/-0.00006,0.00016+/-0.00006,0.00016+/-0.00006,0.00016+/-0.00006,0.00016+/-0.00006,0.00016+/-0.00006,0.00016+/-0.00006,0.00016+/-0.00006,0.00016+/-0.00006,0.00016+/-0.00006,0.00016+/-0.00006,0.00016+/-0.00006,0.00016+/-0.00006,0.00016+/-0.00006,0.00016+/-0.00006,0.00016+/-0.00006,0.00016+/-0.00006,0.00016+/-0.00006,0.00016+/-0.00006,0.00016+/-0.00006,0.00016+/-0.00006,0.00016+/-0.00006,0.00016+/-0.00006,0.00016+/-0.00006,0.00016+/-0.00006,0.00016+/-0.00006,0.00016+/-0.00006,0.00016+/-0.00006,0.00016+/-0.00006,0.00016+/-0.00006,0.00016+/-0.00006,0.00016+/-0.00006,0.00016+/-0.00006,0.00016+/-0.00006,0.00016+/-0.00006,0.00016+/-0.00006,0.00016+/-0.00006,0.00016+/-0.00006,0.00016+/-0.00006,0.00016+/-0.00006,0.00016+/-0.00006,0.00016+/-0.00006,0.00016+/-0.00006,0.00016+/-0.00006,0.00016+/-0.00006,0.00016+/-0.00006,0.00016+/-0.00006,0.00016+/-0.00006,0.00016+/-0.00006
St. Lucia,15501,25274,0.0,(8+/-4)e-05,0.00019+/-0.00010,0.00031+/-0.00016,0.0048+/-0.0015,0.0050+/-0.0016,0.0056+/-0.0017,0.0058+/-0.0017,0.0060+/-0.0018,0.0062+/-0.0018,0.0063+/-0.0018,0.0063+/-0.0019,0.0063+/-0.0019,0.0063+/-0.0019,0.0063+/-0.0019,0.0063+/-0.0019,0.0063+/-0.0019,0.0063+/-0.0019,0.0063+/-0.0019,0.0063+/-0.0019,0.0063+/-0.0019,0.0063+/-0.0019,0.0063+/-0.0019,0.0063+/-0.0019,0.0063+/-0.0019,0.0063+/-0.0019,0.0063+/-0.0019,0.0063+/-0.0019,0.0063+/-0.0019,0.0063+/-0.0019,0.0063+/-0.0019,0.0063+/-0.0019,0.0063+/-0.0019,0.0063+/-0.0019,0.0063+/-0.0019,0.0063+/-0.0019,0.0063+/-0.0019,0.0063+/-0.0019,0.0063+/-0.0019,0.0063+/-0.0019,0.0063+/-0.0019,0.0063+/-0.0019,0.0063+/-0.0019,0.0063+/-0.0019,0.0063+/-0.0019,0.0063+/-0.0019,0.0063+/-0.0019,0.0063+/-0.0019,0.0063+/-0.0019,0.0063+/-0.0019,0.0063+/-0.0019,0.0063+/-0.0019,0.0063+/-0.0019
Liechtenstein,2362,6566,0.0,0.018+/-0.010,0.041+/-0.022,0.07+/-0.04,0.14+/-0.06,0.20+/-0.09,0.32+/-0.15,0.37+/-0.18,0.42+/-0.20,0.44+/-0.22,0.47+/-0.23,0.48+/-0.24,0.48+/-0.24,0.48+/-0.24,0.48+/-0.24,0.48+/-0.24,0.48+/-0.24,0.48+/-0.24,0.48+/-0.24,0.48+/-0.24,0.48+/-0.24,0.48+/-0.24,0.48+/-0.24,0.48+/-0.24,0.48+/-0.24,0.48+/-0.24,0.48+/-0.24,0.48+/-0.24,0.48+/-0.24,0.48+/-0.24,0.48+/-0.24,0.48+/-0.24,0.48+/-0.24,0.48+/-0.24,0.48+/-0.24,0.48+/-0.24,0.48+/-0.24,0.48+/-0.24,0.48+/-0.24,0.48+/-0.24,0.48+/-0.24,0.48+/-0.24,0.48+/-0.24,0.48+/-0.24,0.48+/-0.24,0.48+/-0.24,0.48+/-0.24,0.48+/-0.24,0.48+/-0.24,0.48+/-0.24,0.48+/-0.24,0.48+/-0.24,0.48+/-0.24
Sri Lanka,1336440,2797773,0.0,0.00017+/-0.00009,0.00039+/-0.00020,0.00065+/-0.00034,0.0033+/-0.0010,0.0039+/-0.0012,0.0062+/-0.0017,0.0078+/-0.0020,0.0094+/-0.0022,0.0108+/-0.0023,0.0121+/-0.0025,0.0134+/-0.0026,0.0145+/-0.0027,0.0157+/-0.0028,0.0168+/-0.0028,0.0179+/-0.0029,0.0190+/-0.0030,0.0202+/-0.0031,0.0213+/-0.0032,0.0224+/-0.0034,0.0236+/-0.0035,0.025+/-0.004,0.026+/-0.004,0.027+/-0.004,0.028+/-0.004,0.029+/-0.004,0.030+/-0.004,0.031+/-0.004,0.033+/-0.005,0.034+/-0.005,0.035+/-0.005,0.036+/-0.005,0.037+/-0.005,0.038+/-0.005,0.039+/-0.005,0.040+/-0.006,0.042+/-0.006,0.043+/-0.006,0.044+/-0.006,0.045+/-0.006,0.046+/-0.006,0.047+/-0.006,0.048+/-0.007,0.050+/-0.007,0.051+/-0.007,0.052+/-0.007,0.053+/-0.007,0.054+/-0.007,0.055+/-0.008,0.056+/-0.008,0.057+/-0.008,0.059+/-0.008,0.060+/-0.008
Lesotho,87840,278813,0.0,0.0+/-0,0.0+/-0,0.0+/-0,0.00075+/-0.00026,0.00075+/-0.00026,0.00075+/-0.00026,0.00075+/-0.00026,0.00075+/-0.00026,0.00075+/-0.00026,0.00075+/-0.00026,0.00075+/-0.00026,0.00075+/-0.00026,0.00075+/-0.00026,0.00075+/-0.00026,0.00075+/-0.00026,0.00075+/-0.00026,0.00075+/-0.00026,0.00075+/-0.00026,0.00075+/-0.00026,0.00075+/-0.00026,0.00075+/-0.00026,0.00075+/-0.00026,0.00075+/-0.00026,0.00075+/-0.00026,0.00075+/-0.00026,0.00075+/-0.00026,0.00075+/-0.00026,0.00075+/-0.00026,0.00075+/-0.00026,0.00075+/-0.00026,0.00075+/-0.00026,0.00075+/-0.00026,0.00075+/-0.00026,0.00075+/-0.00026,0.00075+/-0.00026,0.00075+/-0.00026,0.00075+/-0.00026,0.00075+/-0.00026,0.00075+/-0.00026,0.00075+/-0.00026,0.00075+/-0.00026,0.00075+/-0.00026,0.00075+/-0.00026,0.00075+/-0.00026,0.00075+/-0.00026,0.00075+/-0.00026,0.00075+/-0.00026,0.00075+/-0.00026,0.00075+/-0.00026,0.00075+/-0.00026,0.00075+/-0.00026,0.00075+/-0.00026
Lithuania,199115,446343,0.0,0.0009+/-0.0005,0.0021+/-0.0011,0.0035+/-0.0018,0.0059+/-0.0029,0.009+/-0.005,0.015+/-0.008,0.018+/-0.009,0.025+/-0.010,0.032+/-0.011,0.038+/-0.012,0.044+/-0.013,0.049+/-0.013,0.054+/-0.013,0.059+/-0.013,0.064+/-0.014,0.069+/-0.014,0.074+/-0.014,0.080+/-0.015,0.085+/-0.015,0.090+/-0.016,0.095+/-0.016,0.100+/-0.017,0.105+/-0.017,0.110+/-0.018,0.115+/-0.018,0.120+/-0.019,0.125+/-0.019,0.130+/-0.020,0.135+/-0.020,0.140+/-0.021,0.145+/-0.022,0.151+/-0.022,0.156+/-0.023,0.161+/-0.024,0.166+/-0.024,0.171+/-0.025,0.176+/-0.026,0.181+/-0.026,0.186+/-0.027,0.191+/-0.028,0.196+/-0.028,0.201+/-0.029,0.206+/-0.030,0.211+/-0.030,0.217+/-0.031,0.222+/-0.032,0.227+/-0.032,0.232+/-0.033,0.237+/-0.034,0.242+/-0.034,0.247+/-0.035,0.25+/-0.04
Luxembourg,30337,66311,0.0,0.0017+/-0.0009,0.0039+/-0.0020,0.0065+/-0.0034,0.013+/-0.005,0.018+/-0.008,0.030+/-0.014,0.035+/-0.017,0.039+/-0.019,0.042+/-0.021,0.044+/-0.022,0.046+/-0.023,0.046+/-0.023,0.046+/-0.023,0.046+/-0.023,0.046+/-0.023,0.046+/-0.023,0.046+/-0.023,0.046+/-0.023,0.046+/-0.023,0.046+/-0.023,0.046+/-0.023,0.046+/-0.023,0.046+/-0.023,0.046+/-0.023,0.046+/-0.023,0.046+/-0.023,0.046+/-0.023,0.046+/-0.023,0.046+/-0.023,0.046+/-0.023,0.046+/-0.023,0.046+/-0.023,0.046+/-0.023,0.046+/-0.023,0.046+/-0.023,0.046+/-0.023,0.046+/-0.023,0.046+/-0.023,0.046+/-0.023,0.046+/-0.023,0.046+/-0.023,0.046+/-0.023,0.046+/-0.023,0.046+/-0.023,0.046+/-0.023,0.046+/-0.023,0.046+/-0.023,0.046+/-0.023,0.046+/-0.023,0.046+/-0.023,0.046+/-0.023,0.046+/-0.023
Latvia,126879,272462,0.0,0.00060+/-0.00031,0.0013+/-0.0007,0.0022+/-0.0012,0.0084+/-0.0020,0.0147+/-0.0032,0.023+/-0.005,0.029+/-0.006,0.035+/-0.007,0.040+/-0.008,0.045+/-0.009,0.050+/-0.009,0.054+/-0.010,0.059+/-0.010,0.063+/-0.011,0.067+/-0.011,0.072+/-0.011,0.076+/-0.012,0.080+/-0.012,0.085+/-0.013,0.089+/-0.013,0.093+/-0.014,0.097+/-0.014,0.102+/-0.015,0.106+/-0.015,0.110+/-0.016,0.115+/-0.017,0.119+/-0.017,0.123+/-0.018,0.128+/-0.018,0.132+/-0.019,0.136+/-0.019,0.141+/-0.020,0.145+/-0.021,0.149+/-0.021,0.154+/-0.022,0.158+/-0.022,0.162+/-0.023,0.167+/-0.024,0.171+/-0.024,0.175+/-0.025,0.179+/-0.025,0.184+/-0.026,0.188+/-0.027,0.192+/-0.027,0.197+/-0.028,0.201+/-0.028,0.205+/-0.029,0.210+/-0.030,0.214+/-0.030,0.218+/-0.031,0.223+/-0.031,0.227+/-0.032
Macau,34156,79282,0.0,0.0+/-0,0.0+/-0,0.0+/-0,0.0019+/-0.0007,0.0019+/-0.0007,0.0019+/-0.0007,0.0019+/-0.0007,0.0019+/-0.0007,0.0019+/-0.0007,0.0019+/-0.0007,0.0019+/-0.0007,0.0019+/-0.0007,0.0019+/-0.0007,0.0019+/-0.0007,0.0019+/-0.0007,0.0019+/-0.0007,0.0019+/-0.0007,0.0019+/-0.0007,0.0019+/-0.0007,0.0019+/-0.0007,0.0019+/-0.0007,0.0019+/-0.0007,0.0019+/-0.0007,0.0019+/-0.0007,0.0019+/-0.0007,0.0019+/-0.0007,0.0019+/-0.0007,0.0019+/-0.0007,0.0019+/-0.0007,0.0019+/-0.0007,0.0019+/-0.0007,0.0019+/-0.0007,0.0019+/-0.0007,0.0019+/-0.0007,0.0019+/-0.0007,0.0019+/-0.0007,0.0019+/-0.0007,0.0019+/-0.0007,0.0019+/-0.0007,0.0019+/-0.0007,0.0019+/-0.0007,0.0019+/-0.0007,0.0019+/-0.0007,0.0019+/-0.0007,0.0019+/-0.0007,0.0019+/-0.0007,0.0019+/-0.0007,0.0019+/-0.0007,0.0019+/-0.0007,0.0019+/-0.0007,0.0019+/-0.0007,0.0019+/-0.0007
Saint-Martin,0,0,0,0,0,0,0,0,0,0,0,0,0,0,0,0,0,0,0,0,0,0,0,0,0,0,0,0,0,0,0,0,0,0,0,0,0,0,0,0,0,0,0,0,0,0,0,0,0,0,0,0,0,0,0
Morocco,2043863,4630748,0.0,0.00015+/-0.00008,0.00034+/-0.00018,0.00057+/-0.00030,0.0076+/-0.0026,0.0081+/-0.0026,0.0091+/-0.0028,0.0096+/-0.0029,0.0109+/-0.0030,0.0120+/-0.0031,0.0131+/-0.0032,0.0141+/-0.0033,0.0150+/-0.0033,0.0159+/-0.0033,0.0169+/-0.0033,0.0178+/-0.0034,0.0187+/-0.0034,0.0196+/-0.0035,0.0205+/-0.0035,0.021+/-0.004,0.022+/-0.004,0.023+/-0.004,0.024+/-0.004,0.025+/-0.004,0.026+/-0.004,0.027+/-0.004,0.028+/-0.004,0.029+/-0.004,0.030+/-0.004,0.030+/-0.004,0.031+/-0.004,0.032+/-0.005,0.033+/-0.005,0.034+/-0.005,0.035+/-0.005,0.036+/-0.005,0.037+/-0.005,0.038+/-0.005,0.039+/-0.005,0.039+/-0.005,0.040+/-0.005,0.041+/-0.006,0.042+/-0.006,0.043+/-0.006,0.044+/-0.006,0.045+/-0.006,0.046+/-0.006,0.047+/-0.006,0.048+/-0.006,0.048+/-0.006,0.049+/-0.007,0.050+/-0.007,0.051+/-0.007
Monaco,8906,24757,0.0,0.0+/-0,0.0+/-0,0.0+/-0,0.0074+/-0.0026,0.0074+/-0.0026,0.0074+/-0.0026,0.0074+/-0.0026,0.0074+/-0.0026,0.0074+/-0.0026,0.0074+/-0.0026,0.0074+/-0.0026,0.0074+/-0.0026,0.0074+/-0.0026,0.0074+/-0.0026,0.0074+/-0.0026,0.0074+/-0.0026,0.0074+/-0.0026,0.0074+/-0.0026,0.0074+/-0.0026,0.0074+/-0.0026,0.0074+/-0.0026,0.0074+/-0.0026,0.0074+/-0.0026,0.0074+/-0.0026,0.0074+/-0.0026,0.0074+/-0.0026,0.0074+/-0.0026,0.0074+/-0.0026,0.0074+/-0.0026,0.0074+/-0.0026,0.0074+/-0.0026,0.0074+/-0.0026,0.0074+/-0.0026,0.0074+/-0.0026,0.0074+/-0.0026,0.0074+/-0.0026,0.0074+/-0.0026,0.0074+/-0.0026,0.0074+/-0.0026,0.0074+/-0.0026,0.0074+/-0.0026,0.0074+/-0.0026,0.0074+/-0.0026,0.0074+/-0.0026,0.0074+/-0.0026,0.0074+/-0.0026,0.0074+/-0.0026,0.0074+/-0.0026,0.0074+/-0.0026,0.0074+/-0.0026,0.0074+/-0.0026,0.0074+/-0.0026
Moldova,191518,415148,0.0,0.00011+/-0.00006,0.00025+/-0.00013,0.00042+/-0.00022,0.0010+/-0.0004,0.0014+/-0.0006,0.0021+/-0.0009,0.0025+/-0.0011,0.0027+/-0.0012,0.0029+/-0.0013,0.0030+/-0.0014,0.0031+/-0.0015,0.0031+/-0.0015,0.0031+/-0.0015,0.0031+/-0.0015,0.0031+/-0.0015,0.0031+/-0.0015,0.0031+/-0.0015,0.0031+/-0.0015,0.0031+/-0.0015,0.0031+/-0.0015,0.0031+/-0.0015,0.0031+/-0.0015,0.0031+/-0.0015,0.0031+/-0.0015,0.0031+/-0.0015,0.0031+/-0.0015,0.0031+/-0.0015,0.0031+/-0.0015,0.0031+/-0.0015,0.0031+/-0.0015,0.0031+/-0.0015,0.0031+/-0.0015,0.0031+/-0.0015,0.0031+/-0.0015,0.0031+/-0.0015,0.0031+/-0.0015,0.0031+/-0.0015,0.0031+/-0.0015,0.0031+/-0.0015,0.0031+/-0.0015,0.0031+/-0.0015,0.0031+/-0.0015,0.0031+/-0.0015,0.0031+/-0.0015,0.0031+/-0.0015,0.0031+/-0.0015,0.0031+/-0.0015,0.0031+/-0.0015,0.0031+/-0.0015,0.0031+/-0.0015,0.0031+/-0.0015,0.0031+/-0.0015
Madagascar,2507546,4088474,0.0,0.0+/-0,0.0+/-0,0.0+/-0,0.00019+/-0.00007,0.00019+/-0.00007,0.00019+/-0.00007,0.00019+/-0.00007,0.00019+/-0.00007,0.00019+/-0.00007,0.00019+/-0.00007,0.00019+/-0.00007,0.00019+/-0.00007,0.00019+/-0.00007,0.00019+/-0.00007,0.00019+/-0.00007,0.00019+/-0.00007,0.00019+/-0.00007,0.00019+/-0.00007,0.00019+/-0.00007,0.00019+/-0.00007,0.00019+/-0.00007,0.00019+/-0.00007,0.00019+/-0.00007,0.00019+/-0.00007,0.00019+/-0.00007,0.00019+/-0.00007,0.00019+/-0.00007,0.00019+/-0.00007,0.00019+/-0.00007,0.00019+/-0.00007,0.00019+/-0.00007,0.00019+/-0.00007,0.00019+/-0.00007,0.00019+/-0.00007,0.00019+/-0.00007,0.00019+/-0.00007,0.00019+/-0.00007,0.00019+/-0.00007,0.00019+/-0.00007,0.00019+/-0.00007,0.00019+/-0.00007,0.00019+/-0.00007,0.00019+/-0.00007,0.00019+/-0.00007,0.00019+/-0.00007,0.00019+/-0.00007,0.00019+/-0.00007,0.00019+/-0.00007,0.00019+/-0.00007,0.00019+/-0.00007,0.00019+/-0.00007,0.00019+/-0.00007
Maldives,29927,71258,0.0,(7+/-4)e-05,0.00016+/-0.00008,0.00027+/-0.00014,0.0026+/-0.0008,0.0029+/-0.0009,0.0033+/-0.0010,0.0036+/-0.0011,0.0037+/-0.0011,0.0038+/-0.0012,0.0039+/-0.0012,0.0040+/-0.0012,0.0040+/-0.0012,0.0040+/-0.0012,0.0040+/-0.0012,0.0040+/-0.0012,0.0040+/-0.0012,0.0040+/-0.0012,0.0040+/-0.0012,0.0040+/-0.0012,0.0040+/-0.0012,0.0040+/-0.0012,0.0040+/-0.0012,0.0040+/-0.0012,0.0040+/-0.0012,0.0040+/-0.0012,0.0040+/-0.0012,0.0040+/-0.0012,0.0040+/-0.0012,0.0040+/-0.0012,0.0040+/-0.0012,0.0040+/-0.0012,0.0040+/-0.0012,0.0040+/-0.0012,0.0040+/-0.0012,0.0040+/-0.0012,0.0040+/-0.0012,0.0040+/-0.0012,0.0040+/-0.0012,0.0040+/-0.0012,0.0040+/-0.0012,0.0040+/-0.0012,0.0040+/-0.0012,0.0040+/-0.0012,0.0040+/-0.0012,0.0040+/-0.0012,0.0040+/-0.0012,0.0040+/-0.0012,0.0040+/-0.0012,0.0040+/-0.0012,0.0040+/-0.0012,0.0040+/-0.0012,0.0040+/-0.0012
Mexico,7871614,24222207,0.0,0.0007+/-0.0004,0.0015+/-0.0008,0.0025+/-0.0013,0.0116+/-0.0024,0.019+/-0.004,0.029+/-0.006,0.036+/-0.008,0.043+/-0.009,0.049+/-0.009,0.055+/-0.010,0.061+/-0.011,0.066+/-0.011,0.071+/-0.012,0.076+/-0.012,0.082+/-0.013,0.087+/-0.013,0.092+/-0.014,0.097+/-0.015,0.102+/-0.015,0.107+/-0.016,0.113+/-0.016,0.118+/-0.017,0.123+/-0.018,0.128+/-0.018,0.133+/-0.019,0.139+/-0.020,0.144+/-0.020,0.149+/-0.021,0.154+/-0.022,0.159+/-0.023,0.165+/-0.023,0.170+/-0.024,0.175+/-0.025,0.180+/-0.025,0.185+/-0.026,0.191+/-0.027,0.196+/-0.027,0.201+/-0.028,0.206+/-0.029,0.211+/-0.030,0.216+/-0.030,0.222+/-0.031,0.227+/-0.032,0.232+/-0.033,0.237+/-0.033,0.242+/-0.034,0.248+/-0.035,0.25+/-0.04,0.26+/-0.04,0.26+/-0.04,0.27+/-0.04,0.27+/-0.04
Marshall Islands,1931,4766,0.0,0.0+/-0,0.0+/-0,0.0+/-0,0.034+/-0.012,0.034+/-0.012,0.034+/-0.012,0.034+/-0.012,0.034+/-0.012,0.034+/-0.012,0.034+/-0.012,0.034+/-0.012,0.034+/-0.012,0.034+/-0.012,0.034+/-0.012,0.034+/-0.012,0.034+/-0.012,0.034+/-0.012,0.034+/-0.012,0.034+/-0.012,0.034+/-0.012,0.034+/-0.012,0.034+/-0.012,0.034+/-0.012,0.034+/-0.012,0.034+/-0.012,0.034+/-0.012,0.034+/-0.012,0.034+/-0.012,0.034+/-0.012,0.034+/-0.012,0.034+/-0.012,0.034+/-0.012,0.034+/-0.012,0.034+/-0.012,0.034+/-0.012,0.034+/-0.012,0.034+/-0.012,0.034+/-0.012,0.034+/-0.012,0.034+/-0.012,0.034+/-0.012,0.034+/-0.012,0.034+/-0.012,0.034+/-0.012,0.034+/-0.012,0.034+/-0.012,0.034+/-0.012,0.034+/-0.012,0.034+/-0.012,0.034+/-0.012,0.034+/-0.012,0.034+/-0.012
North Macedonia,125360,286142,0.0,0.00022+/-0.00011,0.00049+/-0.00026,0.0008+/-0.0004,0.024+/-0.008,0.025+/-0.008,0.026+/-0.009,0.027+/-0.009,0.027+/-0.009,0.027+/-0.009,0.028+/-0.009,0.028+/-0.009,0.028+/-0.009,0.028+/-0.009,0.028+/-0.009,0.028+/-0.009,0.028+/-0.009,0.028+/-0.009,0.028+/-0.009,0.028+/-0.009,0.028+/-0.009,0.028+/-0.009,0.028+/-0.009,0.028+/-0.009,0.028+/-0.009,0.028+/-0.009,0.028+/-0.009,0.028+/-0.009,0.028+/-0.009,0.028+/-0.009,0.028+/-0.009,0.028+/-0.009,0.028+/-0.009,0.028+/-0.009,0.028+/-0.009,0.028+/-0.009,0.028+/-0.009,0.028+/-0.009,0.028+/-0.009,0.028+/-0.009,0.028+/-0.009,0.028+/-0.009,0.028+/-0.009,0.028+/-0.009,0.028+/-0.009,0.028+/-0.009,0.028+/-0.009,0.028+/-0.009,0.028+/-0.009,0.028+/-0.009,0.028+/-0.009,0.028+/-0.009,0.028+/-0.009
Mali,1335754,2927545,0.0,0.0+/-0,0.0+/-0,0.0+/-0,(4.9+/-1.7)e-05,(4.9+/-1.7)e-05,(4.9+/-1.7)e-05,(4.9+/-1.7)e-05,(4.9+/-1.7)e-05,(4.9+/-1.7)e-05,(4.9+/-1.7)e-05,(4.9+/-1.7)e-05,(4.9+/-1.7)e-05,(4.9+/-1.7)e-05,(4.9+/-1.7)e-05,(4.9+/-1.7)e-05,(4.9+/-1.7)e-05,(4.9+/-1.7)e-05,(4.9+/-1.7)e-05,(4.9+/-1.7)e-05,(4.9+/-1.7)e-05,(4.9+/-1.7)e-05,(4.9+/-1.7)e-05,(4.9+/-1.7)e-05,(4.9+/-1.7)e-05,(4.9+/-1.7)e-05,(4.9+/-1.7)e-05,(4.9+/-1.7)e-05,(4.9+/-1.7)e-05,(4.9+/-1.7)e-05,(4.9+/-1.7)e-05,(4.9+/-1.7)e-05,(4.9+/-1.7)e-05,(4.9+/-1.7)e-05,(4.9+/-1.7)e-05,(4.9+/-1.7)e-05,(4.9+/-1.7)e-05,(4.9+/-1.7)e-05,(4.9+/-1.7)e-05,(4.9+/-1.7)e-05,(4.9+/-1.7)e-05,(4.9+/-1.7)e-05,(4.9+/-1.7)e-05,(4.9+/-1.7)e-05,(4.9+/-1.7)e-05,(4.9+/-1.7)e-05,(4.9+/-1.7)e-05,(4.9+/-1.7)e-05,(4.9+/-1.7)e-05,(4.9+/-1.7)e-05,(4.9+/-1.7)e-05,(4.9+/-1.7)e-05,(4.9+/-1.7)e-05
Malta,41019,102172,0.0,0.00052+/-0.00028,0.0012+/-0.0006,0.0020+/-0.0010,0.0048+/-0.0017,0.0065+/-0.0026,0.010+/-0.004,0.012+/-0.005,0.013+/-0.006,0.014+/-0.006,0.014+/-0.007,0.015+/-0.007,0.015+/-0.007,0.015+/-0.007,0.015+/-0.007,0.015+/-0.007,0.015+/-0.007,0.015+/-0.007,0.015+/-0.007,0.015+/-0.007,0.015+/-0.007,0.015+/-0.007,0.015+/-0.007,0.015+/-0.007,0.015+/-0.007,0.015+/-0.007,0.015+/-0.007,0.015+/-0.007,0.015+/-0.007,0.015+/-0.007,0.015+/-0.007,0.015+/-0.007,0.015+/-0.007,0.015+/-0.007,0.015+/-0.007,0.015+/-0.007,0.015+/-0.007,0.015+/-0.007,0.015+/-0.007,0.015+/-0.007,0.015+/-0.007,0.015+/-0.007,0.015+/-0.007,0.015+/-0.007,0.015+/-0.007,0.015+/-0.007,0.015+/-0.007,0.015+/-0.007,0.015+/-0.007,0.015+/-0.007,0.015+/-0.007,0.015+/-0.007,0.015+/-0.007
Myanmar,3863021,8833817,0.0,(5.5+/-2.9)e-05,0.00012+/-0.00007,0.00021+/-0.00011,0.00048+/-0.00018,0.00066+/-0.00027,0.0010+/-0.0005,0.0015+/-0.0006,0.0020+/-0.0006,0.0024+/-0.0007,0.0029+/-0.0007,0.0033+/-0.0008,0.0036+/-0.0008,0.0040+/-0.0008,0.0043+/-0.0008,0.0047+/-0.0009,0.0050+/-0.0009,0.0054+/-0.0009,0.0057+/-0.0010,0.0061+/-0.0010,0.0064+/-0.0010,0.0068+/-0.0011,0.0071+/-0.0011,0.0075+/-0.0011,0.0078+/-0.0012,0.0082+/-0.0012,0.0085+/-0.0013,0.0089+/-0.0013,0.0092+/-0.0013,0.0095+/-0.0014,0.0099+/-0.0014,0.0102+/-0.0015,0.0106+/-0.0015,0.0109+/-0.0016,0.0113+/-0.0016,0.0116+/-0.0017,0.0120+/-0.0017,0.0123+/-0.0018,0.0127+/-0.0018,0.0130+/-0.0018,0.0134+/-0.0019,0.0137+/-0.0019,0.0141+/-0.0020,0.0144+/-0.0020,0.0148+/-0.0021,0.0151+/-0.0021,0.0155+/-0.0022,0.0158+/-0.0022,0.0162+/-0.0023,0.0165+/-0.0023,0.0169+/-0.0024,0.0172+/-0.0024,0.0176+/-0.0025
Montenegro,34386,86686,0.0,0.00011+/-0.00006,0.00024+/-0.00013,0.00040+/-0.00021,0.0026+/-0.0008,0.0029+/-0.0008,0.0036+/-0.0011,0.0039+/-0.0013,0.0042+/-0.0014,0.0043+/-0.0014,0.0045+/-0.0015,0.0046+/-0.0015,0.0046+/-0.0015,0.0046+/-0.0015,0.0046+/-0.0015,0.0046+/-0.0015,0.0046+/-0.0015,0.0046+/-0.0015,0.0046+/-0.0015,0.0046+/-0.0015,0.0046+/-0.0015,0.0046+/-0.0015,0.0046+/-0.0015,0.0046+/-0.0015,0.0046+/-0.0015,0.0046+/-0.0015,0.0046+/-0.0015,0.0046+/-0.0015,0.0046+/-0.0015,0.0046+/-0.0015,0.0046+/-0.0015,0.0046+/-0.0015,0.0046+/-0.0015,0.0046+/-0.0015,0.0046+/-0.0015,0.0046+/-0.0015,0.0046+/-0.0015,0.0046+/-0.0015,0.0046+/-0.0015,0.0046+/-0.0015,0.0046+/-0.0015,0.0046+/-0.0015,0.0046+/-0.0015,0.0046+/-0.0015,0.0046+/-0.0015,0.0046+/-0.0015,0.0046+/-0.0015,0.0046+/-0.0015,0.0046+/-0.0015,0.0046+/-0.0015,0.0046+/-0.0015,0.0046+/-0.0015,0.0046+/-0.0015
Mongolia,251447,487011,0.0,(8+/-4)e-05,0.00017+/-0.00009,0.00029+/-0.00015,0.016+/-0.006,0.016+/-0.006,0.017+/-0.006,0.017+/-0.006,0.017+/-0.006,0.017+/-0.006,0.017+/-0.006,0.017+/-0.006,0.017+/-0.006,0.017+/-0.006,0.017+/-0.006,0.017+/-0.006,0.017+/-0.006,0.017+/-0.006,0.017+/-0.006,0.017+/-0.006,0.017+/-0.006,0.017+/-0.006,0.017+/-0.006,0.017+/-0.006,0.017+/-0.006,0.017+/-0.006,0.017+/-0.006,0.017+/-0.006,0.017+/-0.006,0.017+/-0.006,0.017+/-0.006,0.017+/-0.006,0.017+/-0.006,0.017+/-0.006,0.017+/-0.006,0.017+/-0.006,0.017+/-0.006,0.017+/-0.006,0.017+/-0.006,0.017+/-0.006,0.017+/-0.006,0.017+/-0.006,0.017+/-0.006,0.017+/-0.006,0.017+/-0.006,0.017+/-0.006,0.017+/-0.006,0.017+/-0.006,0.017+/-0.006,0.017+/-0.006,0.017+/-0.006,0.017+/-0.006,0.017+/-0.006
Northern Mariana Islands,2790,7069,0.0,0.0+/-0,0.0+/-0,0.0+/-0,0.024+/-0.008,0.024+/-0.008,0.024+/-0.008,0.024+/-0.008,0.024+/-0.008,0.024+/-0.008,0.024+/-0.008,0.024+/-0.008,0.024+/-0.008,0.024+/-0.008,0.024+/-0.008,0.024+/-0.008,0.024+/-0.008,0.024+/-0.008,0.024+/-0.008,0.024+/-0.008,0.024+/-0.008,0.024+/-0.008,0.024+/-0.008,0.024+/-0.008,0.024+/-0.008,0.024+/-0.008,0.024+/-0.008,0.024+/-0.008,0.024+/-0.008,0.024+/-0.008,0.024+/-0.008,0.024+/-0.008,0.024+/-0.008,0.024+/-0.008,0.024+/-0.008,0.024+/-0.008,0.024+/-0.008,0.024+/-0.008,0.024+/-0.008,0.024+/-0.008,0.024+/-0.008,0.024+/-0.008,0.024+/-0.008,0.024+/-0.008,0.024+/-0.008,0.024+/-0.008,0.024+/-0.008,0.024+/-0.008,0.024+/-0.008,0.024+/-0.008,0.024+/-0.008,0.024+/-0.008,0.024+/-0.008
Mozambique,615314,2159585,0.0,0.0+/-0,0.0+/-0,0.0+/-0,0.00011+/-0.00004,0.00011+/-0.00004,0.00011+/-0.00004,0.00011+/-0.00004,0.00011+/-0.00004,0.00011+/-0.00004,0.00011+/-0.00004,0.00011+/-0.00004,0.00011+/-0.00004,0.00011+/-0.00004,0.00011+/-0.00004,0.00011+/-0.00004,0.00011+/-0.00004,0.00011+/-0.00004,0.00011+/-0.00004,0.00011+/-0.00004,0.00011+/-0.00004,0.00011+/-0.00004,0.00011+/-0.00004,0.00011+/-0.00004,0.00011+/-0.00004,0.00011+/-0.00004,0.00011+/-0.00004,0.00011+/-0.00004,0.00011+/-0.00004,0.00011+/-0.00004,0.00011+/-0.00004,0.00011+/-0.00004,0.00011+/-0.00004,0.00011+/-0.00004,0.00011+/-0.00004,0.00011+/-0.00004,0.00011+/-0.00004,0.00011+/-0.00004,0.00011+/-0.00004,0.00011+/-0.00004,0.00011+/-0.00004,0.00011+/-0.00004,0.00011+/-0.00004,0.00011+/-0.00004,0.00011+/-0.00004,0.00011+/-0.00004,0.00011+/-0.00004,0.00011+/-0.00004,0.00011+/-0.00004,0.00011+/-0.00004,0.00011+/-0.00004,0.00011+/-0.00004,0.00011+/-0.00004
Mauritania,148250,488192,0.0,0.0+/-0,0.0+/-0,0.0+/-0,0.00044+/-0.00016,0.00044+/-0.00016,0.00044+/-0.00016,0.00044+/-0.00016,0.00044+/-0.00016,0.00044+/-0.00016,0.00044+/-0.00016,0.00044+/-0.00016,0.00044+/-0.00016,0.00044+/-0.00016,0.00044+/-0.00016,0.00044+/-0.00016,0.00044+/-0.00016,0.00044+/-0.00016,0.00044+/-0.00016,0.00044+/-0.00016,0.00044+/-0.00016,0.00044+/-0.00016,0.00044+/-0.00016,0.00044+/-0.00016,0.00044+/-0.00016,0.00044+/-0.00016,0.00044+/-0.00016,0.00044+/-0.00016,0.00044+/-0.00016,0.00044+/-0.00016,0.00044+/-0.00016,0.00044+/-0.00016,0.00044+/-0.00016,0.00044+/-0.00016,0.00044+/-0.00016,0.00044+/-0.00016,0.00044+/-0.00016,0.00044+/-0.00016,0.00044+/-0.00016,0.00044+/-0.00016,0.00044+/-0.00016,0.00044+/-0.00016,0.00044+/-0.00016,0.00044+/-0.00016,0.00044+/-0.00016,0.00044+/-0.00016,0.00044+/-0.00016,0.00044+/-0.00016,0.00044+/-0.00016,0.00044+/-0.00016,0.00044+/-0.00016,0.00044+/-0.00016,0.00044+/-0.00016
Mauritius,75667,206937,0.0,0.0+/-0,0.0+/-0,0.0+/-0,0.0095+/-0.0035,0.0095+/-0.0035,0.0095+/-0.0035,0.0095+/-0.0035,0.0095+/-0.0035,0.0095+/-0.0035,0.0095+/-0.0035,0.0095+/-0.0035,0.0095+/-0.0035,0.0095+/-0.0035,0.0095+/-0.0035,0.0095+/-0.0035,0.0095+/-0.0035,0.0095+/-0.0035,0.0095+/-0.0035,0.0095+/-0.0035,0.0095+/-0.0035,0.0095+/-0.0035,0.0095+/-0.0035,0.0095+/-0.0035,0.0095+/-0.0035,0.0095+/-0.0035,0.0095+/-0.0035,0.0095+/-0.0035,0.0095+/-0.0035,0.0095+/-0.0035,0.0095+/-0.0035,0.0095+/-0.0035,0.0095+/-0.0035,0.0095+/-0.0035,0.0095+/-0.0035,0.0095+/-0.0035,0.0095+/-0.0035,0.0095+/-0.0035,0.0095+/-0.0035,0.0095+/-0.0035,0.0095+/-0.0035,0.0095+/-0.0035,0.0095+/-0.0035,0.0095+/-0.0035,0.0095+/-0.0035,0.0095+/-0.0035,0.0095+/-0.0035,0.0095+/-0.0035,0.0095+/-0.0035,0.0095+/-0.0035,0.0095+/-0.0035,0.0095+/-0.0035,0.0095+/-0.0035
Malawi,1009990,2063335,0.0,0.0+/-0,0.0+/-0,0.0+/-0,(6.5+/-2.3)e-05,(6.5+/-2.3)e-05,(6.5+/-2.3)e-05,(6.5+/-2.3)e-05,(6.5+/-2.3)e-05,(6.5+/-2.3)e-05,(6.5+/-2.3)e-05,(6.5+/-2.3)e-05,(6.5+/-2.3)e-05,(6.5+/-2.3)e-05,(6.5+/-2.3)e-05,(6.5+/-2.3)e-05,(6.5+/-2.3)e-05,(6.5+/-2.3)e-05,(6.5+/-2.3)e-05,(6.5+/-2.3)e-05,(6.5+/-2.3)e-05,(6.5+/-2.3)e-05,(6.5+/-2.3)e-05,(6.5+/-2.3)e-05,(6.5+/-2.3)e-05,(6.5+/-2.3)e-05,(6.5+/-2.3)e-05,(6.5+/-2.3)e-05,(6.5+/-2.3)e-05,(6.5+/-2.3)e-05,(6.5+/-2.3)e-05,(6.5+/-2.3)e-05,(6.5+/-2.3)e-05,(6.5+/-2.3)e-05,(6.5+/-2.3)e-05,(6.5+/-2.3)e-05,(6.5+/-2.3)e-05,(6.5+/-2.3)e-05,(6.5+/-2.3)e-05,(6.5+/-2.3)e-05,(6.5+/-2.3)e-05,(6.5+/-2.3)e-05,(6.5+/-2.3)e-05,(6.5+/-2.3)e-05,(6.5+/-2.3)e-05,(6.5+/-2.3)e-05,(6.5+/-2.3)e-05,(6.5+/-2.3)e-05,(6.5+/-2.3)e-05,(6.5+/-2.3)e-05,(6.5+/-2.3)e-05,(6.5+/-2.3)e-05,(6.5+/-2.3)e-05
Malaysia,2955845,7300593,0.0,0.00045+/-0.00024,0.0010+/-0.0005,0.0056+/-0.0011,0.026+/-0.006,0.031+/-0.006,0.038+/-0.007,0.043+/-0.008,0.048+/-0.008,0.053+/-0.009,0.057+/-0.009,0.062+/-0.010,0.066+/-0.010,0.069+/-0.010,0.073+/-0.011,0.077+/-0.011,0.081+/-0.012,0.085+/-0.012,0.089+/-0.012,0.093+/-0.013,0.097+/-0.013,0.101+/-0.014,0.105+/-0.014,0.109+/-0.015,0.112+/-0.015,0.116+/-0.016,0.120+/-0.016,0.124+/-0.017,0.128+/-0.017,0.132+/-0.018,0.136+/-0.018,0.140+/-0.019,0.144+/-0.019,0.148+/-0.020,0.152+/-0.020,0.156+/-0.021,0.159+/-0.021,0.163+/-0.022,0.167+/-0.022,0.171+/-0.023,0.175+/-0.023,0.179+/-0.024,0.183+/-0.024,0.187+/-0.025,0.191+/-0.026,0.195+/-0.026,0.199+/-0.027,0.203+/-0.027,0.206+/-0.028,0.210+/-0.028,0.214+/-0.029,0.218+/-0.029,0.222+/-0.030
Namibia,154577,398290,0.0,0.0+/-0,0.0+/-0,0.0+/-0,0.0030+/-0.0011,0.0030+/-0.0011,0.0030+/-0.0011,0.0030+/-0.0011,0.0030+/-0.0011,0.0030+/-0.0011,0.0030+/-0.0011,0.0030+/-0.0011,0.0030+/-0.0011,0.0030+/-0.0011,0.0030+/-0.0011,0.0030+/-0.0011,0.0030+/-0.0011,0.0030+/-0.0011,0.0030+/-0.0011,0.0030+/-0.0011,0.0030+/-0.0011,0.0030+/-0.0011,0.0030+/-0.0011,0.0030+/-0.0011,0.0030+/-0.0011,0.0030+/-0.0011,0.0030+/-0.0011,0.0030+/-0.0011,0.0030+/-0.0011,0.0030+/-0.0011,0.0030+/-0.0011,0.0030+/-0.0011,0.0030+/-0.0011,0.0030+/-0.0011,0.0030+/-0.0011,0.0030+/-0.0011,0.0030+/-0.0011,0.0030+/-0.0011,0.0030+/-0.0011,0.0030+/-0.0011,0.0030+/-0.0011,0.0030+/-0.0011,0.0030+/-0.0011,0.0030+/-0.0011,0.0030+/-0.0011,0.0030+/-0.0011,0.0030+/-0.0011,0.0030+/-0.0011,0.0030+/-0.0011,0.0030+/-0.0011,0.0030+/-0.0011,0.0030+/-0.0011,0.0030+/-0.0011
New Caledonia,15798,38044,0.0,0.0+/-0,0.0+/-0,0.0+/-0,0.083+/-0.031,0.083+/-0.031,0.083+/-0.031,0.083+/-0.031,0.083+/-0.031,0.083+/-0.031,0.083+/-0.031,0.083+/-0.031,0.083+/-0.031,0.083+/-0.031,0.083+/-0.031,0.083+/-0.031,0.083+/-0.031,0.083+/-0.031,0.083+/-0.031,0.083+/-0.031,0.083+/-0.031,0.083+/-0.031,0.083+/-0.031,0.083+/-0.031,0.083+/-0.031,0.083+/-0.031,0.083+/-0.031,0.083+/-0.031,0.083+/-0.031,0.083+/-0.031,0.083+/-0.031,0.083+/-0.031,0.083+/-0.031,0.083+/-0.031,0.083+/-0.031,0.083+/-0.031,0.083+/-0.031,0.083+/-0.031,0.083+/-0.031,0.083+/-0.031,0.083+/-0.031,0.083+/-0.031,0.083+/-0.031,0.083+/-0.031,0.083+/-0.031,0.083+/-0.031,0.083+/-0.031,0.083+/-0.031,0.083+/-0.031,0.083+/-0.031,0.083+/-0.031,0.083+/-0.031,0.083+/-0.031
Niger,1286469,4236382,0.0,0.0+/-0,0.0+/-0,0.0+/-0,0.00013+/-0.00005,0.00013+/-0.00005,0.00013+/-0.00005,0.00013+/-0.00005,0.00013+/-0.00005,0.00013+/-0.00005,0.00013+/-0.00005,0.00013+/-0.00005,0.00013+/-0.00005,0.00013+/-0.00005,0.00013+/-0.00005,0.00013+/-0.00005,0.00013+/-0.00005,0.00013+/-0.00005,0.00013+/-0.00005,0.00013+/-0.00005,0.00013+/-0.00005,0.00013+/-0.00005,0.00013+/-0.00005,0.00013+/-0.00005,0.00013+/-0.00005,0.00013+/-0.00005,0.00013+/-0.00005,0.00013+/-0.00005,0.00013+/-0.00005,0.00013+/-0.00005,0.00013+/-0.00005,0.00013+/-0.00005,0.00013+/-0.00005,0.00013+/-0.00005,0.00013+/-0.00005,0.00013+/-0.00005,0.00013+/-0.00005,0.00013+/-0.00005,0.00013+/-0.00005,0.00013+/-0.00005,0.00013+/-0.00005,0.00013+/-0.00005,0.00013+/-0.00005,0.00013+/-0.00005,0.00013+/-0.00005,0.00013+/-0.00005,0.00013+/-0.00005,0.00013+/-0.00005,0.00013+/-0.00005,0.00013+/-0.00005,0.00013+/-0.00005,0.00013+/-0.00005,0.00013+/-0.00005
Nigeria,6580214,16942373,0.0,0.00081+/-0.00013,0.00166+/-0.00026,0.0026+/-0.0004,0.0037+/-0.0006,0.0049+/-0.0009,0.0066+/-0.0014,0.0077+/-0.0017,0.0087+/-0.0019,0.0096+/-0.0020,0.0105+/-0.0022,0.0113+/-0.0023,0.0119+/-0.0023,0.0126+/-0.0024,0.0132+/-0.0024,0.0139+/-0.0025,0.0146+/-0.0025,0.0152+/-0.0026,0.0159+/-0.0027,0.0165+/-0.0027,0.0172+/-0.0028,0.0179+/-0.0029,0.0185+/-0.0029,0.0192+/-0.0030,0.0198+/-0.0031,0.0205+/-0.0031,0.0212+/-0.0032,0.0218+/-0.0033,0.0225+/-0.0034,0.0231+/-0.0035,0.0238+/-0.0035,0.024+/-0.004,0.025+/-0.004,0.026+/-0.004,0.026+/-0.004,0.027+/-0.004,0.028+/-0.004,0.028+/-0.004,0.029+/-0.004,0.030+/-0.004,0.030+/-0.004,0.031+/-0.004,0.032+/-0.005,0.032+/-0.005,0.033+/-0.005,0.034+/-0.005,0.034+/-0.005,0.035+/-0.005,0.036+/-0.005,0.036+/-0.005,0.037+/-0.005,0.038+/-0.005,0.038+/-0.005
Nicaragua,437353,1372499,0.0,(8+/-4)e-05,0.00018+/-0.00010,0.00031+/-0.00016,0.00064+/-0.00026,0.0009+/-0.0004,0.0014+/-0.0007,0.0017+/-0.0008,0.0019+/-0.0009,0.0020+/-0.0010,0.0021+/-0.0010,0.0022+/-0.0011,0.0022+/-0.0011,0.0022+/-0.0011,0.0022+/-0.0011,0.0022+/-0.0011,0.0022+/-0.0011,0.0022+/-0.0011,0.0022+/-0.0011,0.0022+/-0.0011,0.0022+/-0.0011,0.0022+/-0.0011,0.0022+/-0.0011,0.0022+/-0.0011,0.0022+/-0.0011,0.0022+/-0.0011,0.0022+/-0.0011,0.0022+/-0.0011,0.0022+/-0.0011,0.0022+/-0.0011,0.0022+/-0.0011,0.0022+/-0.0011,0.0022+/-0.0011,0.0022+/-0.0011,0.0022+/-0.0011,0.0022+/-0.0011,0.0022+/-0.0011,0.0022+/-0.0011,0.0022+/-0.0011,0.0022+/-0.0011,0.0022+/-0.0011,0.0022+/-0.0011,0.0022+/-0.0011,0.0022+/-0.0011,0.0022+/-0.0011,0.0022+/-0.0011,0.0022+/-0.0011,0.0022+/-0.0011,0.0022+/-0.0011,0.0022+/-0.0011,0.0022+/-0.0011,0.0022+/-0.0011,0.0022+/-0.0011
Netherlands,1282688,2998462,0.0,0.0016+/-0.0008,0.0164+/-0.0026,0.032+/-0.005,0.057+/-0.008,0.075+/-0.011,0.098+/-0.016,0.116+/-0.020,0.133+/-0.022,0.148+/-0.024,0.163+/-0.026,0.177+/-0.028,0.190+/-0.029,0.203+/-0.031,0.216+/-0.032,0.229+/-0.034,0.242+/-0.035,0.25+/-0.04,0.27+/-0.04,0.28+/-0.04,0.29+/-0.04,0.31+/-0.04,0.32+/-0.04,0.33+/-0.05,0.34+/-0.05,0.36+/-0.05,0.37+/-0.05,0.38+/-0.05,0.40+/-0.06,0.41+/-0.06,0.42+/-0.06,0.44+/-0.06,0.45+/-0.06,0.46+/-0.06,0.47+/-0.07,0.49+/-0.07,0.50+/-0.07,0.51+/-0.07,0.53+/-0.07,0.54+/-0.08,0.55+/-0.08,0.56+/-0.08,0.58+/-0.08,0.59+/-0.08,0.60+/-0.08,0.62+/-0.09,0.63+/-0.09,0.64+/-0.09,0.65+/-0.09,0.67+/-0.09,0.68+/-0.10,0.69+/-0.10,0.71+/-0.10
Norway,467484,999401,0.0,0.0061+/-0.0009,0.0124+/-0.0019,0.0190+/-0.0030,0.026+/-0.004,0.035+/-0.006,0.046+/-0.009,0.054+/-0.011,0.062+/-0.012,0.068+/-0.013,0.075+/-0.014,0.081+/-0.015,0.086+/-0.016,0.091+/-0.016,0.096+/-0.016,0.101+/-0.017,0.106+/-0.017,0.111+/-0.018,0.117+/-0.019,0.122+/-0.019,0.127+/-0.020,0.132+/-0.020,0.137+/-0.021,0.142+/-0.021,0.147+/-0.022,0.153+/-0.023,0.158+/-0.023,0.163+/-0.024,0.168+/-0.025,0.173+/-0.025,0.178+/-0.026,0.183+/-0.027,0.188+/-0.027,0.194+/-0.028,0.199+/-0.029,0.204+/-0.029,0.209+/-0.030,0.214+/-0.031,0.219+/-0.031,0.224+/-0.032,0.229+/-0.033,0.235+/-0.033,0.240+/-0.034,0.245+/-0.035,0.25+/-0.04,0.26+/-0.04,0.26+/-0.04,0.27+/-0.04,0.27+/-0.04,0.28+/-0.04,0.28+/-0.04,0.29+/-0.04,0.29+/-0.04
Nepal,1136823,3463407,0.0,(2.4+/-1.3)e-05,(5.4+/-2.9)e-05,(9+/-5)e-05,0.00020+/-0.00008,0.00028+/-0.00012,0.00044+/-0.00020,0.00052+/-0.00024,0.00057+/-0.00027,0.00061+/-0.00029,0.00064+/-0.00031,0.00066+/-0.00032,0.00066+/-0.00032,0.00066+/-0.00032,0.00066+/-0.00032,0.00066+/-0.00032,0.00066+/-0.00032,0.00066+/-0.00032,0.00066+/-0.00032,0.00066+/-0.00032,0.00066+/-0.00032,0.00066+/-0.00032,0.00066+/-0.00032,0.00066+/-0.00032,0.00066+/-0.00032,0.00066+/-0.00032,0.00066+/-0.00032,0.00066+/-0.00032,0.00066+/-0.00032,0.00066+/-0.00032,0.00066+/-0.00032,0.00066+/-0.00032,0.00066+/-0.00032,0.00066+/-0.00032,0.00066+/-0.00032,0.00066+/-0.00032,0.00066+/-0.00032,0.00066+/-0.00032,0.00066+/-0.00032,0.00066+/-0.00032,0.00066+/-0.00032,0.00066+/-0.00032,0.00066+/-0.00032,0.00066+/-0.00032,0.00066+/-0.00032,0.00066+/-0.00032,0.00066+/-0.00032,0.00066+/-0.00032,0.00066+/-0.00032,0.00066+/-0.00032,0.00066+/-0.00032,0.00066+/-0.00032,0.00066+/-0.00032
Nauru,686,1168,0.0,0.0+/-0,0.0+/-0,0.0+/-0,0.096+/-0.034,0.096+/-0.034,0.096+/-0.034,0.096+/-0.034,0.096+/-0.034,0.096+/-0.034,0.096+/-0.034,0.096+/-0.034,0.096+/-0.034,0.096+/-0.034,0.096+/-0.034,0.096+/-0.034,0.096+/-0.034,0.096+/-0.034,0.096+/-0.034,0.096+/-0.034,0.096+/-0.034,0.096+/-0.034,0.096+/-0.034,0.096+/-0.034,0.096+/-0.034,0.096+/-0.034,0.096+/-0.034,0.096+/-0.034,0.096+/-0.034,0.096+/-0.034,0.096+/-0.034,0.096+/-0.034,0.096+/-0.034,0.096+/-0.034,0.096+/-0.034,0.096+/-0.034,0.096+/-0.034,0.096+/-0.034,0.096+/-0.034,0.096+/-0.034,0.096+/-0.034,0.096+/-0.034,0.096+/-0.034,0.096+/-0.034,0.096+/-0.034,0.096+/-0.034,0.096+/-0.034,0.096+/-0.034,0.096+/-0.034,0.096+/-0.034,0.096+/-0.034,0.096+/-0.034,0.096+/-0.034
New Zealand,409707,912917,0.0,0.0009+/-0.0005,0.0020+/-0.0010,0.0033+/-0.0017,0.011+/-0.004,0.020+/-0.005,0.032+/-0.008,0.041+/-0.009,0.049+/-0.011,0.056+/-0.011,0.063+/-0.012,0.070+/-0.013,0.076+/-0.014,0.082+/-0.014,0.088+/-0.015,0.094+/-0.015,0.100+/-0.016,0.106+/-0.016,0.112+/-0.017,0.118+/-0.018,0.124+/-0.018,0.131+/-0.019,0.137+/-0.020,0.143+/-0.020,0.149+/-0.021,0.155+/-0.022,0.161+/-0.023,0.167+/-0.023,0.173+/-0.024,0.179+/-0.025,0.185+/-0.026,0.191+/-0.027,0.197+/-0.027,0.203+/-0.028,0.209+/-0.029,0.215+/-0.030,0.221+/-0.031,0.227+/-0.032,0.233+/-0.032,0.239+/-0.033,0.245+/-0.034,0.251+/-0.035,0.26+/-0.04,0.26+/-0.04,0.27+/-0.04,0.28+/-0.04,0.28+/-0.04,0.29+/-0.04,0.29+/-0.04,0.30+/-0.04,0.31+/-0.04,0.31+/-0.04,0.32+/-0.04
Oman,322229,821365,0.0,0.00173+/-0.00031,0.0036+/-0.0007,0.0056+/-0.0011,0.0081+/-0.0017,0.0109+/-0.0025,0.015+/-0.004,0.018+/-0.005,0.020+/-0.006,0.022+/-0.006,0.024+/-0.006,0.026+/-0.007,0.027+/-0.007,0.029+/-0.007,0.030+/-0.007,0.031+/-0.007,0.032+/-0.007,0.034+/-0.007,0.035+/-0.007,0.036+/-0.007,0.037+/-0.007,0.039+/-0.007,0.040+/-0.008,0.041+/-0.008,0.042+/-0.008,0.043+/-0.008,0.045+/-0.008,0.046+/-0.008,0.047+/-0.008,0.048+/-0.008,0.050+/-0.008,0.051+/-0.009,0.052+/-0.009,0.053+/-0.009,0.055+/-0.009,0.056+/-0.009,0.057+/-0.009,0.058+/-0.009,0.060+/-0.009,0.061+/-0.010,0.062+/-0.010,0.063+/-0.010,0.065+/-0.010,0.066+/-0.010,0.067+/-0.010,0.068+/-0.010,0.070+/-0.011,0.071+/-0.011,0.072+/-0.011,0.073+/-0.011,0.075+/-0.011,0.076+/-0.011,0.077+/-0.011
Pakistan,16308785,31863930,0.0,(4.1+/-2.1)e-05,(9+/-5)e-05,0.00015+/-0.00008,0.0020+/-0.0007,0.0024+/-0.0007,0.0029+/-0.0007,0.0034+/-0.0008,0.0038+/-0.0008,0.0041+/-0.0008,0.0045+/-0.0009,0.0048+/-0.0009,0.0051+/-0.0009,0.0054+/-0.0009,0.0057+/-0.0009,0.0060+/-0.0010,0.0063+/-0.0010,0.0066+/-0.0010,0.0069+/-0.0010,0.0072+/-0.0011,0.0075+/-0.0011,0.0078+/-0.0011,0.0081+/-0.0011,0.0084+/-0.0012,0.0087+/-0.0012,0.0090+/-0.0012,0.0093+/-0.0013,0.0096+/-0.0013,0.0099+/-0.0013,0.0102+/-0.0014,0.0105+/-0.0014,0.0108+/-0.0014,0.0111+/-0.0015,0.0114+/-0.0015,0.0117+/-0.0016,0.0120+/-0.0016,0.0123+/-0.0016,0.0126+/-0.0017,0.0129+/-0.0017,0.0132+/-0.0017,0.0135+/-0.0018,0.0137+/-0.0018,0.0140+/-0.0019,0.0143+/-0.0019,0.0146+/-0.0019,0.0149+/-0.0020,0.0152+/-0.0020,0.0155+/-0.0021,0.0158+/-0.0021,0.0161+/-0.0021,0.0164+/-0.0022,0.0167+/-0.0022,0.0170+/-0.0023
Panama,321506,709321,0.0,0.00020+/-0.00010,0.00045+/-0.00024,0.0007+/-0.0004,0.0014+/-0.0006,0.0021+/-0.0010,0.0034+/-0.0017,0.0052+/-0.0020,0.0068+/-0.0023,0.0083+/-0.0024,0.0098+/-0.0026,0.0112+/-0.0028,0.0123+/-0.0028,0.0135+/-0.0029,0.0147+/-0.0030,0.0159+/-0.0031,0.0171+/-0.0032,0.0183+/-0.0033,0.0195+/-0.0034,0.0207+/-0.0035,0.022+/-0.004,0.023+/-0.004,0.024+/-0.004,0.025+/-0.004,0.027+/-0.004,0.028+/-0.004,0.029+/-0.004,0.030+/-0.005,0.031+/-0.005,0.033+/-0.005,0.034+/-0.005,0.035+/-0.005,0.036+/-0.005,0.037+/-0.005,0.039+/-0.006,0.040+/-0.006,0.041+/-0.006,0.042+/-0.006,0.043+/-0.006,0.044+/-0.006,0.046+/-0.007,0.047+/-0.007,0.048+/-0.007,0.049+/-0.007,0.050+/-0.007,0.052+/-0.007,0.053+/-0.007,0.054+/-0.008,0.055+/-0.008,0.056+/-0.008,0.058+/-0.008,0.059+/-0.008,0.060+/-0.008
Peru,2550165,7679542,0.0,0.00020+/-0.00010,0.00044+/-0.00023,0.0007+/-0.0004,0.0012+/-0.0006,0.0018+/-0.0010,0.0044+/-0.0016,0.0064+/-0.0020,0.0082+/-0.0023,0.0098+/-0.0025,0.0114+/-0.0027,0.0129+/-0.0028,0.0142+/-0.0029,0.0156+/-0.0030,0.0169+/-0.0031,0.0182+/-0.0032,0.0195+/-0.0034,0.0209+/-0.0035,0.022+/-0.004,0.024+/-0.004,0.025+/-0.004,0.026+/-0.004,0.028+/-0.004,0.029+/-0.004,0.030+/-0.005,0.031+/-0.005,0.033+/-0.005,0.034+/-0.005,0.035+/-0.005,0.037+/-0.005,0.038+/-0.006,0.039+/-0.006,0.041+/-0.006,0.042+/-0.006,0.043+/-0.006,0.045+/-0.006,0.046+/-0.007,0.047+/-0.007,0.049+/-0.007,0.050+/-0.007,0.051+/-0.007,0.053+/-0.008,0.054+/-0.008,0.055+/-0.008,0.057+/-0.008,0.058+/-0.008,0.059+/-0.008,0.061+/-0.009,0.062+/-0.009,0.063+/-0.009,0.065+/-0.009,0.066+/-0.009,0.067+/-0.010
Philippines,7430366,19228806,0.0,0.00014+/-0.00008,0.00032+/-0.00017,0.00053+/-0.00028,0.0066+/-0.0022,0.0080+/-0.0022,0.0100+/-0.0025,0.0114+/-0.0026,0.0128+/-0.0027,0.0140+/-0.0028,0.0152+/-0.0029,0.0163+/-0.0030,0.0173+/-0.0031,0.0183+/-0.0031,0.0194+/-0.0032,0.0204+/-0.0033,0.0214+/-0.0034,0.0224+/-0.0034,0.0234+/-0.0035,0.024+/-0.004,0.025+/-0.004,0.026+/-0.004,0.027+/-0.004,0.028+/-0.004,0.029+/-0.004,0.030+/-0.004,0.031+/-0.004,0.032+/-0.004,0.033+/-0.005,0.034+/-0.005,0.035+/-0.005,0.037+/-0.005,0.038+/-0.005,0.039+/-0.005,0.040+/-0.005,0.041+/-0.005,0.042+/-0.006,0.043+/-0.006,0.044+/-0.006,0.045+/-0.006,0.046+/-0.006,0.047+/-0.006,0.048+/-0.006,0.049+/-0.006,0.050+/-0.007,0.051+/-0.007,0.052+/-0.007,0.053+/-0.007,0.054+/-0.007,0.055+/-0.007,0.056+/-0.007,0.057+/-0.008,0.058+/-0.008
Palau,976,2594,0.0,0.0+/-0,0.0+/-0,0.0+/-0,0.068+/-0.024,0.068+/-0.024,0.068+/-0.024,0.068+/-0.024,0.068+/-0.024,0.068+/-0.024,0.068+/-0.024,0.068+/-0.024,0.068+/-0.024,0.068+/-0.024,0.068+/-0.024,0.068+/-0.024,0.068+/-0.024,0.068+/-0.024,0.068+/-0.024,0.068+/-0.024,0.068+/-0.024,0.068+/-0.024,0.068+/-0.024,0.068+/-0.024,0.068+/-0.024,0.068+/-0.024,0.068+/-0.024,0.068+/-0.024,0.068+/-0.024,0.068+/-0.024,0.068+/-0.024,0.068+/-0.024,0.068+/-0.024,0.068+/-0.024,0.068+/-0.024,0.068+/-0.024,0.068+/-0.024,0.068+/-0.024,0.068+/-0.024,0.068+/-0.024,0.068+/-0.024,0.068+/-0.024,0.068+/-0.024,0.068+/-0.024,0.068+/-0.024,0.068+/-0.024,0.068+/-0.024,0.068+/-0.024,0.068+/-0.024,0.068+/-0.024,0.068+/-0.024,0.068+/-0.024,0.068+/-0.024
Papua New Guinea,477693,1280540,0.0,0.0+/-0,0.0+/-0,0.0+/-0,0.00014+/-0.00005,0.00014+/-0.00005,0.00014+/-0.00005,0.00014+/-0.00005,0.00014+/-0.00005,0.00014+/-0.00005,0.00014+/-0.00005,0.00014+/-0.00005,0.00014+/-0.00005,0.00014+/-0.00005,0.00014+/-0.00005,0.00014+/-0.00005,0.00014+/-0.00005,0.00014+/-0.00005,0.00014+/-0.00005,0.00014+/-0.00005,0.00014+/-0.00005,0.00014+/-0.00005,0.00014+/-0.00005,0.00014+/-0.00005,0.00014+/-0.00005,0.00014+/-0.00005,0.00014+/-0.00005,0.00014+/-0.00005,0.00014+/-0.00005,0.00014+/-0.00005,0.00014+/-0.00005,0.00014+/-0.00005,0.00014+/-0.00005,0.00014+/-0.00005,0.00014+/-0.00005,0.00014+/-0.00005,0.00014+/-0.00005,0.00014+/-0.00005,0.00014+/-0.00005,0.00014+/-0.00005,0.00014+/-0.00005,0.00014+/-0.00005,0.00014+/-0.00005,0.00014+/-0.00005,0.00014+/-0.00005,0.00014+/-0.00005,0.00014+/-0.00005,0.00014+/-0.00005,0.00014+/-0.00005,0.00014+/-0.00005,0.00014+/-0.00005,0.00014+/-0.00005,0.00014+/-0.00005
Poland,2666899,5354498,0.0,0.0008+/-0.0004,0.0018+/-0.0009,0.0030+/-0.0016,0.040+/-0.013,0.048+/-0.014,0.058+/-0.015,0.066+/-0.015,0.073+/-0.016,0.080+/-0.017,0.086+/-0.017,0.092+/-0.018,0.098+/-0.018,0.103+/-0.018,0.108+/-0.018,0.114+/-0.019,0.119+/-0.019,0.124+/-0.020,0.130+/-0.020,0.135+/-0.020,0.140+/-0.021,0.146+/-0.021,0.151+/-0.022,0.156+/-0.022,0.162+/-0.023,0.167+/-0.023,0.172+/-0.024,0.178+/-0.025,0.183+/-0.025,0.188+/-0.026,0.194+/-0.026,0.199+/-0.027,0.204+/-0.028,0.210+/-0.028,0.215+/-0.029,0.220+/-0.030,0.226+/-0.030,0.231+/-0.031,0.236+/-0.031,0.241+/-0.032,0.247+/-0.033,0.252+/-0.034,0.257+/-0.034,0.263+/-0.035,0.27+/-0.04,0.27+/-0.04,0.28+/-0.04,0.28+/-0.04,0.29+/-0.04,0.29+/-0.04,0.30+/-0.04,0.31+/-0.04,0.31+/-0.04
Puerto Rico,143357,362519,0.0,0.0+/-0,0.0+/-0,0.0+/-0,0.00046+/-0.00016,0.00046+/-0.00016,0.00046+/-0.00016,0.00046+/-0.00016,0.00046+/-0.00016,0.00046+/-0.00016,0.00046+/-0.00016,0.00046+/-0.00016,0.00046+/-0.00016,0.00046+/-0.00016,0.00046+/-0.00016,0.00046+/-0.00016,0.00046+/-0.00016,0.00046+/-0.00016,0.00046+/-0.00016,0.00046+/-0.00016,0.00046+/-0.00016,0.00046+/-0.00016,0.00046+/-0.00016,0.00046+/-0.00016,0.00046+/-0.00016,0.00046+/-0.00016,0.00046+/-0.00016,0.00046+/-0.00016,0.00046+/-0.00016,0.00046+/-0.00016,0.00046+/-0.00016,0.00046+/-0.00016,0.00046+/-0.00016,0.00046+/-0.00016,0.00046+/-0.00016,0.00046+/-0.00016,0.00046+/-0.00016,0.00046+/-0.00016,0.00046+/-0.00016,0.00046+/-0.00016,0.00046+/-0.00016,0.00046+/-0.00016,0.00046+/-0.00016,0.00046+/-0.00016,0.00046+/-0.00016,0.00046+/-0.00016,0.00046+/-0.00016,0.00046+/-0.00016,0.00046+/-0.00016,0.00046+/-0.00016,0.00046+/-0.00016,0.00046+/-0.00016,0.00046+/-0.00016
North Korea,2864213,6252632,0.0,0.0+/-0,0.0+/-0,0.0+/-0,0.0038+/-0.0014,0.0038+/-0.0014,0.0038+/-0.0014,0.0038+/-0.0014,0.0038+/-0.0014,0.0038+/-0.0014,0.0038+/-0.0014,0.0038+/-0.0014,0.0038+/-0.0014,0.0038+/-0.0014,0.0038+/-0.0014,0.0038+/-0.0014,0.0038+/-0.0014,0.0038+/-0.0014,0.0038+/-0.0014,0.0038+/-0.0014,0.0038+/-0.0014,0.0038+/-0.0014,0.0038+/-0.0014,0.0038+/-0.0014,0.0038+/-0.0014,0.0038+/-0.0014,0.0038+/-0.0014,0.0038+/-0.0014,0.0038+/-0.0014,0.0038+/-0.0014,0.0038+/-0.0014,0.0038+/-0.0014,0.0038+/-0.0014,0.0038+/-0.0014,0.0038+/-0.0014,0.0038+/-0.0014,0.0038+/-0.0014,0.0038+/-0.0014,0.0038+/-0.0014,0.0038+/-0.0014,0.0038+/-0.0014,0.0038+/-0.0014,0.0038+/-0.0014,0.0038+/-0.0014,0.0038+/-0.0014,0.0038+/-0.0014,0.0038+/-0.0014,0.0038+/-0.0014,0.0038+/-0.0014,0.0038+/-0.0014,0.0038+/-0.0014,0.0038+/-0.0014,0.0038+/-0.0014
Portugal,766509,1784058,0.0,0.0007+/-0.0004,0.0016+/-0.0008,0.0026+/-0.0014,0.0095+/-0.0023,0.017+/-0.004,0.027+/-0.006,0.034+/-0.008,0.041+/-0.009,0.048+/-0.009,0.054+/-0.010,0.060+/-0.011,0.065+/-0.011,0.070+/-0.012,0.076+/-0.012,0.081+/-0.013,0.086+/-0.014,0.091+/-0.014,0.097+/-0.015,0.102+/-0.015,0.107+/-0.016,0.113+/-0.017,0.118+/-0.017,0.123+/-0.018,0.128+/-0.019,0.134+/-0.019,0.139+/-0.020,0.144+/-0.021,0.150+/-0.021,0.155+/-0.022,0.160+/-0.023,0.165+/-0.024,0.171+/-0.024,0.176+/-0.025,0.181+/-0.026,0.187+/-0.027,0.192+/-0.027,0.197+/-0.028,0.202+/-0.029,0.208+/-0.029,0.213+/-0.030,0.218+/-0.031,0.224+/-0.032,0.229+/-0.032,0.234+/-0.033,0.239+/-0.034,0.245+/-0.035,0.250+/-0.035,0.26+/-0.04,0.26+/-0.04,0.27+/-0.04,0.27+/-0.04,0.28+/-0.04
Paraguay,506391,1403572,0.0,0.00024+/-0.00013,0.00054+/-0.00029,0.0009+/-0.0005,0.0016+/-0.0008,0.0024+/-0.0012,0.0039+/-0.0020,0.0047+/-0.0024,0.0067+/-0.0027,0.0084+/-0.0029,0.0101+/-0.0031,0.0117+/-0.0033,0.0131+/-0.0034,0.0145+/-0.0034,0.0159+/-0.0035,0.017+/-0.004,0.019+/-0.004,0.020+/-0.004,0.021+/-0.004,0.023+/-0.004,0.024+/-0.004,0.026+/-0.004,0.027+/-0.004,0.028+/-0.005,0.030+/-0.005,0.031+/-0.005,0.032+/-0.005,0.034+/-0.005,0.035+/-0.005,0.037+/-0.006,0.038+/-0.006,0.039+/-0.006,0.041+/-0.006,0.042+/-0.006,0.043+/-0.006,0.045+/-0.007,0.046+/-0.007,0.048+/-0.007,0.049+/-0.007,0.050+/-0.007,0.052+/-0.007,0.053+/-0.008,0.055+/-0.008,0.056+/-0.008,0.057+/-0.008,0.059+/-0.008,0.060+/-0.009,0.061+/-0.009,0.063+/-0.009,0.064+/-0.009,0.066+/-0.009,0.067+/-0.010,0.068+/-0.010
Palestine,0,0,0,0,0,0,0,0,0,0,0,0,0,0,0,0,0,0,0,0,0,0,0,0,0,0,0,0,0,0,0,0,0,0,0,0,0,0,0,0,0,0,0,0,0,0,0,0,0,0,0,0,0,0,0
French Polynesia,14351,34559,0.0,0.0+/-0,0.0+/-0,0.0+/-0,0.0046+/-0.0016,0.0046+/-0.0016,0.0046+/-0.0016,0.0046+/-0.0016,0.0046+/-0.0016,0.0046+/-0.0016,0.0046+/-0.0016,0.0046+/-0.0016,0.0046+/-0.0016,0.0046+/-0.0016,0.0046+/-0.0016,0.0046+/-0.0016,0.0046+/-0.0016,0.0046+/-0.0016,0.0046+/-0.0016,0.0046+/-0.0016,0.0046+/-0.0016,0.0046+/-0.0016,0.0046+/-0.0016,0.0046+/-0.0016,0.0046+/-0.0016,0.0046+/-0.0016,0.0046+/-0.0016,0.0046+/-0.0016,0.0046+/-0.0016,0.0046+/-0.0016,0.0046+/-0.0016,0.0046+/-0.0016,0.0046+/-0.0016,0.0046+/-0.0016,0.0046+/-0.0016,0.0046+/-0.0016,0.0046+/-0.0016,0.0046+/-0.0016,0.0046+/-0.0016,0.0046+/-0.0016,0.0046+/-0.0016,0.0046+/-0.0016,0.0046+/-0.0016,0.0046+/-0.0016,0.0046+/-0.0016,0.0046+/-0.0016,0.0046+/-0.0016,0.0046+/-0.0016,0.0046+/-0.0016,0.0046+/-0.0016,0.0046+/-0.0016,0.0046+/-0.0016,0.0046+/-0.0016
Qatar,253009,644923,0.0,0.0012+/-0.0006,0.0026+/-0.0014,0.0044+/-0.0023,0.007+/-0.004,0.019+/-0.006,0.034+/-0.010,0.046+/-0.012,0.056+/-0.014,0.066+/-0.015,0.075+/-0.016,0.084+/-0.017,0.092+/-0.018,0.100+/-0.018,0.108+/-0.019,0.116+/-0.020,0.124+/-0.021,0.132+/-0.021,0.140+/-0.022,0.147+/-0.023,0.155+/-0.024,0.163+/-0.025,0.171+/-0.026,0.179+/-0.027,0.187+/-0.028,0.195+/-0.029,0.203+/-0.030,0.210+/-0.031,0.218+/-0.032,0.226+/-0.033,0.234+/-0.034,0.242+/-0.035,0.25+/-0.04,0.26+/-0.04,0.27+/-0.04,0.27+/-0.04,0.28+/-0.04,0.29+/-0.04,0.30+/-0.04,0.30+/-0.04,0.31+/-0.04,0.32+/-0.05,0.33+/-0.05,0.34+/-0.05,0.34+/-0.05,0.35+/-0.05,0.36+/-0.05,0.37+/-0.05,0.38+/-0.05,0.38+/-0.05,0.39+/-0.06,0.40+/-0.06,0.41+/-0.06
Romania,1434300,2983879,0.0,0.00046+/-0.00024,0.0010+/-0.0005,0.0017+/-0.0009,0.0081+/-0.0025,0.0095+/-0.0030,0.016+/-0.004,0.020+/-0.005,0.024+/-0.006,0.028+/-0.006,0.031+/-0.006,0.035+/-0.007,0.038+/-0.007,0.041+/-0.007,0.044+/-0.007,0.047+/-0.008,0.050+/-0.008,0.053+/-0.008,0.056+/-0.009,0.059+/-0.009,0.062+/-0.009,0.065+/-0.010,0.068+/-0.010,0.071+/-0.010,0.074+/-0.011,0.077+/-0.011,0.081+/-0.011,0.084+/-0.012,0.087+/-0.012,0.090+/-0.012,0.093+/-0.013,0.096+/-0.013,0.099+/-0.014,0.102+/-0.014,0.105+/-0.014,0.108+/-0.015,0.111+/-0.015,0.114+/-0.016,0.117+/-0.016,0.120+/-0.016,0.123+/-0.017,0.126+/-0.017,0.129+/-0.018,0.132+/-0.018,0.135+/-0.019,0.138+/-0.019,0.141+/-0.019,0.144+/-0.020,0.147+/-0.020,0.150+/-0.021,0.153+/-0.021,0.156+/-0.022,0.159+/-0.022
Russia,11679452,23119498,0.0,0.00033+/-0.00017,0.0007+/-0.0004,0.0012+/-0.0006,0.013+/-0.004,0.014+/-0.004,0.018+/-0.005,0.021+/-0.005,0.024+/-0.006,0.027+/-0.006,0.029+/-0.006,0.032+/-0.006,0.034+/-0.006,0.036+/-0.006,0.038+/-0.007,0.040+/-0.007,0.042+/-0.007,0.044+/-0.007,0.046+/-0.007,0.048+/-0.007,0.051+/-0.007,0.053+/-0.008,0.055+/-0.008,0.057+/-0.008,0.059+/-0.008,0.061+/-0.009,0.063+/-0.009,0.065+/-0.009,0.067+/-0.009,0.069+/-0.009,0.072+/-0.010,0.074+/-0.010,0.076+/-0.010,0.078+/-0.010,0.080+/-0.011,0.082+/-0.011,0.084+/-0.011,0.086+/-0.012,0.088+/-0.012,0.090+/-0.012,0.093+/-0.012,0.095+/-0.013,0.097+/-0.013,0.099+/-0.013,0.101+/-0.013,0.103+/-0.014,0.105+/-0.014,0.107+/-0.014,0.109+/-0.015,0.112+/-0.015,0.114+/-0.015,0.116+/-0.015,0.118+/-0.016
Rwanda,678009,2138118,0.0,0.0+/-0,0.0+/-0,0.0+/-0,(9.7+/-3.4)e-05,(9.7+/-3.4)e-05,(9.7+/-3.4)e-05,(9.7+/-3.4)e-05,(9.7+/-3.4)e-05,(9.7+/-3.4)e-05,(9.7+/-3.4)e-05,(9.7+/-3.4)e-05,(9.7+/-3.4)e-05,(9.7+/-3.4)e-05,(9.7+/-3.4)e-05,(9.7+/-3.4)e-05,(9.7+/-3.4)e-05,(9.7+/-3.4)e-05,(9.7+/-3.4)e-05,(9.7+/-3.4)e-05,(9.7+/-3.4)e-05,(9.7+/-3.4)e-05,(9.7+/-3.4)e-05,(9.7+/-3.4)e-05,(9.7+/-3.4)e-05,(9.7+/-3.4)e-05,(9.7+/-3.4)e-05,(9.7+/-3.4)e-05,(9.7+/-3.4)e-05,(9.7+/-3.4)e-05,(9.7+/-3.4)e-05,(9.7+/-3.4)e-05,(9.7+/-3.4)e-05,(9.7+/-3.4)e-05,(9.7+/-3.4)e-05,(9.7+/-3.4)e-05,(9.7+/-3.4)e-05,(9.7+/-3.4)e-05,(9.7+/-3.4)e-05,(9.7+/-3.4)e-05,(9.7+/-3.4)e-05,(9.7+/-3.4)e-05,(9.7+/-3.4)e-05,(9.7+/-3.4)e-05,(9.7+/-3.4)e-05,(9.7+/-3.4)e-05,(9.7+/-3.4)e-05,(9.7+/-3.4)e-05,(9.7+/-3.4)e-05,(9.7+/-3.4)e-05,(9.7+/-3.4)e-05,(9.7+/-3.4)e-05,(9.7+/-3.4)e-05
Saudi Arabia,2052718,5232399,0.0,0.0012+/-0.0006,0.0028+/-0.0014,0.0046+/-0.0024,0.007+/-0.004,0.020+/-0.006,0.036+/-0.010,0.049+/-0.013,0.060+/-0.015,0.070+/-0.016,0.080+/-0.017,0.090+/-0.018,0.098+/-0.019,0.107+/-0.020,0.115+/-0.020,0.124+/-0.021,0.132+/-0.022,0.141+/-0.023,0.149+/-0.024,0.158+/-0.025,0.166+/-0.026,0.175+/-0.027,0.183+/-0.028,0.192+/-0.029,0.200+/-0.030,0.209+/-0.031,0.217+/-0.032,0.226+/-0.033,0.234+/-0.034,0.242+/-0.035,0.25+/-0.04,0.26+/-0.04,0.27+/-0.04,0.28+/-0.04,0.28+/-0.04,0.29+/-0.04,0.30+/-0.04,0.31+/-0.04,0.32+/-0.05,0.33+/-0.05,0.34+/-0.05,0.34+/-0.05,0.35+/-0.05,0.36+/-0.05,0.37+/-0.05,0.38+/-0.05,0.39+/-0.05,0.40+/-0.06,0.40+/-0.06,0.41+/-0.06,0.42+/-0.06,0.43+/-0.06,0.44+/-0.06
Sudan,1461189,4329553,0.0,0.0+/-0,0.0+/-0,0.0+/-0,(4.5+/-1.6)e-05,(4.5+/-1.6)e-05,(4.5+/-1.6)e-05,(4.5+/-1.6)e-05,(4.5+/-1.6)e-05,(4.5+/-1.6)e-05,(4.5+/-1.6)e-05,(4.5+/-1.6)e-05,(4.5+/-1.6)e-05,(4.5+/-1.6)e-05,(4.5+/-1.6)e-05,(4.5+/-1.6)e-05,(4.5+/-1.6)e-05,(4.5+/-1.6)e-05,(4.5+/-1.6)e-05,(4.5+/-1.6)e-05,(4.5+/-1.6)e-05,(4.5+/-1.6)e-05,(4.5+/-1.6)e-05,(4.5+/-1.6)e-05,(4.5+/-1.6)e-05,(4.5+/-1.6)e-05,(4.5+/-1.6)e-05,(4.5+/-1.6)e-05,(4.5+/-1.6)e-05,(4.5+/-1.6)e-05,(4.5+/-1.6)e-05,(4.5+/-1.6)e-05,(4.5+/-1.6)e-05,(4.5+/-1.6)e-05,(4.5+/-1.6)e-05,(4.5+/-1.6)e-05,(4.5+/-1.6)e-05,(4.5+/-1.6)e-05,(4.5+/-1.6)e-05,(4.5+/-1.6)e-05,(4.5+/-1.6)e-05,(4.5+/-1.6)e-05,(4.5+/-1.6)e-05,(4.5+/-1.6)e-05,(4.5+/-1.6)e-05,(4.5+/-1.6)e-05,(4.5+/-1.6)e-05,(4.5+/-1.6)e-05,(4.5+/-1.6)e-05,(4.5+/-1.6)e-05,(4.5+/-1.6)e-05,(4.5+/-1.6)e-05,(4.5+/-1.6)e-05
Senegal,780165,2661089,0.0,0.0+/-0,0.0+/-0,0.0+/-0,0.00075+/-0.00028,0.00075+/-0.00028,0.00075+/-0.00028,0.00075+/-0.00028,0.00075+/-0.00028,0.00075+/-0.00028,0.00075+/-0.00028,0.00075+/-0.00028,0.00075+/-0.00028,0.00075+/-0.00028,0.00075+/-0.00028,0.00075+/-0.00028,0.00075+/-0.00028,0.00075+/-0.00028,0.00075+/-0.00028,0.00075+/-0.00028,0.00075+/-0.00028,0.00075+/-0.00028,0.00075+/-0.00028,0.00075+/-0.00028,0.00075+/-0.00028,0.00075+/-0.00028,0.00075+/-0.00028,0.00075+/-0.00028,0.00075+/-0.00028,0.00075+/-0.00028,0.00075+/-0.00028,0.00075+/-0.00028,0.00075+/-0.00028,0.00075+/-0.00028,0.00075+/-0.00028,0.00075+/-0.00028,0.00075+/-0.00028,0.00075+/-0.00028,0.00075+/-0.00028,0.00075+/-0.00028,0.00075+/-0.00028,0.00075+/-0.00028,0.00075+/-0.00028,0.00075+/-0.00028,0.00075+/-0.00028,0.00075+/-0.00028,0.00075+/-0.00028,0.00075+/-0.00028,0.00075+/-0.00028,0.00075+/-0.00028,0.00075+/-0.00028,0.00075+/-0.00028,0.00075+/-0.00028
Singapore,97286,179746,0.0,0.018+/-0.009,0.040+/-0.021,0.066+/-0.035,0.11+/-0.06,0.26+/-0.09,0.47+/-0.15,0.63+/-0.18,0.76+/-0.20,0.89+/-0.22,1.01+/-0.24,1.12+/-0.25,1.22+/-0.26,1.31+/-0.26,1.41+/-0.27,1.51+/-0.28,1.61+/-0.29,1.70+/-0.30,1.80+/-0.30,1.90+/-0.31,1.99+/-0.32,2.09+/-0.33,2.19+/-0.34,2.3+/-0.4,2.4+/-0.4,2.5+/-0.4,2.6+/-0.4,2.7+/-0.4,2.8+/-0.4,2.9+/-0.4,3.0+/-0.4,3.1+/-0.4,3.2+/-0.5,3.3+/-0.5,3.3+/-0.5,3.4+/-0.5,3.5+/-0.5,3.6+/-0.5,3.7+/-0.5,3.8+/-0.5,3.9+/-0.6,4.0+/-0.6,4.1+/-0.6,4.2+/-0.6,4.3+/-0.6,4.4+/-0.6,4.5+/-0.6,4.6+/-0.7,4.7+/-0.7,4.8+/-0.7,4.9+/-0.7,5.0+/-0.7,5.1+/-0.7
Solomon Islands,56621,137829,0.0,0.0+/-0,0.0+/-0,0.0+/-0,0.0012+/-0.0004,0.0012+/-0.0004,0.0012+/-0.0004,0.0012+/-0.0004,0.0012+/-0.0004,0.0012+/-0.0004,0.0012+/-0.0004,0.0012+/-0.0004,0.0012+/-0.0004,0.0012+/-0.0004,0.0012+/-0.0004,0.0012+/-0.0004,0.0012+/-0.0004,0.0012+/-0.0004,0.0012+/-0.0004,0.0012+/-0.0004,0.0012+/-0.0004,0.0012+/-0.0004,0.0012+/-0.0004,0.0012+/-0.0004,0.0012+/-0.0004,0.0012+/-0.0004,0.0012+/-0.0004,0.0012+/-0.0004,0.0012+/-0.0004,0.0012+/-0.0004,0.0012+/-0.0004,0.0012+/-0.0004,0.0012+/-0.0004,0.0012+/-0.0004,0.0012+/-0.0004,0.0012+/-0.0004,0.0012+/-0.0004,0.0012+/-0.0004,0.0012+/-0.0004,0.0012+/-0.0004,0.0012+/-0.0004,0.0012+/-0.0004,0.0012+/-0.0004,0.0012+/-0.0004,0.0012+/-0.0004,0.0012+/-0.0004,0.0012+/-0.0004,0.0012+/-0.0004,0.0012+/-0.0004,0.0012+/-0.0004,0.0012+/-0.0004,0.0012+/-0.0004,0.0012+/-0.0004
Sierra Leone,341731,1049682,0.0,0.0+/-0,0.0+/-0,0.0+/-0,0.00019+/-0.00007,0.00019+/-0.00007,0.00019+/-0.00007,0.00019+/-0.00007,0.00019+/-0.00007,0.00019+/-0.00007,0.00019+/-0.00007,0.00019+/-0.00007,0.00019+/-0.00007,0.00019+/-0.00007,0.00019+/-0.00007,0.00019+/-0.00007,0.00019+/-0.00007,0.00019+/-0.00007,0.00019+/-0.00007,0.00019+/-0.00007,0.00019+/-0.00007,0.00019+/-0.00007,0.00019+/-0.00007,0.00019+/-0.00007,0.00019+/-0.00007,0.00019+/-0.00007,0.00019+/-0.00007,0.00019+/-0.00007,0.00019+/-0.00007,0.00019+/-0.00007,0.00019+/-0.00007,0.00019+/-0.00007,0.00019+/-0.00007,0.00019+/-0.00007,0.00019+/-0.00007,0.00019+/-0.00007,0.00019+/-0.00007,0.00019+/-0.00007,0.00019+/-0.00007,0.00019+/-0.00007,0.00019+/-0.00007,0.00019+/-0.00007,0.00019+/-0.00007,0.00019+/-0.00007,0.00019+/-0.00007,0.00019+/-0.00007,0.00019+/-0.00007,0.00019+/-0.00007,0.00019+/-0.00007,0.00019+/-0.00007,0.00019+/-0.00007,0.00019+/-0.00007,0.00019+/-0.00007
El Salvador,404479,1310233,0.0,0.00107+/-0.00016,0.00217+/-0.00033,0.0033+/-0.0005,0.0048+/-0.0008,0.0062+/-0.0011,0.0082+/-0.0016,0.0096+/-0.0019,0.0109+/-0.0022,0.0121+/-0.0024,0.0132+/-0.0025,0.0142+/-0.0027,0.0151+/-0.0027,0.0160+/-0.0028,0.0169+/-0.0029,0.0178+/-0.0030,0.0187+/-0.0031,0.0196+/-0.0032,0.0205+/-0.0033,0.0214+/-0.0034,0.0223+/-0.0035,0.023+/-0.004,0.024+/-0.004,0.025+/-0.004,0.026+/-0.004,0.027+/-0.004,0.028+/-0.004,0.029+/-0.004,0.029+/-0.004,0.030+/-0.004,0.031+/-0.005,0.032+/-0.005,0.033+/-0.005,0.034+/-0.005,0.035+/-0.005,0.036+/-0.005,0.037+/-0.005,0.038+/-0.005,0.038+/-0.005,0.039+/-0.006,0.040+/-0.006,0.041+/-0.006,0.042+/-0.006,0.043+/-0.006,0.044+/-0.006,0.045+/-0.006,0.046+/-0.006,0.047+/-0.007,0.047+/-0.007,0.048+/-0.007,0.049+/-0.007,0.050+/-0.007,0.051+/-0.007
San Marino,1767,4913,0.0,0.0055+/-0.0029,0.012+/-0.007,0.021+/-0.011,0.070+/-0.022,0.088+/-0.030,0.12+/-0.05,0.14+/-0.06,0.15+/-0.06,0.16+/-0.07,0.17+/-0.07,0.18+/-0.07,0.18+/-0.07,0.18+/-0.07,0.18+/-0.07,0.18+/-0.07,0.18+/-0.07,0.18+/-0.07,0.18+/-0.07,0.18+/-0.07,0.18+/-0.07,0.18+/-0.07,0.18+/-0.07,0.18+/-0.07,0.18+/-0.07,0.18+/-0.07,0.18+/-0.07,0.18+/-0.07,0.18+/-0.07,0.18+/-0.07,0.18+/-0.07,0.18+/-0.07,0.18+/-0.07,0.18+/-0.07,0.18+/-0.07,0.18+/-0.07,0.18+/-0.07,0.18+/-0.07,0.18+/-0.07,0.18+/-0.07,0.18+/-0.07,0.18+/-0.07,0.18+/-0.07,0.18+/-0.07,0.18+/-0.07,0.18+/-0.07,0.18+/-0.07,0.18+/-0.07,0.18+/-0.07,0.18+/-0.07,0.18+/-0.07,0.18+/-0.07,0.18+/-0.07
Somalia,395759,988140,0.0,0.0+/-0,0.0+/-0,0.0+/-0,0.00017+/-0.00006,0.00017+/-0.00006,0.00017+/-0.00006,0.00017+/-0.00006,0.00017+/-0.00006,0.00017+/-0.00006,0.00017+/-0.00006,0.00017+/-0.00006,0.00017+/-0.00006,0.00017+/-0.00006,0.00017+/-0.00006,0.00017+/-0.00006,0.00017+/-0.00006,0.00017+/-0.00006,0.00017+/-0.00006,0.00017+/-0.00006,0.00017+/-0.00006,0.00017+/-0.00006,0.00017+/-0.00006,0.00017+/-0.00006,0.00017+/-0.00006,0.00017+/-0.00006,0.00017+/-0.00006,0.00017+/-0.00006,0.00017+/-0.00006,0.00017+/-0.00006,0.00017+/-0.00006,0.00017+/-0.00006,0.00017+/-0.00006,0.00017+/-0.00006,0.00017+/-0.00006,0.00017+/-0.00006,0.00017+/-0.00006,0.00017+/-0.00006,0.00017+/-0.00006,0.00017+/-0.00006,0.00017+/-0.00006,0.00017+/-0.00006,0.00017+/-0.00006,0.00017+/-0.00006,0.00017+/-0.00006,0.00017+/-0.00006,0.00017+/-0.00006,0.00017+/-0.00006,0.00017+/-0.00006,0.00017+/-0.00006,0.00017+/-0.00006,0.00017+/-0.00006,0.00017+/-0.00006
Serbia,533475,1043160,0.0,0.00196+/-0.00029,0.0040+/-0.0006,0.0061+/-0.0009,0.039+/-0.011,0.041+/-0.011,0.045+/-0.012,0.048+/-0.012,0.050+/-0.012,0.052+/-0.012,0.054+/-0.012,0.056+/-0.012,0.058+/-0.012,0.059+/-0.012,0.061+/-0.012,0.063+/-0.013,0.064+/-0.013,0.066+/-0.013,0.068+/-0.013,0.069+/-0.013,0.071+/-0.013,0.073+/-0.013,0.074+/-0.013,0.076+/-0.013,0.078+/-0.013,0.079+/-0.013,0.081+/-0.014,0.082+/-0.014,0.084+/-0.014,0.086+/-0.014,0.087+/-0.014,0.089+/-0.014,0.091+/-0.014,0.092+/-0.014,0.094+/-0.015,0.096+/-0.015,0.097+/-0.015,0.099+/-0.015,0.101+/-0.015,0.102+/-0.015,0.104+/-0.015,0.106+/-0.016,0.107+/-0.016,0.109+/-0.016,0.111+/-0.016,0.112+/-0.016,0.114+/-0.016,0.115+/-0.017,0.117+/-0.017,0.119+/-0.017,0.120+/-0.017,0.122+/-0.017,0.124+/-0.017
South Sudan,627113,1870551,0.0,0.0+/-0,0.0+/-0,0.0+/-0,0.00011+/-0.00004,0.00011+/-0.00004,0.00011+/-0.00004,0.00011+/-0.00004,0.00011+/-0.00004,0.00011+/-0.00004,0.00011+/-0.00004,0.00011+/-0.00004,0.00011+/-0.00004,0.00011+/-0.00004,0.00011+/-0.00004,0.00011+/-0.00004,0.00011+/-0.00004,0.00011+/-0.00004,0.00011+/-0.00004,0.00011+/-0.00004,0.00011+/-0.00004,0.00011+/-0.00004,0.00011+/-0.00004,0.00011+/-0.00004,0.00011+/-0.00004,0.00011+/-0.00004,0.00011+/-0.00004,0.00011+/-0.00004,0.00011+/-0.00004,0.00011+/-0.00004,0.00011+/-0.00004,0.00011+/-0.00004,0.00011+/-0.00004,0.00011+/-0.00004,0.00011+/-0.00004,0.00011+/-0.00004,0.00011+/-0.00004,0.00011+/-0.00004,0.00011+/-0.00004,0.00011+/-0.00004,0.00011+/-0.00004,0.00011+/-0.00004,0.00011+/-0.00004,0.00011+/-0.00004,0.00011+/-0.00004,0.00011+/-0.00004,0.00011+/-0.00004,0.00011+/-0.00004,0.00011+/-0.00004,0.00011+/-0.00004,0.00011+/-0.00004,0.00011+/-0.00004,0.00011+/-0.00004
Sao Tome and Principe,4711,14947,0.0,0.0+/-0,0.0+/-0,0.0+/-0,0.014+/-0.005,0.014+/-0.005,0.014+/-0.005,0.014+/-0.005,0.014+/-0.005,0.014+/-0.005,0.014+/-0.005,0.014+/-0.005,0.014+/-0.005,0.014+/-0.005,0.014+/-0.005,0.014+/-0.005,0.014+/-0.005,0.014+/-0.005,0.014+/-0.005,0.014+/-0.005,0.014+/-0.005,0.014+/-0.005,0.014+/-0.005,0.014+/-0.005,0.014+/-0.005,0.014+/-0.005,0.014+/-0.005,0.014+/-0.005,0.014+/-0.005,0.014+/-0.005,0.014+/-0.005,0.014+/-0.005,0.014+/-0.005,0.014+/-0.005,0.014+/-0.005,0.014+/-0.005,0.014+/-0.005,0.014+/-0.005,0.014+/-0.005,0.014+/-0.005,0.014+/-0.005,0.014+/-0.005,0.014+/-0.005,0.014+/-0.005,0.014+/-0.005,0.014+/-0.005,0.014+/-0.005,0.014+/-0.005,0.014+/-0.005,0.014+/-0.005,0.014+/-0.005,0.014+/-0.005,0.014+/-0.005
Suriname,37066,91608,0.0,0.00036+/-0.00019,0.0008+/-0.0004,0.0014+/-0.0007,0.0039+/-0.0013,0.0051+/-0.0019,0.0075+/-0.0031,0.009+/-0.004,0.009+/-0.004,0.010+/-0.004,0.010+/-0.005,0.011+/-0.005,0.011+/-0.005,0.011+/-0.005,0.011+/-0.005,0.011+/-0.005,0.011+/-0.005,0.011+/-0.005,0.011+/-0.005,0.011+/-0.005,0.011+/-0.005,0.011+/-0.005,0.011+/-0.005,0.011+/-0.005,0.011+/-0.005,0.011+/-0.005,0.011+/-0.005,0.011+/-0.005,0.011+/-0.005,0.011+/-0.005,0.011+/-0.005,0.011+/-0.005,0.011+/-0.005,0.011+/-0.005,0.011+/-0.005,0.011+/-0.005,0.011+/-0.005,0.011+/-0.005,0.011+/-0.005,0.011+/-0.005,0.011+/-0.005,0.011+/-0.005,0.011+/-0.005,0.011+/-0.005,0.011+/-0.005,0.011+/-0.005,0.011+/-0.005,0.011+/-0.005,0.011+/-0.005,0.011+/-0.005,0.011+/-0.005,0.011+/-0.005,0.011+/-0.005
Slovakia,475672,972024,0.0,0.0009+/-0.0005,0.0019+/-0.0010,0.0032+/-0.0017,0.0073+/-0.0028,0.010+/-0.004,0.022+/-0.007,0.030+/-0.009,0.038+/-0.010,0.046+/-0.011,0.053+/-0.012,0.060+/-0.013,0.066+/-0.013,0.072+/-0.013,0.077+/-0.014,0.083+/-0.014,0.089+/-0.015,0.095+/-0.016,0.101+/-0.016,0.107+/-0.017,0.113+/-0.017,0.119+/-0.018,0.125+/-0.019,0.131+/-0.019,0.137+/-0.020,0.143+/-0.021,0.149+/-0.022,0.155+/-0.022,0.161+/-0.023,0.167+/-0.024,0.173+/-0.025,0.179+/-0.026,0.185+/-0.026,0.191+/-0.027,0.197+/-0.028,0.203+/-0.029,0.209+/-0.030,0.215+/-0.030,0.221+/-0.031,0.227+/-0.032,0.233+/-0.033,0.239+/-0.034,0.245+/-0.034,0.251+/-0.035,0.26+/-0.04,0.26+/-0.04,0.27+/-0.04,0.27+/-0.04,0.28+/-0.04,0.29+/-0.04,0.29+/-0.04,0.30+/-0.04,0.30+/-0.04
Slovenia,165521,343043,0.0,0.0075+/-0.0011,0.0153+/-0.0024,0.023+/-0.004,0.055+/-0.010,0.065+/-0.011,0.079+/-0.014,0.090+/-0.016,0.099+/-0.018,0.107+/-0.019,0.115+/-0.020,0.122+/-0.021,0.129+/-0.021,0.135+/-0.022,0.141+/-0.022,0.147+/-0.023,0.154+/-0.024,0.160+/-0.024,0.166+/-0.025,0.172+/-0.025,0.179+/-0.026,0.185+/-0.027,0.191+/-0.027,0.197+/-0.028,0.204+/-0.029,0.210+/-0.029,0.216+/-0.030,0.222+/-0.031,0.229+/-0.032,0.235+/-0.032,0.241+/-0.033,0.247+/-0.034,0.254+/-0.035,0.26+/-0.04,0.27+/-0.04,0.27+/-0.04,0.28+/-0.04,0.28+/-0.04,0.29+/-0.04,0.30+/-0.04,0.30+/-0.04,0.31+/-0.04,0.32+/-0.04,0.32+/-0.04,0.33+/-0.04,0.33+/-0.05,0.34+/-0.05,0.35+/-0.05,0.35+/-0.05,0.36+/-0.05,0.37+/-0.05,0.37+/-0.05,0.38+/-0.05
Sweden,855345,1654912,0.0,0.0015+/-0.0008,0.0159+/-0.0026,0.031+/-0.005,0.047+/-0.007,0.064+/-0.010,0.087+/-0.016,0.104+/-0.019,0.120+/-0.021,0.135+/-0.023,0.149+/-0.025,0.163+/-0.027,0.176+/-0.028,0.188+/-0.030,0.201+/-0.031,0.213+/-0.033,0.226+/-0.034,0.24+/-0.04,0.25+/-0.04,0.26+/-0.04,0.28+/-0.04,0.29+/-0.04,0.30+/-0.04,0.31+/-0.05,0.33+/-0.05,0.34+/-0.05,0.35+/-0.05,0.36+/-0.05,0.38+/-0.05,0.39+/-0.06,0.40+/-0.06,0.41+/-0.06,0.43+/-0.06,0.44+/-0.06,0.45+/-0.06,0.46+/-0.07,0.48+/-0.07,0.49+/-0.07,0.50+/-0.07,0.51+/-0.07,0.53+/-0.07,0.54+/-0.08,0.55+/-0.08,0.56+/-0.08,0.58+/-0.08,0.59+/-0.08,0.60+/-0.09,0.61+/-0.09,0.63+/-0.09,0.64+/-0.09,0.65+/-0.09,0.66+/-0.09,0.68+/-0.10
Eswatini,52748,157898,0.0,0.0+/-0,0.0+/-0,0.0+/-0,0.0012+/-0.0004,0.0012+/-0.0004,0.0012+/-0.0004,0.0012+/-0.0004,0.0012+/-0.0004,0.0012+/-0.0004,0.0012+/-0.0004,0.0012+/-0.0004,0.0012+/-0.0004,0.0012+/-0.0004,0.0012+/-0.0004,0.0012+/-0.0004,0.0012+/-0.0004,0.0012+/-0.0004,0.0012+/-0.0004,0.0012+/-0.0004,0.0012+/-0.0004,0.0012+/-0.0004,0.0012+/-0.0004,0.0012+/-0.0004,0.0012+/-0.0004,0.0012+/-0.0004,0.0012+/-0.0004,0.0012+/-0.0004,0.0012+/-0.0004,0.0012+/-0.0004,0.0012+/-0.0004,0.0012+/-0.0004,0.0012+/-0.0004,0.0012+/-0.0004,0.0012+/-0.0004,0.0012+/-0.0004,0.0012+/-0.0004,0.0012+/-0.0004,0.0012+/-0.0004,0.0012+/-0.0004,0.0012+/-0.0004,0.0012+/-0.0004,0.0012+/-0.0004,0.0012+/-0.0004,0.0012+/-0.0004,0.0012+/-0.0004,0.0012+/-0.0004,0.0012+/-0.0004,0.0012+/-0.0004,0.0012+/-0.0004,0.0012+/-0.0004,0.0012+/-0.0004,0.0012+/-0.0004
Sint Maarten,3330,7235,0.0,0.0+/-0,0.0+/-0,0.0+/-0,0.020+/-0.007,0.020+/-0.007,0.020+/-0.007,0.020+/-0.007,0.020+/-0.007,0.020+/-0.007,0.020+/-0.007,0.020+/-0.007,0.020+/-0.007,0.020+/-0.007,0.020+/-0.007,0.020+/-0.007,0.020+/-0.007,0.020+/-0.007,0.020+/-0.007,0.020+/-0.007,0.020+/-0.007,0.020+/-0.007,0.020+/-0.007,0.020+/-0.007,0.020+/-0.007,0.020+/-0.007,0.020+/-0.007,0.020+/-0.007,0.020+/-0.007,0.020+/-0.007,0.020+/-0.007,0.020+/-0.007,0.020+/-0.007,0.020+/-0.007,0.020+/-0.007,0.020+/-0.007,0.020+/-0.007,0.020+/-0.007,0.020+/-0.007,0.020+/-0.007,0.020+/-0.007,0.020+/-0.007,0.020+/-0.007,0.020+/-0.007,0.020+/-0.007,0.020+/-0.007,0.020+/-0.007,0.020+/-0.007,0.020+/-0.007,0.020+/-0.007,0.020+/-0.007,0.020+/-0.007,0.020+/-0.007
Seychelles,14719,34651,0.0,0.0+/-0,0.0+/-0,0.0+/-0,0.0045+/-0.0016,0.0045+/-0.0016,0.0045+/-0.0016,0.0045+/-0.0016,0.0045+/-0.0016,0.0045+/-0.0016,0.0045+/-0.0016,0.0045+/-0.0016,0.0045+/-0.0016,0.0045+/-0.0016,0.0045+/-0.0016,0.0045+/-0.0016,0.0045+/-0.0016,0.0045+/-0.0016,0.0045+/-0.0016,0.0045+/-0.0016,0.0045+/-0.0016,0.0045+/-0.0016,0.0045+/-0.0016,0.0045+/-0.0016,0.0045+/-0.0016,0.0045+/-0.0016,0.0045+/-0.0016,0.0045+/-0.0016,0.0045+/-0.0016,0.0045+/-0.0016,0.0045+/-0.0016,0.0045+/-0.0016,0.0045+/-0.0016,0.0045+/-0.0016,0.0045+/-0.0016,0.0045+/-0.0016,0.0045+/-0.0016,0.0045+/-0.0016,0.0045+/-0.0016,0.0045+/-0.0016,0.0045+/-0.0016,0.0045+/-0.0016,0.0045+/-0.0016,0.0045+/-0.0016,0.0045+/-0.0016,0.0045+/-0.0016,0.0045+/-0.0016,0.0045+/-0.0016,0.0045+/-0.0016,0.0045+/-0.0016,0.0045+/-0.0016,0.0045+/-0.0016,0.0045+/-0.0016
Syria,955711,2727070,0.0,0.0+/-0,0.0+/-0,0.0+/-0,(6.9+/-2.4)e-05,(6.9+/-2.4)e-05,(6.9+/-2.4)e-05,(6.9+/-2.4)e-05,(6.9+/-2.4)e-05,(6.9+/-2.4)e-05,(6.9+/-2.4)e-05,(6.9+/-2.4)e-05,(6.9+/-2.4)e-05,(6.9+/-2.4)e-05,(6.9+/-2.4)e-05,(6.9+/-2.4)e-05,(6.9+/-2.4)e-05,(6.9+/-2.4)e-05,(6.9+/-2.4)e-05,(6.9+/-2.4)e-05,(6.9+/-2.4)e-05,(6.9+/-2.4)e-05,(6.9+/-2.4)e-05,(6.9+/-2.4)e-05,(6.9+/-2.4)e-05,(6.9+/-2.4)e-05,(6.9+/-2.4)e-05,(6.9+/-2.4)e-05,(6.9+/-2.4)e-05,(6.9+/-2.4)e-05,(6.9+/-2.4)e-05,(6.9+/-2.4)e-05,(6.9+/-2.4)e-05,(6.9+/-2.4)e-05,(6.9+/-2.4)e-05,(6.9+/-2.4)e-05,(6.9+/-2.4)e-05,(6.9+/-2.4)e-05,(6.9+/-2.4)e-05,(6.9+/-2.4)e-05,(6.9+/-2.4)e-05,(6.9+/-2.4)e-05,(6.9+/-2.4)e-05,(6.9+/-2.4)e-05,(6.9+/-2.4)e-05,(6.9+/-2.4)e-05,(6.9+/-2.4)e-05,(6.9+/-2.4)e-05,(6.9+/-2.4)e-05,(6.9+/-2.4)e-05,(6.9+/-2.4)e-05,(6.9+/-2.4)e-05,(6.9+/-2.4)e-05
Turks and Caicos Islands,0,0,0,0,0,0,0,0,0,0,0,0,0,0,0,0,0,0,0,0,0,0,0,0,0,0,0,0,0,0,0,0,0,0,0,0,0,0,0,0,0,0,0,0,0,0,0,0,0,0,0,0,0,0,0
Chad,799255,2551262,0.0,0.0+/-0,0.0+/-0,0.0+/-0,(8.2+/-2.9)e-05,(8.2+/-2.9)e-05,(8.2+/-2.9)e-05,(8.2+/-2.9)e-05,(8.2+/-2.9)e-05,(8.2+/-2.9)e-05,(8.2+/-2.9)e-05,(8.2+/-2.9)e-05,(8.2+/-2.9)e-05,(8.2+/-2.9)e-05,(8.2+/-2.9)e-05,(8.2+/-2.9)e-05,(8.2+/-2.9)e-05,(8.2+/-2.9)e-05,(8.2+/-2.9)e-05,(8.2+/-2.9)e-05,(8.2+/-2.9)e-05,(8.2+/-2.9)e-05,(8.2+/-2.9)e-05,(8.2+/-2.9)e-05,(8.2+/-2.9)e-05,(8.2+/-2.9)e-05,(8.2+/-2.9)e-05,(8.2+/-2.9)e-05,(8.2+/-2.9)e-05,(8.2+/-2.9)e-05,(8.2+/-2.9)e-05,(8.2+/-2.9)e-05,(8.2+/-2.9)e-05,(8.2+/-2.9)e-05,(8.2+/-2.9)e-05,(8.2+/-2.9)e-05,(8.2+/-2.9)e-05,(8.2+/-2.9)e-05,(8.2+/-2.9)e-05,(8.2+/-2.9)e-05,(8.2+/-2.9)e-05,(8.2+/-2.9)e-05,(8.2+/-2.9)e-05,(8.2+/-2.9)e-05,(8.2+/-2.9)e-05,(8.2+/-2.9)e-05,(8.2+/-2.9)e-05,(8.2+/-2.9)e-05,(8.2+/-2.9)e-05,(8.2+/-2.9)e-05,(8.2+/-2.9)e-05,(8.2+/-2.9)e-05,(8.2+/-2.9)e-05
Togo,418739,1424157,0.0,0.0+/-0,0.0+/-0,0.0+/-0,0.00016+/-0.00006,0.00016+/-0.00006,0.00016+/-0.00006,0.00016+/-0.00006,0.00016+/-0.00006,0.00016+/-0.00006,0.00016+/-0.00006,0.00016+/-0.00006,0.00016+/-0.00006,0.00016+/-0.00006,0.00016+/-0.00006,0.00016+/-0.00006,0.00016+/-0.00006,0.00016+/-0.00006,0.00016+/-0.00006,0.00016+/-0.00006,0.00016+/-0.00006,0.00016+/-0.00006,0.00016+/-0.00006,0.00016+/-0.00006,0.00016+/-0.00006,0.00016+/-0.00006,0.00016+/-0.00006,0.00016+/-0.00006,0.00016+/-0.00006,0.00016+/-0.00006,0.00016+/-0.00006,0.00016+/-0.00006,0.00016+/-0.00006,0.00016+/-0.00006,0.00016+/-0.00006,0.00016+/-0.00006,0.00016+/-0.00006,0.00016+/-0.00006,0.00016+/-0.00006,0.00016+/-0.00006,0.00016+/-0.00006,0.00016+/-0.00006,0.00016+/-0.00006,0.00016+/-0.00006,0.00016+/-0.00006,0.00016+/-0.00006,0.00016+/-0.00006,0.00016+/-0.00006,0.00016+/-0.00006,0.00016+/-0.00006,0.00016+/-0.00006,0.00016+/-0.00006,0.00016+/-0.00006
Thailand,7279894,16317256,0.0,0.00025+/-0.00013,0.00057+/-0.00030,0.0009+/-0.0005,0.0064+/-0.0014,0.0092+/-0.0017,0.0129+/-0.0025,0.0157+/-0.0030,0.0183+/-0.0034,0.021+/-0.004,0.023+/-0.004,0.025+/-0.004,0.027+/-0.004,0.029+/-0.005,0.031+/-0.005,0.033+/-0.005,0.035+/-0.005,0.037+/-0.005,0.039+/-0.006,0.041+/-0.006,0.043+/-0.006,0.046+/-0.006,0.048+/-0.007,0.050+/-0.007,0.052+/-0.007,0.054+/-0.007,0.056+/-0.008,0.058+/-0.008,0.060+/-0.008,0.062+/-0.008,0.064+/-0.009,0.066+/-0.009,0.068+/-0.009,0.070+/-0.010,0.072+/-0.010,0.074+/-0.010,0.076+/-0.010,0.078+/-0.011,0.080+/-0.011,0.082+/-0.011,0.084+/-0.012,0.086+/-0.012,0.088+/-0.012,0.090+/-0.012,0.092+/-0.013,0.094+/-0.013,0.096+/-0.013,0.098+/-0.014,0.100+/-0.014,0.102+/-0.014,0.104+/-0.014,0.106+/-0.015,0.108+/-0.015
Tajikistan,366771,910822,0.0,(7+/-4)e-05,0.00015+/-0.00008,0.00026+/-0.00014,0.0042+/-0.0014,0.0045+/-0.0015,0.0049+/-0.0015,0.0051+/-0.0016,0.0053+/-0.0016,0.0054+/-0.0016,0.0055+/-0.0017,0.0056+/-0.0017,0.0056+/-0.0017,0.0056+/-0.0017,0.0056+/-0.0017,0.0056+/-0.0017,0.0056+/-0.0017,0.0056+/-0.0017,0.0056+/-0.0017,0.0056+/-0.0017,0.0056+/-0.0017,0.0056+/-0.0017,0.0056+/-0.0017,0.0056+/-0.0017,0.0056+/-0.0017,0.0056+/-0.0017,0.0056+/-0.0017,0.0056+/-0.0017,0.0056+/-0.0017,0.0056+/-0.0017,0.0056+/-0.0017,0.0056+/-0.0017,0.0056+/-0.0017,0.0056+/-0.0017,0.0056+/-0.0017,0.0056+/-0.0017,0.0056+/-0.0017,0.0056+/-0.0017,0.0056+/-0.0017,0.0056+/-0.0017,0.0056+/-0.0017,0.0056+/-0.0017,0.0056+/-0.0017,0.0056+/-0.0017,0.0056+/-0.0017,0.0056+/-0.0017,0.0056+/-0.0017,0.0056+/-0.0017,0.0056+/-0.0017,0.0056+/-0.0017,0.0056+/-0.0017,0.0056+/-0.0017,0.0056+/-0.0017
Turkmenistan,306473,625534,0.0,0.00016+/-0.00008,0.00036+/-0.00019,0.00060+/-0.00032,0.0012+/-0.0005,0.0017+/-0.0008,0.0028+/-0.0013,0.0033+/-0.0016,0.0036+/-0.0018,0.0039+/-0.0019,0.0041+/-0.0020,0.0042+/-0.0021,0.0042+/-0.0021,0.0042+/-0.0021,0.0042+/-0.0021,0.0042+/-0.0021,0.0042+/-0.0021,0.0042+/-0.0021,0.0042+/-0.0021,0.0042+/-0.0021,0.0042+/-0.0021,0.0042+/-0.0021,0.0042+/-0.0021,0.0042+/-0.0021,0.0042+/-0.0021,0.0042+/-0.0021,0.0042+/-0.0021,0.0042+/-0.0021,0.0042+/-0.0021,0.0042+/-0.0021,0.0042+/-0.0021,0.0042+/-0.0021,0.0042+/-0.0021,0.0042+/-0.0021,0.0042+/-0.0021,0.0042+/-0.0021,0.0042+/-0.0021,0.0042+/-0.0021,0.0042+/-0.0021,0.0042+/-0.0021,0.0042+/-0.0021,0.0042+/-0.0021,0.0042+/-0.0021,0.0042+/-0.0021,0.0042+/-0.0021,0.0042+/-0.0021,0.0042+/-0.0021,0.0042+/-0.0021,0.0042+/-0.0021,0.0042+/-0.0021,0.0042+/-0.0021,0.0042+/-0.0021,0.0042+/-0.0021
Timor-Leste,68503,158360,0.0,(8+/-4)e-06,(1.9+/-1.0)e-05,(3.1+/-1.6)e-05,0.00101+/-0.00034,0.00104+/-0.00034,0.00109+/-0.00035,0.00112+/-0.00035,0.00114+/-0.00035,0.00115+/-0.00035,0.00116+/-0.00035,0.0012+/-0.0004,0.0012+/-0.0004,0.0012+/-0.0004,0.0012+/-0.0004,0.0012+/-0.0004,0.0012+/-0.0004,0.0012+/-0.0004,0.0012+/-0.0004,0.0012+/-0.0004,0.0012+/-0.0004,0.0012+/-0.0004,0.0012+/-0.0004,0.0012+/-0.0004,0.0012+/-0.0004,0.0012+/-0.0004,0.0012+/-0.0004,0.0012+/-0.0004,0.0012+/-0.0004,0.0012+/-0.0004,0.0012+/-0.0004,0.0012+/-0.0004,0.0012+/-0.0004,0.0012+/-0.0004,0.0012+/-0.0004,0.0012+/-0.0004,0.0012+/-0.0004,0.0012+/-0.0004,0.0012+/-0.0004,0.0012+/-0.0004,0.0012+/-0.0004,0.0012+/-0.0004,0.0012+/-0.0004,0.0012+/-0.0004,0.0012+/-0.0004,0.0012+/-0.0004,0.0012+/-0.0004,0.0012+/-0.0004,0.0012+/-0.0004,0.0012+/-0.0004,0.0012+/-0.0004,0.0012+/-0.0004,0.0012+/-0.0004
Tonga,3678,10753,0.0,0.0+/-0,0.0+/-0,0.0+/-0,0.018+/-0.006,0.018+/-0.006,0.018+/-0.006,0.018+/-0.006,0.018+/-0.006,0.018+/-0.006,0.018+/-0.006,0.018+/-0.006,0.018+/-0.006,0.018+/-0.006,0.018+/-0.006,0.018+/-0.006,0.018+/-0.006,0.018+/-0.006,0.018+/-0.006,0.018+/-0.006,0.018+/-0.006,0.018+/-0.006,0.018+/-0.006,0.018+/-0.006,0.018+/-0.006,0.018+/-0.006,0.018+/-0.006,0.018+/-0.006,0.018+/-0.006,0.018+/-0.006,0.018+/-0.006,0.018+/-0.006,0.018+/-0.006,0.018+/-0.006,0.018+/-0.006,0.018+/-0.006,0.018+/-0.006,0.018+/-0.006,0.018+/-0.006,0.018+/-0.006,0.018+/-0.006,0.018+/-0.006,0.018+/-0.006,0.018+/-0.006,0.018+/-0.006,0.018+/-0.006,0.018+/-0.006,0.018+/-0.006,0.018+/-0.006,0.018+/-0.006,0.018+/-0.006,0.018+/-0.006,0.018+/-0.006
Trinidad and Tobago,71499,188458,0.0,0.0015+/-0.0008,0.0034+/-0.0018,0.0057+/-0.0030,0.010+/-0.005,0.015+/-0.007,0.025+/-0.012,0.030+/-0.015,0.041+/-0.017,0.052+/-0.018,0.062+/-0.019,0.072+/-0.020,0.080+/-0.021,0.088+/-0.021,0.097+/-0.022,0.105+/-0.022,0.113+/-0.023,0.121+/-0.023,0.130+/-0.024,0.138+/-0.025,0.146+/-0.025,0.154+/-0.026,0.163+/-0.027,0.171+/-0.028,0.179+/-0.029,0.188+/-0.030,0.196+/-0.030,0.204+/-0.031,0.212+/-0.032,0.221+/-0.033,0.229+/-0.034,0.237+/-0.035,0.25+/-0.04,0.25+/-0.04,0.26+/-0.04,0.27+/-0.04,0.28+/-0.04,0.29+/-0.04,0.30+/-0.04,0.30+/-0.04,0.31+/-0.04,0.32+/-0.05,0.33+/-0.05,0.34+/-0.05,0.34+/-0.05,0.35+/-0.05,0.36+/-0.05,0.37+/-0.05,0.38+/-0.05,0.39+/-0.05,0.39+/-0.06,0.40+/-0.06,0.41+/-0.06
Tunisia,719580,1559020,0.0,0.00015+/-0.00008,0.00034+/-0.00018,0.00057+/-0.00030,0.0010+/-0.0005,0.0015+/-0.0007,0.0025+/-0.0012,0.0039+/-0.0015,0.0052+/-0.0017,0.0063+/-0.0019,0.0075+/-0.0020,0.0086+/-0.0021,0.0095+/-0.0021,0.0104+/-0.0022,0.0114+/-0.0023,0.0123+/-0.0023,0.0133+/-0.0024,0.0142+/-0.0025,0.0151+/-0.0026,0.0161+/-0.0027,0.0170+/-0.0028,0.0180+/-0.0029,0.0189+/-0.0030,0.0198+/-0.0031,0.0208+/-0.0032,0.0217+/-0.0033,0.0227+/-0.0034,0.0236+/-0.0035,0.025+/-0.004,0.025+/-0.004,0.026+/-0.004,0.027+/-0.004,0.028+/-0.004,0.029+/-0.004,0.030+/-0.004,0.031+/-0.004,0.032+/-0.005,0.033+/-0.005,0.034+/-0.005,0.035+/-0.005,0.036+/-0.005,0.037+/-0.005,0.038+/-0.005,0.039+/-0.005,0.040+/-0.006,0.041+/-0.006,0.041+/-0.006,0.042+/-0.006,0.043+/-0.006,0.044+/-0.006,0.045+/-0.006,0.046+/-0.007,0.047+/-0.007
Türkiye,5752370,13275591,0.0,0.00057+/-0.00030,0.0013+/-0.0007,0.0021+/-0.0011,0.015+/-0.005,0.017+/-0.005,0.021+/-0.006,0.023+/-0.007,0.024+/-0.008,0.025+/-0.008,0.025+/-0.008,0.026+/-0.009,0.026+/-0.009,0.026+/-0.009,0.026+/-0.009,0.026+/-0.009,0.026+/-0.009,0.026+/-0.009,0.026+/-0.009,0.026+/-0.009,0.026+/-0.009,0.026+/-0.009,0.026+/-0.009,0.026+/-0.009,0.026+/-0.009,0.026+/-0.009,0.026+/-0.009,0.026+/-0.009,0.026+/-0.009,0.026+/-0.009,0.026+/-0.009,0.026+/-0.009,0.026+/-0.009,0.026+/-0.009,0.026+/-0.009,0.026+/-0.009,0.026+/-0.009,0.026+/-0.009,0.026+/-0.009,0.026+/-0.009,0.026+/-0.009,0.026+/-0.009,0.026+/-0.009,0.026+/-0.009,0.026+/-0.009,0.026+/-0.009,0.026+/-0.009,0.026+/-0.009,0.026+/-0.009,0.026+/-0.009,0.026+/-0.009,0.026+/-0.009,0.026+/-0.009
Tuvalu,1207,2381,0.0,0.0+/-0,0.0+/-0,0.0+/-0,0.055+/-0.019,0.055+/-0.019,0.055+/-0.019,0.055+/-0.019,0.055+/-0.019,0.055+/-0.019,0.055+/-0.019,0.055+/-0.019,0.055+/-0.019,0.055+/-0.019,0.055+/-0.019,0.055+/-0.019,0.055+/-0.019,0.055+/-0.019,0.055+/-0.019,0.055+/-0.019,0.055+/-0.019,0.055+/-0.019,0.055+/-0.019,0.055+/-0.019,0.055+/-0.019,0.055+/-0.019,0.055+/-0.019,0.055+/-0.019,0.055+/-0.019,0.055+/-0.019,0.055+/-0.019,0.055+/-0.019,0.055+/-0.019,0.055+/-0.019,0.055+/-0.019,0.055+/-0.019,0.055+/-0.019,0.055+/-0.019,0.055+/-0.019,0.055+/-0.019,0.055+/-0.019,0.055+/-0.019,0.055+/-0.019,0.055+/-0.019,0.055+/-0.019,0.055+/-0.019,0.055+/-0.019,0.055+/-0.019,0.055+/-0.019,0.055+/-0.019,0.055+/-0.019,0.055+/-0.019,0.055+/-0.019
Tanzania,8127248,11761159,0.0,0.0+/-0,0.0+/-0,0.0+/-0,(8.1+/-2.9)e-06,(8.1+/-2.9)e-06,(8.1+/-2.9)e-06,(8.1+/-2.9)e-06,(8.1+/-2.9)e-06,(8.1+/-2.9)e-06,(8.1+/-2.9)e-06,(8.1+/-2.9)e-06,(8.1+/-2.9)e-06,(8.1+/-2.9)e-06,(8.1+/-2.9)e-06,(8.1+/-2.9)e-06,(8.1+/-2.9)e-06,(8.1+/-2.9)e-06,(8.1+/-2.9)e-06,(8.1+/-2.9)e-06,(8.1+/-2.9)e-06,(8.1+/-2.9)e-06,(8.1+/-2.9)e-06,(8.1+/-2.9)e-06,(8.1+/-2.9)e-06,(8.1+/-2.9)e-06,(8.1+/-2.9)e-06,(8.1+/-2.9)e-06,(8.1+/-2.9)e-06,(8.1+/-2.9)e-06,(8.1+/-2.9)e-06,(8.1+/-2.9)e-06,(8.1+/-2.9)e-06,(8.1+/-2.9)e-06,(8.1+/-2.9)e-06,(8.1+/-2.9)e-06,(8.1+/-2.9)e-06,(8.1+/-2.9)e-06,(8.1+/-2.9)e-06,(8.1+/-2.9)e-06,(8.1+/-2.9)e-06,(8.1+/-2.9)e-06,(8.1+/-2.9)e-06,(8.1+/-2.9)e-06,(8.1+/-2.9)e-06,(8.1+/-2.9)e-06,(8.1+/-2.9)e-06,(8.1+/-2.9)e-06,(8.1+/-2.9)e-06,(8.1+/-2.9)e-06,(8.1+/-2.9)e-06,(8.1+/-2.9)e-06,(8.1+/-2.9)e-06
Uganda,1975617,5216317,0.0,0.0+/-0,0.0+/-0,0.0+/-0,(3.3+/-1.2)e-05,(3.3+/-1.2)e-05,(3.3+/-1.2)e-05,(3.3+/-1.2)e-05,(3.3+/-1.2)e-05,(3.3+/-1.2)e-05,(3.3+/-1.2)e-05,(3.3+/-1.2)e-05,(3.3+/-1.2)e-05,(3.3+/-1.2)e-05,(3.3+/-1.2)e-05,(3.3+/-1.2)e-05,(3.3+/-1.2)e-05,(3.3+/-1.2)e-05,(3.3+/-1.2)e-05,(3.3+/-1.2)e-05,(3.3+/-1.2)e-05,(3.3+/-1.2)e-05,(3.3+/-1.2)e-05,(3.3+/-1.2)e-05,(3.3+/-1.2)e-05,(3.3+/-1.2)e-05,(3.3+/-1.2)e-05,(3.3+/-1.2)e-05,(3.3+/-1.2)e-05,(3.3+/-1.2)e-05,(3.3+/-1.2)e-05,(3.3+/-1.2)e-05,(3.3+/-1.2)e-05,(3.3+/-1.2)e-05,(3.3+/-1.2)e-05,(3.3+/-1.2)e-05,(3.3+/-1.2)e-05,(3.3+/-1.2)e-05,(3.3+/-1.2)e-05,(3.3+/-1.2)e-05,(3.3+/-1.2)e-05,(3.3+/-1.2)e-05,(3.3+/-1.2)e-05,(3.3+/-1.2)e-05,(3.3+/-1.2)e-05,(3.3+/-1.2)e-05,(3.3+/-1.2)e-05,(3.3+/-1.2)e-05,(3.3+/-1.2)e-05,(3.3+/-1.2)e-05,(3.3+/-1.2)e-05,(3.3+/-1.2)e-05,(3.3+/-1.2)e-05
Ukraine,3651787,8044542,0.0,(6.2+/-3.3)e-05,0.00014+/-0.00007,0.00023+/-0.00012,0.0047+/-0.0016,0.0049+/-0.0017,0.0053+/-0.0017,0.0056+/-0.0017,0.0061+/-0.0018,0.0065+/-0.0018,0.0069+/-0.0018,0.0074+/-0.0018,0.0077+/-0.0018,0.0081+/-0.0019,0.0084+/-0.0019,0.0088+/-0.0019,0.0091+/-0.0019,0.0095+/-0.0019,0.0099+/-0.0019,0.0102+/-0.0019,0.0106+/-0.0019,0.0109+/-0.0020,0.0113+/-0.0020,0.0117+/-0.0020,0.0120+/-0.0020,0.0124+/-0.0021,0.0127+/-0.0021,0.0131+/-0.0021,0.0134+/-0.0021,0.0138+/-0.0022,0.0142+/-0.0022,0.0145+/-0.0022,0.0149+/-0.0022,0.0152+/-0.0023,0.0156+/-0.0023,0.0159+/-0.0023,0.0163+/-0.0024,0.0167+/-0.0024,0.0170+/-0.0024,0.0174+/-0.0025,0.0177+/-0.0025,0.0181+/-0.0026,0.0184+/-0.0026,0.0188+/-0.0026,0.0192+/-0.0027,0.0195+/-0.0027,0.0199+/-0.0027,0.0202+/-0.0028,0.0206+/-0.0028,0.0209+/-0.0029,0.0213+/-0.0029,0.0217+/-0.0029,0.0220+/-0.0030
Uruguay,234226,653717,0.0,0.00047+/-0.00025,0.0011+/-0.0006,0.0018+/-0.0009,0.0031+/-0.0015,0.0046+/-0.0023,0.008+/-0.004,0.012+/-0.005,0.016+/-0.005,0.020+/-0.006,0.023+/-0.006,0.026+/-0.007,0.029+/-0.007,0.032+/-0.007,0.035+/-0.007,0.038+/-0.007,0.041+/-0.008,0.044+/-0.008,0.047+/-0.008,0.050+/-0.008,0.052+/-0.009,0.055+/-0.009,0.058+/-0.009,0.061+/-0.010,0.064+/-0.010,0.067+/-0.010,0.070+/-0.011,0.073+/-0.011,0.075+/-0.011,0.078+/-0.012,0.081+/-0.012,0.084+/-0.012,0.087+/-0.013,0.090+/-0.013,0.093+/-0.013,0.096+/-0.014,0.099+/-0.014,0.101+/-0.015,0.104+/-0.015,0.107+/-0.015,0.110+/-0.016,0.113+/-0.016,0.116+/-0.016,0.119+/-0.017,0.122+/-0.017,0.124+/-0.018,0.127+/-0.018,0.130+/-0.018,0.133+/-0.019,0.136+/-0.019,0.139+/-0.020,0.142+/-0.020,0.145+/-0.020
United States,23868907,52622624,0.0,0.0122+/-0.0018,0.089+/-0.014,0.104+/-0.016,0.147+/-0.020,0.166+/-0.023,0.191+/-0.027,0.211+/-0.030,0.230+/-0.033,0.247+/-0.035,0.26+/-0.04,0.28+/-0.04,0.30+/-0.04,0.31+/-0.04,0.33+/-0.05,0.34+/-0.05,0.36+/-0.05,0.37+/-0.05,0.39+/-0.05,0.40+/-0.05,0.42+/-0.06,0.43+/-0.06,0.45+/-0.06,0.46+/-0.06,0.48+/-0.07,0.49+/-0.07,0.51+/-0.07,0.52+/-0.07,0.54+/-0.07,0.55+/-0.08,0.57+/-0.08,0.58+/-0.08,0.60+/-0.08,0.61+/-0.08,0.63+/-0.09,0.64+/-0.09,0.66+/-0.09,0.67+/-0.09,0.69+/-0.09,0.70+/-0.10,0.72+/-0.10,0.73+/-0.10,0.75+/-0.10,0.76+/-0.11,0.78+/-0.11,0.79+/-0.11,0.81+/-0.11,0.82+/-0.11,0.84+/-0.12,0.85+/-0.12,0.87+/-0.12,0.88+/-0.12,0.90+/-0.12
Uzbekistan,1917814,4159989,0.0,0.00016+/-0.00008,0.00036+/-0.00019,0.00059+/-0.00031,0.0053+/-0.0017,0.0058+/-0.0018,0.0069+/-0.0021,0.0083+/-0.0023,0.0096+/-0.0024,0.0108+/-0.0025,0.0119+/-0.0026,0.0130+/-0.0027,0.0139+/-0.0028,0.0148+/-0.0028,0.0157+/-0.0029,0.0167+/-0.0029,0.0176+/-0.0030,0.0185+/-0.0030,0.0194+/-0.0031,0.0203+/-0.0032,0.0213+/-0.0033,0.0222+/-0.0033,0.0231+/-0.0034,0.0240+/-0.0035,0.025+/-0.004,0.026+/-0.004,0.027+/-0.004,0.028+/-0.004,0.029+/-0.004,0.030+/-0.004,0.031+/-0.004,0.031+/-0.004,0.032+/-0.004,0.033+/-0.005,0.034+/-0.005,0.035+/-0.005,0.036+/-0.005,0.037+/-0.005,0.038+/-0.005,0.039+/-0.005,0.040+/-0.005,0.041+/-0.005,0.042+/-0.006,0.043+/-0.006,0.043+/-0.006,0.044+/-0.006,0.045+/-0.006,0.046+/-0.006,0.047+/-0.006,0.048+/-0.006,0.049+/-0.007,0.050+/-0.007,0.051+/-0.007
St. Vincent and the Grenadines,7917,12909,0.0,(7+/-4)e-05,0.00015+/-0.00008,0.00026+/-0.00013,0.0087+/-0.0029,0.0090+/-0.0030,0.0094+/-0.0030,0.0096+/-0.0030,0.0098+/-0.0030,0.0099+/-0.0030,0.0100+/-0.0031,0.0100+/-0.0031,0.0100+/-0.0031,0.0100+/-0.0031,0.0100+/-0.0031,0.0100+/-0.0031,0.0100+/-0.0031,0.0100+/-0.0031,0.0100+/-0.0031,0.0100+/-0.0031,0.0100+/-0.0031,0.0100+/-0.0031,0.0100+/-0.0031,0.0100+/-0.0031,0.0100+/-0.0031,0.0100+/-0.0031,0.0100+/-0.0031,0.0100+/-0.0031,0.0100+/-0.0031,0.0100+/-0.0031,0.0100+/-0.0031,0.0100+/-0.0031,0.0100+/-0.0031,0.0100+/-0.0031,0.0100+/-0.0031,0.0100+/-0.0031,0.0100+/-0.0031,0.0100+/-0.0031,0.0100+/-0.0031,0.0100+/-0.0031,0.0100+/-0.0031,0.0100+/-0.0031,0.0100+/-0.0031,0.0100+/-0.0031,0.0100+/-0.0031,0.0100+/-0.0031,0.0100+/-0.0031,0.0100+/-0.0031,0.0100+/-0.0031,0.0100+/-0.0031,0.0100+/-0.0031,0.0100+/-0.0031,0.0100+/-0.0031
Venezuela,1528852,4231920,0.0,0.0+/-0,0.0+/-0,0.0+/-0,(4.3+/-1.5)e-05,(4.3+/-1.5)e-05,(4.3+/-1.5)e-05,(4.3+/-1.5)e-05,(4.3+/-1.5)e-05,(4.3+/-1.5)e-05,(4.3+/-1.5)e-05,(4.3+/-1.5)e-05,(4.3+/-1.5)e-05,(4.3+/-1.5)e-05,(4.3+/-1.5)e-05,(4.3+/-1.5)e-05,(4.3+/-1.5)e-05,(4.3+/-1.5)e-05,(4.3+/-1.5)e-05,(4.3+/-1.5)e-05,(4.3+/-1.5)e-05,(4.3+/-1.5)e-05,(4.3+/-1.5)e-05,(4.3+/-1.5)e-05,(4.3+/-1.5)e-05,(4.3+/-1.5)e-05,(4.3+/-1.5)e-05,(4.3+/-1.5)e-05,(4.3+/-1.5)e-05,(4.3+/-1.5)e-05,(4.3+/-1.5)e-05,(4.3+/-1.5)e-05,(4.3+/-1.5)e-05,(4.3+/-1.5)e-05,(4.3+/-1.5)e-05,(4.3+/-1.5)e-05,(4.3+/-1.5)e-05,(4.3+/-1.5)e-05,(4.3+/-1.5)e-05,(4.3+/-1.5)e-05,(4.3+/-1.5)e-05,(4.3+/-1.5)e-05,(4.3+/-1.5)e-05,(4.3+/-1.5)e-05,(4.3+/-1.5)e-05,(4.3+/-1.5)e-05,(4.3+/-1.5)e-05,(4.3+/-1.5)e-05,(4.3+/-1.5)e-05,(4.3+/-1.5)e-05,(4.3+/-1.5)e-05,(4.3+/-1.5)e-05,(4.3+/-1.5)e-05
British Virgin Islands,3065,7566,0.0,0.0+/-0,0.0+/-0,0.0+/-0,0.022+/-0.008,0.022+/-0.008,0.022+/-0.008,0.022+/-0.008,0.022+/-0.008,0.022+/-0.008,0.022+/-0.008,0.022+/-0.008,0.022+/-0.008,0.022+/-0.008,0.022+/-0.008,0.022+/-0.008,0.022+/-0.008,0.022+/-0.008,0.022+/-0.008,0.022+/-0.008,0.022+/-0.008,0.022+/-0.008,0.022+/-0.008,0.022+/-0.008,0.022+/-0.008,0.022+/-0.008,0.022+/-0.008,0.022+/-0.008,0.022+/-0.008,0.022+/-0.008,0.022+/-0.008,0.022+/-0.008,0.022+/-0.008,0.022+/-0.008,0.022+/-0.008,0.022+/-0.008,0.022+/-0.008,0.022+/-0.008,0.022+/-0.008,0.022+/-0.008,0.022+/-0.008,0.022+/-0.008,0.022+/-0.008,0.022+/-0.008,0.022+/-0.008,0.022+/-0.008,0.022+/-0.008,0.022+/-0.008,0.022+/-0.008,0.022+/-0.008,0.022+/-0.008,0.022+/-0.008,0.022+/-0.008
United States Virgin Islands,6577,16233,0.0,0.0+/-0,0.0+/-0,0.0+/-0,0.0100+/-0.0035,0.0100+/-0.0035,0.0100+/-0.0035,0.0100+/-0.0035,0.0100+/-0.0035,0.0100+/-0.0035,0.0100+/-0.0035,0.0100+/-0.0035,0.0100+/-0.0035,0.0100+/-0.0035,0.0100+/-0.0035,0.0100+/-0.0035,0.0100+/-0.0035,0.0100+/-0.0035,0.0100+/-0.0035,0.0100+/-0.0035,0.0100+/-0.0035,0.0100+/-0.0035,0.0100+/-0.0035,0.0100+/-0.0035,0.0100+/-0.0035,0.0100+/-0.0035,0.0100+/-0.0035,0.0100+/-0.0035,0.0100+/-0.0035,0.0100+/-0.0035,0.0100+/-0.0035,0.0100+/-0.0035,0.0100+/-0.0035,0.0100+/-0.0035,0.0100+/-0.0035,0.0100+/-0.0035,0.0100+/-0.0035,0.0100+/-0.0035,0.0100+/-0.0035,0.0100+/-0.0035,0.0100+/-0.0035,0.0100+/-0.0035,0.0100+/-0.0035,0.0100+/-0.0035,0.0100+/-0.0035,0.0100+/-0.0035,0.0100+/-0.0035,0.0100+/-0.0035,0.0100+/-0.0035,0.0100+/-0.0035,0.0100+/-0.0035,0.0100+/-0.0035,0.0100+/-0.0035
Vietnam,8668531,21262311,0.0,0.00018+/-0.00009,0.00040+/-0.00021,0.00066+/-0.00035,0.012+/-0.004,0.012+/-0.004,0.014+/-0.004,0.016+/-0.004,0.018+/-0.004,0.019+/-0.005,0.021+/-0.005,0.022+/-0.005,0.023+/-0.005,0.024+/-0.005,0.026+/-0.005,0.027+/-0.005,0.028+/-0.005,0.029+/-0.005,0.030+/-0.005,0.032+/-0.005,0.033+/-0.005,0.034+/-0.005,0.035+/-0.005,0.036+/-0.006,0.038+/-0.006,0.039+/-0.006,0.040+/-0.006,0.041+/-0.006,0.042+/-0.006,0.043+/-0.006,0.045+/-0.006,0.046+/-0.006,0.047+/-0.007,0.048+/-0.007,0.049+/-0.007,0.051+/-0.007,0.052+/-0.007,0.053+/-0.007,0.054+/-0.007,0.055+/-0.007,0.057+/-0.008,0.058+/-0.008,0.059+/-0.008,0.060+/-0.008,0.061+/-0.008,0.063+/-0.008,0.064+/-0.009,0.065+/-0.009,0.066+/-0.009,0.067+/-0.009,0.068+/-0.009,0.070+/-0.009,0.071+/-0.009
Vanuatu,13692,33190,0.0,0.0+/-0,0.0+/-0,0.0+/-0,0.0048+/-0.0017,0.0048+/-0.0017,0.0048+/-0.0017,0.0048+/-0.0017,0.0048+/-0.0017,0.0048+/-0.0017,0.0048+/-0.0017,0.0048+/-0.0017,0.0048+/-0.0017,0.0048+/-0.0017,0.0048+/-0.0017,0.0048+/-0.0017,0.0048+/-0.0017,0.0048+/-0.0017,0.0048+/-0.0017,0.0048+/-0.0017,0.0048+/-0.0017,0.0048+/-0.0017,0.0048+/-0.0017,0.0048+/-0.0017,0.0048+/-0.0017,0.0048+/-0.0017,0.0048+/-0.0017,0.0048+/-0.0017,0.0048+/-0.0017,0.0048+/-0.0017,0.0048+/-0.0017,0.0048+/-0.0017,0.0048+/-0.0017,0.0048+/-0.0017,0.0048+/-0.0017,0.0048+/-0.0017,0.0048+/-0.0017,0.0048+/-0.0017,0.0048+/-0.0017,0.0048+/-0.0017,0.0048+/-0.0017,0.0048+/-0.0017,0.0048+/-0.0017,0.0048+/-0.0017,0.0048+/-0.0017,0.0048+/-0.0017,0.0048+/-0.0017,0.0048+/-0.0017,0.0048+/-0.0017,0.0048+/-0.0017,0.0048+/-0.0017,0.0048+/-0.0017,0.0048+/-0.0017
Samoa,6898,16611,0.0,0.0+/-0,0.0+/-0,0.0+/-0,0.0096+/-0.0034,0.0096+/-0.0034,0.0096+/-0.0034,0.0096+/-0.0034,0.0096+/-0.0034,0.0096+/-0.0034,0.0096+/-0.0034,0.0096+/-0.0034,0.0096+/-0.0034,0.0096+/-0.0034,0.0096+/-0.0034,0.0096+/-0.0034,0.0096+/-0.0034,0.0096+/-0.0034,0.0096+/-0.0034,0.0096+/-0.0034,0.0096+/-0.0034,0.0096+/-0.0034,0.0096+/-0.0034,0.0096+/-0.0034,0.0096+/-0.0034,0.0096+/-0.0034,0.0096+/-0.0034,0.0096+/-0.0034,0.0096+/-0.0034,0.0096+/-0.0034,0.0096+/-0.0034,0.0096+/-0.0034,0.0096+/-0.0034,0.0096+/-0.0034,0.0096+/-0.0034,0.0096+/-0.0034,0.0096+/-0.0034,0.0096+/-0.0034,0.0096+/-0.0034,0.0096+/-0.0034,0.0096+/-0.0034,0.0096+/-0.0034,0.0096+/-0.0034,0.0096+/-0.0034,0.0096+/-0.0034,0.0096+/-0.0034,0.0096+/-0.0034,0.0096+/-0.0034,0.0096+/-0.0034,0.0096+/-0.0034,0.0096+/-0.0034,0.0096+/-0.0034,0.0096+/-0.0034
Kosovo,56955,173151,0.0,0.00036+/-0.00019,0.0008+/-0.0004,0.0014+/-0.0007,0.079+/-0.029,0.080+/-0.029,0.083+/-0.029,0.084+/-0.029,0.085+/-0.029,0.085+/-0.029,0.086+/-0.029,0.086+/-0.029,0.086+/-0.029,0.086+/-0.029,0.086+/-0.029,0.086+/-0.029,0.086+/-0.029,0.086+/-0.029,0.086+/-0.029,0.086+/-0.029,0.086+/-0.029,0.086+/-0.029,0.086+/-0.029,0.086+/-0.029,0.086+/-0.029,0.086+/-0.029,0.086+/-0.029,0.086+/-0.029,0.086+/-0.029,0.086+/-0.029,0.086+/-0.029,0.086+/-0.029,0.086+/-0.029,0.086+/-0.029,0.086+/-0.029,0.086+/-0.029,0.086+/-0.029,0.086+/-0.029,0.086+/-0.029,0.086+/-0.029,0.086+/-0.029,0.086+/-0.029,0.086+/-0.029,0.086+/-0.029,0.086+/-0.029,0.086+/-0.029,0.086+/-0.029,0.086+/-0.029,0.086+/-0.029,0.086+/-0.029,0.086+/-0.029,0.086+/-0.029,0.086+/-0.029
Yemen,892076,2409340,0.0,0.0+/-0,0.0+/-0,0.0+/-0,(7.4+/-2.6)e-05,(7.4+/-2.6)e-05,(7.4+/-2.6)e-05,(7.4+/-2.6)e-05,(7.4+/-2.6)e-05,(7.4+/-2.6)e-05,(7.4+/-2.6)e-05,(7.4+/-2.6)e-05,(7.4+/-2.6)e-05,(7.4+/-2.6)e-05,(7.4+/-2.6)e-05,(7.4+/-2.6)e-05,(7.4+/-2.6)e-05,(7.4+/-2.6)e-05,(7.4+/-2.6)e-05,(7.4+/-2.6)e-05,(7.4+/-2.6)e-05,(7.4+/-2.6)e-05,(7.4+/-2.6)e-05,(7.4+/-2.6)e-05,(7.4+/-2.6)e-05,(7.4+/-2.6)e-05,(7.4+/-2.6)e-05,(7.4+/-2.6)e-05,(7.4+/-2.6)e-05,(7.4+/-2.6)e-05,(7.4+/-2.6)e-05,(7.4+/-2.6)e-05,(7.4+/-2.6)e-05,(7.4+/-2.6)e-05,(7.4+/-2.6)e-05,(7.4+/-2.6)e-05,(7.4+/-2.6)e-05,(7.4+/-2.6)e-05,(7.4+/-2.6)e-05,(7.4+/-2.6)e-05,(7.4+/-2.6)e-05,(7.4+/-2.6)e-05,(7.4+/-2.6)e-05,(7.4+/-2.6)e-05,(7.4+/-2.6)e-05,(7.4+/-2.6)e-05,(7.4+/-2.6)e-05,(7.4+/-2.6)e-05,(7.4+/-2.6)e-05,(7.4+/-2.6)e-05,(7.4+/-2.6)e-05,(7.4+/-2.6)e-05,(7.4+/-2.6)e-05
South Africa,2984546,9294658,0.0,0.00026+/-0.00014,0.00059+/-0.00031,0.0010+/-0.0005,0.053+/-0.019,0.056+/-0.019,0.059+/-0.019,0.062+/-0.019,0.064+/-0.019,0.067+/-0.019,0.069+/-0.019,0.071+/-0.019,0.073+/-0.019,0.075+/-0.019,0.077+/-0.019,0.079+/-0.019,0.080+/-0.019,0.082+/-0.019,0.084+/-0.019,0.086+/-0.019,0.088+/-0.019,0.090+/-0.019,0.092+/-0.020,0.093+/-0.020,0.095+/-0.020,0.097+/-0.020,0.099+/-0.020,0.101+/-0.020,0.103+/-0.020,0.105+/-0.020,0.106+/-0.020,0.108+/-0.020,0.110+/-0.020,0.112+/-0.021,0.114+/-0.021,0.116+/-0.021,0.118+/-0.021,0.120+/-0.021,0.121+/-0.021,0.123+/-0.021,0.125+/-0.021,0.127+/-0.022,0.129+/-0.022,0.131+/-0.022,0.133+/-0.022,0.134+/-0.022,0.136+/-0.022,0.138+/-0.022,0.140+/-0.023,0.142+/-0.023,0.144+/-0.023,0.146+/-0.023,0.148+/-0.023
Zambia,485805,1639768,0.0,0.0+/-0,0.0+/-0,0.0+/-0,0.0024+/-0.0009,0.0024+/-0.0009,0.0024+/-0.0009,0.0024+/-0.0009,0.0024+/-0.0009,0.0024+/-0.0009,0.0024+/-0.0009,0.0024+/-0.0009,0.0024+/-0.0009,0.0024+/-0.0009,0.0024+/-0.0009,0.0024+/-0.0009,0.0024+/-0.0009,0.0024+/-0.0009,0.0024+/-0.0009,0.0024+/-0.0009,0.0024+/-0.0009,0.0024+/-0.0009,0.0024+/-0.0009,0.0024+/-0.0009,0.0024+/-0.0009,0.0024+/-0.0009,0.0024+/-0.0009,0.0024+/-0.0009,0.0024+/-0.0009,0.0024+/-0.0009,0.0024+/-0.0009,0.0024+/-0.0009,0.0024+/-0.0009,0.0024+/-0.0009,0.0024+/-0.0009,0.0024+/-0.0009,0.0024+/-0.0009,0.0024+/-0.0009,0.0024+/-0.0009,0.0024+/-0.0009,0.0024+/-0.0009,0.0024+/-0.0009,0.0024+/-0.0009,0.0024+/-0.0009,0.0024+/-0.0009,0.0024+/-0.0009,0.0024+/-0.0009,0.0024+/-0.0009,0.0024+/-0.0009,0.0024+/-0.0009,0.0024+/-0.0009,0.0024+/-0.0009,0.0024+/-0.0009
Zimbabwe,492356,1465226,0.0,0.0+/-0,0.0+/-0,0.0+/-0,0.011+/-0.004,0.011+/-0.004,0.011+/-0.004,0.011+/-0.004,0.011+/-0.004,0.011+/-0.004,0.011+/-0.004,0.011+/-0.004,0.011+/-0.004,0.011+/-0.004,0.011+/-0.004,0.011+/-0.004,0.011+/-0.004,0.011+/-0.004,0.011+/-0.004,0.011+/-0.004,0.011+/-0.004,0.011+/-0.004,0.011+/-0.004,0.011+/-0.004,0.011+/-0.004,0.011+/-0.004,0.011+/-0.004,0.011+/-0.004,0.011+/-0.004,0.011+/-0.004,0.011+/-0.004,0.011+/-0.004,0.011+/-0.004,0.011+/-0.004,0.011+/-0.004,0.011+/-0.004,0.011+/-0.004,0.011+/-0.004,0.011+/-0.004,0.011+/-0.004,0.011+/-0.004,0.011+/-0.004,0.011+/-0.004,0.011+/-0.004,0.011+/-0.004,0.011+/-0.004,0.011+/-0.004,0.011+/-0.004,0.011+/-0.004,0.011+/-0.004,0.011+/-0.004,0.011+/-0.004,0.011+/-0.004
Australia and New Zealand,2366325,5272682,0.0,0.0008+/-0.0004,0.0017+/-0.0009,0.0029+/-0.0015,0.042+/-0.013,0.050+/-0.013,0.061+/-0.014,0.069+/-0.015,0.076+/-0.015,0.083+/-0.016,0.089+/-0.016,0.095+/-0.017,0.101+/-0.017,0.106+/-0.017,0.112+/-0.018,0.117+/-0.018,0.123+/-0.018,0.128+/-0.019,0.134+/-0.019,0.139+/-0.019,0.145+/-0.020,0.150+/-0.020,0.156+/-0.020,0.161+/-0.021,0.167+/-0.021,0.172+/-0.022,0.178+/-0.022,0.183+/-0.023,0.189+/-0.023,0.194+/-0.024,0.200+/-0.024,0.205+/-0.025,0.211+/-0.025,0.216+/-0.026,0.222+/-0.026,0.227+/-0.027,0.233+/-0.027,0.238+/-0.028,0.244+/-0.028,0.249+/-0.029,0.255+/-0.030,0.260+/-0.030,0.266+/-0.031,0.271+/-0.031,0.277+/-0.032,0.282+/-0.032,0.287+/-0.033,0.293+/-0.034,0.298+/-0.034,0.304+/-0.035,0.309+/-0.035,0.31+/-0.04,0.32+/-0.04
Caribbean,2247673,6734286,0.0,0.00131+/-0.00019,0.0027+/-0.0004,0.0042+/-0.0007,0.0081+/-0.0013,0.0101+/-0.0018,0.0131+/-0.0027,0.0150+/-0.0032,0.017+/-0.004,0.019+/-0.004,0.020+/-0.004,0.022+/-0.004,0.023+/-0.004,0.025+/-0.004,0.026+/-0.004,0.027+/-0.004,0.028+/-0.004,0.030+/-0.004,0.031+/-0.004,0.032+/-0.005,0.033+/-0.005,0.035+/-0.005,0.036+/-0.005,0.037+/-0.005,0.039+/-0.005,0.040+/-0.005,0.041+/-0.005,0.042+/-0.005,0.044+/-0.005,0.045+/-0.005,0.046+/-0.005,0.047+/-0.005,0.049+/-0.005,0.050+/-0.005,0.051+/-0.006,0.053+/-0.006,0.054+/-0.006,0.055+/-0.006,0.056+/-0.006,0.058+/-0.006,0.059+/-0.006,0.060+/-0.006,0.061+/-0.006,0.063+/-0.006,0.064+/-0.006,0.065+/-0.006,0.067+/-0.007,0.068+/-0.007,0.069+/-0.007,0.070+/-0.007,0.072+/-0.007,0.073+/-0.007,0.074+/-0.007
Central America,10923315,33415901,0.0,0.00062+/-0.00029,0.0014+/-0.0007,0.0023+/-0.0011,0.0091+/-0.0019,0.0147+/-0.0030,0.022+/-0.005,0.028+/-0.006,0.033+/-0.007,0.038+/-0.007,0.043+/-0.008,0.047+/-0.008,0.051+/-0.009,0.055+/-0.009,0.060+/-0.009,0.064+/-0.010,0.068+/-0.010,0.072+/-0.011,0.076+/-0.011,0.080+/-0.011,0.084+/-0.012,0.088+/-0.012,0.092+/-0.013,0.096+/-0.013,0.100+/-0.014,0.104+/-0.014,0.108+/-0.015,0.112+/-0.015,0.116+/-0.016,0.120+/-0.016,0.124+/-0.017,0.129+/-0.017,0.133+/-0.018,0.137+/-0.018,0.141+/-0.019,0.145+/-0.019,0.149+/-0.020,0.153+/-0.020,0.157+/-0.021,0.161+/-0.021,0.165+/-0.022,0.169+/-0.022,0.173+/-0.023,0.177+/-0.023,0.181+/-0.024,0.185+/-0.024,0.189+/-0.025,0.193+/-0.025,0.198+/-0.026,0.202+/-0.026,0.206+/-0.027,0.210+/-0.027,0.214+/-0.028
Central Asia,4395986,9548737,0.0,0.00021+/-0.00011,0.00048+/-0.00025,0.0008+/-0.0004,0.014+/-0.005,0.016+/-0.005,0.018+/-0.005,0.020+/-0.005,0.021+/-0.005,0.023+/-0.005,0.024+/-0.006,0.026+/-0.006,0.027+/-0.006,0.028+/-0.006,0.029+/-0.006,0.030+/-0.006,0.032+/-0.006,0.033+/-0.006,0.034+/-0.006,0.035+/-0.006,0.036+/-0.006,0.038+/-0.006,0.039+/-0.006,0.040+/-0.006,0.041+/-0.006,0.042+/-0.006,0.044+/-0.006,0.045+/-0.006,0.046+/-0.006,0.047+/-0.006,0.048+/-0.006,0.050+/-0.007,0.051+/-0.007,0.052+/-0.007,0.053+/-0.007,0.054+/-0.007,0.055+/-0.007,0.057+/-0.007,0.058+/-0.007,0.059+/-0.007,0.060+/-0.007,0.061+/-0.007,0.063+/-0.007,0.064+/-0.007,0.065+/-0.008,0.066+/-0.008,0.067+/-0.008,0.069+/-0.008,0.070+/-0.008,0.071+/-0.008,0.072+/-0.008,0.073+/-0.008,0.075+/-0.008
Eastern Africa,25738733,54309550,0.0,0.0+/-0,0.0+/-0,0.0+/-0,0.00035+/-0.00013,0.00035+/-0.00013,0.00035+/-0.00013,0.00035+/-0.00013,0.00035+/-0.00013,0.00035+/-0.00013,0.00035+/-0.00013,0.00035+/-0.00013,0.00035+/-0.00013,0.00035+/-0.00013,0.00035+/-0.00013,0.00035+/-0.00013,0.00035+/-0.00013,0.00035+/-0.00013,0.00035+/-0.00013,0.00035+/-0.00013,0.00035+/-0.00013,0.00035+/-0.00013,0.00035+/-0.00013,0.00035+/-0.00013,0.00035+/-0.00013,0.00035+/-0.00013,0.00035+/-0.00013,0.00035+/-0.00013,0.00035+/-0.00013,0.00035+/-0.00013,0.00035+/-0.00013,0.00035+/-0.00013,0.00035+/-0.00013,0.00035+/-0.00013,0.00035+/-0.00013,0.00035+/-0.00013,0.00035+/-0.00013,0.00035+/-0.00013,0.00035+/-0.00013,0.00035+/-0.00013,0.00035+/-0.00013,0.00035+/-0.00013,0.00035+/-0.00013,0.00035+/-0.00013,0.00035+/-0.00013,0.00035+/-0.00013,0.00035+/-0.00013,0.00035+/-0.00013,0.00035+/-0.00013,0.00035+/-0.00013,0.00035+/-0.00013,0.00035+/-0.00013,0.00035+/-0.00013
Eastern Asia,134092816,329015714,0.0,0.0048+/-0.0006,0.035+/-0.005,0.041+/-0.005,0.080+/-0.014,0.088+/-0.014,0.098+/-0.015,0.107+/-0.016,0.114+/-0.017,0.122+/-0.017,0.129+/-0.018,0.136+/-0.018,0.142+/-0.019,0.148+/-0.019,0.154+/-0.020,0.161+/-0.020,0.167+/-0.021,0.173+/-0.021,0.180+/-0.022,0.186+/-0.022,0.192+/-0.023,0.198+/-0.024,0.205+/-0.024,0.211+/-0.025,0.217+/-0.025,0.224+/-0.026,0.230+/-0.027,0.236+/-0.027,0.242+/-0.028,0.249+/-0.028,0.255+/-0.029,0.261+/-0.030,0.267+/-0.030,0.274+/-0.031,0.280+/-0.032,0.286+/-0.032,0.293+/-0.033,0.299+/-0.034,0.305+/-0.034,0.311+/-0.035,0.32+/-0.04,0.32+/-0.04,0.33+/-0.04,0.34+/-0.04,0.34+/-0.04,0.35+/-0.04,0.36+/-0.04,0.36+/-0.04,0.37+/-0.04,0.37+/-0.04,0.38+/-0.04,0.39+/-0.04,0.39+/-0.04
Eastern Europe,23045903,46852503,0.0,0.00040+/-0.00021,0.0009+/-0.0005,0.0015+/-0.0008,0.015+/-0.005,0.018+/-0.005,0.023+/-0.006,0.027+/-0.006,0.030+/-0.006,0.034+/-0.007,0.037+/-0.007,0.040+/-0.007,0.042+/-0.007,0.045+/-0.007,0.048+/-0.007,0.050+/-0.007,0.053+/-0.007,0.056+/-0.007,0.059+/-0.007,0.061+/-0.008,0.064+/-0.008,0.067+/-0.008,0.069+/-0.008,0.072+/-0.008,0.075+/-0.008,0.077+/-0.008,0.080+/-0.008,0.083+/-0.008,0.085+/-0.008,0.088+/-0.008,0.091+/-0.009,0.093+/-0.009,0.096+/-0.009,0.099+/-0.009,0.101+/-0.009,0.104+/-0.009,0.107+/-0.009,0.109+/-0.009,0.112+/-0.010,0.115+/-0.010,0.117+/-0.010,0.120+/-0.010,0.123+/-0.010,0.125+/-0.010,0.128+/-0.010,0.131+/-0.010,0.134+/-0.011,0.136+/-0.011,0.139+/-0.011,0.142+/-0.011,0.144+/-0.011,0.147+/-0.011,0.150+/-0.012
Melanesia,619305,1612683,0.0,(1.3+/-0.7)e-05,(2.9+/-1.5)e-05,(4.8+/-2.5)e-05,0.0026+/-0.0009,0.0027+/-0.0009,0.0027+/-0.0009,0.0028+/-0.0009,0.0028+/-0.0009,0.0028+/-0.0009,0.0028+/-0.0009,0.0029+/-0.0009,0.0029+/-0.0009,0.0029+/-0.0009,0.0029+/-0.0009,0.0029+/-0.0009,0.0029+/-0.0009,0.0029+/-0.0009,0.0029+/-0.0009,0.0029+/-0.0009,0.0029+/-0.0009,0.0029+/-0.0009,0.0029+/-0.0009,0.0029+/-0.0009,0.0029+/-0.0009,0.0029+/-0.0009,0.0029+/-0.0009,0.0029+/-0.0009,0.0029+/-0.0009,0.0029+/-0.0009,0.0029+/-0.0009,0.0029+/-0.0009,0.0029+/-0.0009,0.0029+/-0.0009,0.0029+/-0.0009,0.0029+/-0.0009,0.0029+/-0.0009,0.0029+/-0.0009,0.0029+/-0.0009,0.0029+/-0.0009,0.0029+/-0.0009,0.0029+/-0.0009,0.0029+/-0.0009,0.0029+/-0.0009,0.0029+/-0.0009,0.0029+/-0.0009,0.0029+/-0.0009,0.0029+/-0.0009,0.0029+/-0.0009,0.0029+/-0.0009,0.0029+/-0.0009,0.0029+/-0.0009,0.0029+/-0.0009
Micronesia,22462,58646,0.0,0.0+/-0,0.0+/-0,0.0+/-0,0.018+/-0.006,0.018+/-0.006,0.018+/-0.006,0.018+/-0.006,0.018+/-0.006,0.018+/-0.006,0.018+/-0.006,0.018+/-0.006,0.018+/-0.006,0.018+/-0.006,0.018+/-0.006,0.018+/-0.006,0.018+/-0.006,0.018+/-0.006,0.018+/-0.006,0.018+/-0.006,0.018+/-0.006,0.018+/-0.006,0.018+/-0.006,0.018+/-0.006,0.018+/-0.006,0.018+/-0.006,0.018+/-0.006,0.018+/-0.006,0.018+/-0.006,0.018+/-0.006,0.018+/-0.006,0.018+/-0.006,0.018+/-0.006,0.018+/-0.006,0.018+/-0.006,0.018+/-0.006,0.018+/-0.006,0.018+/-0.006,0.018+/-0.006,0.018+/-0.006,0.018+/-0.006,0.018+/-0.006,0.018+/-0.006,0.018+/-0.006,0.018+/-0.006,0.018+/-0.006,0.018+/-0.006,0.018+/-0.006,0.018+/-0.006,0.018+/-0.006,0.018+/-0.006,0.018+/-0.006,0.018+/-0.006
Middle Africa,9369410,19642360,0.0,0.0+/-0,0.0+/-0,0.0+/-0,(6.3+/-2.2)e-05,(6.3+/-2.2)e-05,(6.3+/-2.2)e-05,(6.3+/-2.2)e-05,(6.3+/-2.2)e-05,(6.3+/-2.2)e-05,(6.3+/-2.2)e-05,(6.3+/-2.2)e-05,(6.3+/-2.2)e-05,(6.3+/-2.2)e-05,(6.3+/-2.2)e-05,(6.3+/-2.2)e-05,(6.3+/-2.2)e-05,(6.3+/-2.2)e-05,(6.3+/-2.2)e-05,(6.3+/-2.2)e-05,(6.3+/-2.2)e-05,(6.3+/-2.2)e-05,(6.3+/-2.2)e-05,(6.3+/-2.2)e-05,(6.3+/-2.2)e-05,(6.3+/-2.2)e-05,(6.3+/-2.2)e-05,(6.3+/-2.2)e-05,(6.3+/-2.2)e-05,(6.3+/-2.2)e-05,(6.3+/-2.2)e-05,(6.3+/-2.2)e-05,(6.3+/-2.2)e-05,(6.3+/-2.2)e-05,(6.3+/-2.2)e-05,(6.3+/-2.2)e-05,(6.3+/-2.2)e-05,(6.3+/-2.2)e-05,(6.3+/-2.2)e-05,(6.3+/-2.2)e-05,(6.3+/-2.2)e-05,(6.3+/-2.2)e-05,(6.3+/-2.2)e-05,(6.3+/-2.2)e-05,(6.3+/-2.2)e-05,(6.3+/-2.2)e-05,(6.3+/-2.2)e-05,(6.3+/-2.2)e-05,(6.3+/-2.2)e-05,(6.3+/-2.2)e-05,(6.3+/-2.2)e-05,(6.3+/-2.2)e-05,(6.3+/-2.2)e-05
Northern Africa,12017413,29083184,0.0,0.00014+/-0.00007,0.00031+/-0.00016,0.00051+/-0.00027,0.0020+/-0.0006,0.0024+/-0.0008,0.0038+/-0.0012,0.0048+/-0.0014,0.0060+/-0.0016,0.0070+/-0.0017,0.0080+/-0.0018,0.0090+/-0.0019,0.0099+/-0.0019,0.0108+/-0.0019,0.0116+/-0.0020,0.0125+/-0.0020,0.0133+/-0.0020,0.0142+/-0.0021,0.0150+/-0.0021,0.0159+/-0.0021,0.0168+/-0.0022,0.0176+/-0.0022,0.0185+/-0.0023,0.0193+/-0.0023,0.0202+/-0.0024,0.0211+/-0.0024,0.0219+/-0.0025,0.0228+/-0.0025,0.0236+/-0.0026,0.0245+/-0.0026,0.0253+/-0.0027,0.0262+/-0.0027,0.0271+/-0.0028,0.0279+/-0.0029,0.0288+/-0.0029,0.0296+/-0.0030,0.0305+/-0.0030,0.0314+/-0.0031,0.0322+/-0.0032,0.0331+/-0.0032,0.0339+/-0.0033,0.0348+/-0.0034,0.0356+/-0.0034,0.0365+/-0.0035,0.037+/-0.004,0.038+/-0.004,0.039+/-0.004,0.040+/-0.004,0.041+/-0.004,0.042+/-0.004,0.043+/-0.004,0.043+/-0.004,0.044+/-0.004
Northern America,27021498,59574957,0.0,0.0109+/-0.0016,0.079+/-0.012,0.093+/-0.014,0.133+/-0.018,0.150+/-0.020,0.174+/-0.024,0.193+/-0.027,0.210+/-0.030,0.227+/-0.032,0.243+/-0.034,0.26+/-0.04,0.27+/-0.04,0.29+/-0.04,0.30+/-0.04,0.31+/-0.04,0.33+/-0.04,0.34+/-0.05,0.36+/-0.05,0.37+/-0.05,0.38+/-0.05,0.40+/-0.05,0.41+/-0.05,0.43+/-0.06,0.44+/-0.06,0.45+/-0.06,0.47+/-0.06,0.48+/-0.06,0.50+/-0.07,0.51+/-0.07,0.53+/-0.07,0.54+/-0.07,0.55+/-0.07,0.57+/-0.07,0.58+/-0.08,0.60+/-0.08,0.61+/-0.08,0.62+/-0.08,0.64+/-0.08,0.65+/-0.09,0.67+/-0.09,0.68+/-0.09,0.69+/-0.09,0.71+/-0.09,0.72+/-0.10,0.74+/-0.10,0.75+/-0.10,0.76+/-0.10,0.78+/-0.10,0.79+/-0.10,0.81+/-0.11,0.82+/-0.11,0.83+/-0.11
Northern Europe,7473021,16386328,0.0,0.040+/-0.006,0.29+/-0.04,0.34+/-0.05,0.40+/-0.06,0.46+/-0.07,0.55+/-0.08,0.63+/-0.10,0.69+/-0.11,0.76+/-0.12,0.82+/-0.12,0.88+/-0.13,0.93+/-0.14,0.99+/-0.14,1.04+/-0.15,1.09+/-0.15,1.15+/-0.16,1.20+/-0.17,1.25+/-0.17,1.31+/-0.18,1.36+/-0.18,1.42+/-0.19,1.47+/-0.20,1.52+/-0.20,1.58+/-0.21,1.63+/-0.22,1.68+/-0.22,1.74+/-0.23,1.79+/-0.24,1.85+/-0.24,1.90+/-0.25,1.95+/-0.26,2.01+/-0.26,2.06+/-0.27,2.11+/-0.28,2.17+/-0.28,2.22+/-0.29,2.28+/-0.30,2.33+/-0.30,2.38+/-0.31,2.44+/-0.32,2.49+/-0.32,2.54+/-0.33,2.60+/-0.34,2.65+/-0.35,2.70+/-0.35,2.8+/-0.4,2.8+/-0.4,2.9+/-0.4,2.9+/-0.4,3.0+/-0.4,3.0+/-0.4,3.1+/-0.4
Polynesia,33568,81723,0.0,0.0+/-0,0.0+/-0,0.0+/-0,0.012+/-0.004,0.012+/-0.004,0.012+/-0.004,0.012+/-0.004,0.012+/-0.004,0.012+/-0.004,0.012+/-0.004,0.012+/-0.004,0.012+/-0.004,0.012+/-0.004,0.012+/-0.004,0.012+/-0.004,0.012+/-0.004,0.012+/-0.004,0.012+/-0.004,0.012+/-0.004,0.012+/-0.004,0.012+/-0.004,0.012+/-0.004,0.012+/-0.004,0.012+/-0.004,0.012+/-0.004,0.012+/-0.004,0.012+/-0.004,0.012+/-0.004,0.012+/-0.004,0.012+/-0.004,0.012+/-0.004,0.012+/-0.004,0.012+/-0.004,0.012+/-0.004,0.012+/-0.004,0.012+/-0.004,0.012+/-0.004,0.012+/-0.004,0.012+/-0.004,0.012+/-0.004,0.012+/-0.004,0.012+/-0.004,0.012+/-0.004,0.012+/-0.004,0.012+/-0.004,0.012+/-0.004,0.012+/-0.004,0.012+/-0.004,0.012+/-0.004,0.012+/-0.004,0.012+/-0.004,0.012+/-0.004
South America,29355571,83849131,0.0,0.00032+/-0.00014,0.00072+/-0.00032,0.0012+/-0.0005,0.0029+/-0.0009,0.0038+/-0.0014,0.0068+/-0.0023,0.0094+/-0.0028,0.0118+/-0.0031,0.0140+/-0.0033,0.0161+/-0.0035,0.018+/-0.004,0.020+/-0.004,0.022+/-0.004,0.024+/-0.004,0.025+/-0.004,0.027+/-0.004,0.029+/-0.004,0.031+/-0.004,0.032+/-0.004,0.034+/-0.004,0.036+/-0.004,0.038+/-0.005,0.040+/-0.005,0.041+/-0.005,0.043+/-0.005,0.045+/-0.005,0.047+/-0.005,0.048+/-0.005,0.050+/-0.005,0.052+/-0.005,0.054+/-0.005,0.056+/-0.006,0.057+/-0.006,0.059+/-0.006,0.061+/-0.006,0.063+/-0.006,0.064+/-0.006,0.066+/-0.006,0.068+/-0.007,0.070+/-0.007,0.072+/-0.007,0.073+/-0.007,0.075+/-0.007,0.077+/-0.007,0.079+/-0.007,0.080+/-0.007,0.082+/-0.008,0.084+/-0.008,0.086+/-0.008,0.088+/-0.008,0.089+/-0.008,0.091+/-0.008
South-eastern Asia,54372904,138751581,0.0,0.00023+/-0.00011,0.00051+/-0.00025,0.0011+/-0.0004,0.0095+/-0.0029,0.0115+/-0.0030,0.0144+/-0.0033,0.0166+/-0.0035,0.019+/-0.004,0.020+/-0.004,0.022+/-0.004,0.024+/-0.004,0.026+/-0.004,0.027+/-0.004,0.029+/-0.004,0.030+/-0.004,0.032+/-0.004,0.033+/-0.004,0.035+/-0.004,0.036+/-0.004,0.038+/-0.004,0.039+/-0.004,0.041+/-0.004,0.042+/-0.004,0.044+/-0.004,0.046+/-0.004,0.047+/-0.005,0.049+/-0.005,0.050+/-0.005,0.052+/-0.005,0.053+/-0.005,0.055+/-0.005,0.056+/-0.005,0.058+/-0.005,0.059+/-0.005,0.061+/-0.005,0.062+/-0.005,0.064+/-0.005,0.066+/-0.005,0.067+/-0.005,0.069+/-0.005,0.070+/-0.005,0.072+/-0.006,0.073+/-0.006,0.075+/-0.006,0.076+/-0.006,0.078+/-0.006,0.079+/-0.006,0.081+/-0.006,0.082+/-0.006,0.084+/-0.006,0.086+/-0.006,0.087+/-0.006
Southern Africa,3414558,10510151,0.0,0.00023+/-0.00012,0.00051+/-0.00027,0.0009+/-0.0004,0.047+/-0.017,0.050+/-0.017,0.053+/-0.017,0.055+/-0.017,0.057+/-0.017,0.059+/-0.017,0.061+/-0.017,0.063+/-0.017,0.065+/-0.017,0.066+/-0.017,0.068+/-0.017,0.070+/-0.017,0.071+/-0.017,0.073+/-0.017,0.074+/-0.017,0.076+/-0.017,0.078+/-0.017,0.079+/-0.017,0.081+/-0.017,0.083+/-0.017,0.084+/-0.018,0.086+/-0.018,0.087+/-0.018,0.089+/-0.018,0.091+/-0.018,0.092+/-0.018,0.094+/-0.018,0.096+/-0.018,0.097+/-0.018,0.099+/-0.018,0.101+/-0.018,0.102+/-0.018,0.104+/-0.019,0.105+/-0.019,0.107+/-0.019,0.109+/-0.019,0.110+/-0.019,0.112+/-0.019,0.114+/-0.019,0.115+/-0.019,0.117+/-0.019,0.118+/-0.020,0.120+/-0.020,0.122+/-0.020,0.123+/-0.020,0.125+/-0.020,0.127+/-0.020,0.128+/-0.020,0.130+/-0.021
Southern Asia,152774494,291437630,0.0,0.000116+/-0.000035,0.00025+/-0.00008,0.00074+/-0.00014,0.0070+/-0.0021,0.0076+/-0.0022,0.0085+/-0.0022,0.0092+/-0.0022,0.0098+/-0.0023,0.0104+/-0.0023,0.0110+/-0.0023,0.0115+/-0.0023,0.0120+/-0.0024,0.0125+/-0.0024,0.0130+/-0.0024,0.0135+/-0.0024,0.0140+/-0.0024,0.0144+/-0.0024,0.0149+/-0.0024,0.0154+/-0.0025,0.0159+/-0.0025,0.0164+/-0.0025,0.0169+/-0.0025,0.0174+/-0.0025,0.0179+/-0.0026,0.0183+/-0.0026,0.0188+/-0.0026,0.0193+/-0.0026,0.0198+/-0.0027,0.0203+/-0.0027,0.0208+/-0.0027,0.0213+/-0.0027,0.0217+/-0.0028,0.0222+/-0.0028,0.0227+/-0.0028,0.0232+/-0.0029,0.0237+/-0.0029,0.0242+/-0.0029,0.0247+/-0.0030,0.0251+/-0.0030,0.0256+/-0.0030,0.0261+/-0.0031,0.0266+/-0.0031,0.0271+/-0.0031,0.0276+/-0.0032,0.0281+/-0.0032,0.0285+/-0.0033,0.0290+/-0.0033,0.0295+/-0.0033,0.0300+/-0.0034,0.0305+/-0.0034,0.0310+/-0.0034,0.0315+/-0.0035
Southern Europe,10239028,24154381,0.0,0.0011+/-0.0005,0.0071+/-0.0013,0.0132+/-0.0023,0.027+/-0.004,0.035+/-0.006,0.048+/-0.009,0.058+/-0.010,0.068+/-0.012,0.076+/-0.013,0.085+/-0.014,0.093+/-0.014,0.100+/-0.015,0.107+/-0.015,0.114+/-0.015,0.122+/-0.016,0.129+/-0.016,0.136+/-0.017,0.143+/-0.017,0.150+/-0.018,0.158+/-0.018,0.165+/-0.019,0.172+/-0.019,0.179+/-0.020,0.187+/-0.021,0.194+/-0.021,0.201+/-0.022,0.208+/-0.022,0.215+/-0.023,0.223+/-0.023,0.230+/-0.024,0.237+/-0.025,0.244+/-0.025,0.252+/-0.026,0.259+/-0.027,0.266+/-0.027,0.273+/-0.028,0.280+/-0.029,0.288+/-0.029,0.295+/-0.030,0.302+/-0.031,0.309+/-0.031,0.317+/-0.032,0.324+/-0.032,0.331+/-0.033,0.338+/-0.034,0.345+/-0.035,0.353+/-0.035,0.36+/-0.04,0.37+/-0.04,0.37+/-0.04,0.38+/-0.04,0.39+/-0.04
Western Africa,17250115,47388443,0.0,0.00031+/-0.00005,0.00063+/-0.00010,0.00097+/-0.00016,0.00152+/-0.00024,0.00196+/-0.00034,0.0026+/-0.0005,0.0030+/-0.0006,0.0034+/-0.0007,0.0038+/-0.0008,0.0041+/-0.0008,0.0044+/-0.0009,0.0046+/-0.0009,0.0049+/-0.0009,0.0051+/-0.0009,0.0054+/-0.0009,0.0056+/-0.0010,0.0059+/-0.0010,0.0062+/-0.0010,0.0064+/-0.0010,0.0067+/-0.0011,0.0069+/-0.0011,0.0072+/-0.0011,0.0074+/-0.0011,0.0077+/-0.0012,0.0079+/-0.0012,0.0082+/-0.0012,0.0084+/-0.0013,0.0087+/-0.0013,0.0089+/-0.0013,0.0092+/-0.0013,0.0094+/-0.0014,0.0097+/-0.0014,0.0099+/-0.0014,0.0102+/-0.0015,0.0104+/-0.0015,0.0107+/-0.0015,0.0109+/-0.0016,0.0112+/-0.0016,0.0114+/-0.0016,0.0117+/-0.0017,0.0119+/-0.0017,0.0122+/-0.0017,0.0124+/-0.0018,0.0127+/-0.0018,0.0129+/-0.0018,0.0132+/-0.0019,0.0134+/-0.0019,0.0137+/-0.0019,0.0139+/-0.0020,0.0142+/-0.0020,0.0144+/-0.0020,0.0147+/-0.0021
Western Asia,15940382,39023753,0.0,0.00068+/-0.00029,0.0020+/-0.0007,0.0034+/-0.0011,0.0106+/-0.0026,0.0146+/-0.0034,0.020+/-0.005,0.025+/-0.006,0.028+/-0.007,0.031+/-0.007,0.034+/-0.007,0.037+/-0.008,0.039+/-0.008,0.042+/-0.008,0.044+/-0.008,0.046+/-0.008,0.049+/-0.008,0.051+/-0.008,0.053+/-0.008,0.056+/-0.008,0.058+/-0.008,0.060+/-0.008,0.063+/-0.008,0.065+/-0.008,0.067+/-0.008,0.070+/-0.009,0.072+/-0.009,0.074+/-0.009,0.077+/-0.009,0.079+/-0.009,0.081+/-0.009,0.084+/-0.009,0.086+/-0.009,0.088+/-0.009,0.091+/-0.009,0.093+/-0.010,0.095+/-0.010,0.098+/-0.010,0.100+/-0.010,0.102+/-0.010,0.105+/-0.010,0.107+/-0.010,0.109+/-0.010,0.112+/-0.011,0.114+/-0.011,0.116+/-0.011,0.118+/-0.011,0.121+/-0.011,0.123+/-0.011,0.125+/-0.011,0.128+/-0.011,0.130+/-0.012,0.132+/-0.012
Western Europe,14939189,31147282,0.0,0.0101+/-0.0012,0.068+/-0.008,0.081+/-0.010,0.104+/-0.012,0.122+/-0.014,0.145+/-0.018,0.164+/-0.021,0.182+/-0.024,0.198+/-0.025,0.214+/-0.027,0.230+/-0.028,0.243+/-0.029,0.257+/-0.030,0.271+/-0.031,0.285+/-0.032,0.299+/-0.033,0.313+/-0.034,0.327+/-0.035,0.34+/-0.04,0.35+/-0.04,0.37+/-0.04,0.38+/-0.04,0.40+/-0.04,0.41+/-0.04,0.42+/-0.04,0.44+/-0.04,0.45+/-0.04,0.47+/-0.05,0.48+/-0.05,0.49+/-0.05,0.51+/-0.05,0.52+/-0.05,0.53+/-0.05,0.55+/-0.05,0.56+/-0.05,0.58+/-0.05,0.59+/-0.06,0.60+/-0.06,0.62+/-0.06,0.63+/-0.06,0.65+/-0.06,0.66+/-0.06,0.67+/-0.06,0.69+/-0.06,0.70+/-0.07,0.71+/-0.07,0.73+/-0.07,0.74+/-0.07,0.76+/-0.07,0.77+/-0.07,0.78+/-0.07,0.80+/-0.07
Global,557653669,1277851606,0.0,0.00265+/-0.00030,0.0184+/-0.0018,0.0220+/-0.0020,0.039+/-0.005,0.044+/-0.006,0.051+/-0.007,0.057+/-0.007,0.062+/-0.008,0.067+/-0.008,0.072+/-0.008,0.076+/-0.009,0.080+/-0.009,0.085+/-0.009,0.089+/-0.009,0.093+/-0.009,0.097+/-0.009,0.101+/-0.009,0.105+/-0.009,0.109+/-0.009,0.113+/-0.010,0.117+/-0.010,0.122+/-0.010,0.126+/-0.010,0.130+/-0.010,0.134+/-0.010,0.138+/-0.010,0.142+/-0.011,0.146+/-0.011,0.150+/-0.011,0.155+/-0.011,0.159+/-0.011,0.163+/-0.011,0.167+/-0.012,0.171+/-0.012,0.175+/-0.012,0.179+/-0.012,0.183+/-0.012,0.188+/-0.012,0.192+/-0.013,0.196+/-0.013,0.200+/-0.013,0.204+/-0.013,0.208+/-0.013,0.212+/-0.013,0.216+/-0.014,0.221+/-0.014,0.225+/-0.014,0.229+/-0.014,0.233+/-0.014,0.237+/-0.015,0.241+/-0.015,0.245+/-0.015
